Voltage,Current,Temperature,Elapsed Time,Cycle,WhAccu,SOC,Source_File,Charging_Session
3.01141,0.15069,-0.63095,0.0,0.0,-9.66688,0.0,585_C20DisCh.csv,4
3.03281,0.14814,-0.52579,60.0,0.0,-9.6594,0.0,585_C20DisCh.csv,4
3.05169,0.14814,-0.52579,120.0,0.0,-9.65186,0.0,585_C20DisCh.csv,4
3.06872,0.14814,-0.52579,180.0,0.0,-9.64431,0.0,585_C20DisCh.csv,4
3.08456,0.14814,-0.52579,240.0,0.0,-9.6367,0.0,585_C20DisCh.csv,4
3.09906,0.14814,-0.52579,300.0,0.0,-9.62904,0.0,585_C20DisCh.csv,4
3.11288,0.14814,-0.52579,360.0,0.0,-9.62136,0.0,585_C20DisCh.csv,4
3.12569,0.14814,-0.52579,420.0,0.0,-9.61364,0.0,585_C20DisCh.csv,4
3.138,0.14814,-0.52579,480.0,0.0,-9.60591,0.0,585_C20DisCh.csv,4
3.1498,0.14814,-0.63095,540.0,0.0,-9.5981,0.0,585_C20DisCh.csv,4
3.16075,0.14814,-0.52579,600.0,0.0,-9.59028,0.0,585_C20DisCh.csv,4
3.17154,0.14814,-0.52579,660.0,0.0,-9.58246,0.0,585_C20DisCh.csv,4
3.18166,0.14814,-0.52579,720.0,0.0,-9.57459,0.0,585_C20DisCh.csv,4
3.19143,0.15069,-0.52579,780.0,0.0,-9.5667,0.0,585_C20DisCh.csv,4
3.20087,0.14814,-0.52579,840.0,0.0,-9.55879,0.0,585_C20DisCh.csv,4
3.20981,0.14814,-0.63095,900.0,0.0,-9.55087,0.0,585_C20DisCh.csv,4
3.21874,0.14814,-0.63095,960.0,0.0,-9.54292,0.0,585_C20DisCh.csv,4
3.22717,0.14814,-0.42063,1020.0,0.0,-9.53494,0.0,585_C20DisCh.csv,4
3.23526,0.14814,-0.52579,1080.0,0.0,-9.52696,0.0,585_C20DisCh.csv,4
3.24318,0.14814,-0.52579,1140.0,0.0,-9.51894,0.0,585_C20DisCh.csv,4
3.25094,0.14814,-0.42063,1200.0,0.0,-9.51091,0.0,585_C20DisCh.csv,4
3.25835,0.14814,-0.42063,1260.0,0.0,-9.50287,0.0,585_C20DisCh.csv,4
3.26543,0.14814,-0.52579,1320.0,0.0,-9.49481,0.0,585_C20DisCh.csv,4
3.27251,0.14814,-0.63095,1380.0,0.0,-9.48672,0.0,585_C20DisCh.csv,4
3.27942,0.14814,-0.63095,1440.0,0.0,-9.4786,0.0,585_C20DisCh.csv,4
3.286,0.14814,-0.52579,1500.0,0.0,-9.4705,0.0,585_C20DisCh.csv,4
3.2924,0.14814,-0.42063,1560.0,0.0,-9.46235,0.0,585_C20DisCh.csv,4
3.29864,0.14814,-0.42063,1620.0,0.0,-9.4542,0.0,585_C20DisCh.csv,4
3.30454,0.14814,-0.52579,1680.0,0.0,-9.44604,0.0,585_C20DisCh.csv,4
3.31044,0.14814,-0.63095,1740.0,0.0,-9.43787,0.0,585_C20DisCh.csv,4
3.31617,0.15069,-0.52579,1800.0,0.0,-9.42967,0.0,585_C20DisCh.csv,4
3.32173,0.14814,-0.52579,1860.0,0.0,-9.42145,0.0,585_C20DisCh.csv,4
3.32713,0.14814,-0.63095,1920.0,0.0,-9.41324,0.0,585_C20DisCh.csv,4
3.33235,0.14814,-0.52579,1980.0,0.0,-9.405,0.0,585_C20DisCh.csv,4
3.33758,0.14814,-0.42063,2040.0,0.0,-9.39675,0.0,585_C20DisCh.csv,4
3.34247,0.14814,-0.52579,2100.0,0.0,-9.38849,0.0,585_C20DisCh.csv,4
3.34735,0.14814,-0.63095,2160.0,0.0,-9.3802,0.0,585_C20DisCh.csv,4
3.35191,0.14814,-0.63095,2220.0,0.0,-9.37193,0.0,585_C20DisCh.csv,4
3.35663,0.15069,-0.63095,2280.0,0.0,-9.36363,0.0,585_C20DisCh.csv,4
3.36101,0.14814,-0.63095,2340.0,0.0,-9.35532,0.0,585_C20DisCh.csv,4
3.36522,0.14814,-0.52579,2400.0,0.0,-9.347,0.0,585_C20DisCh.csv,4
3.36927,0.15069,-0.52579,2460.0,0.0,-9.33867,0.0,585_C20DisCh.csv,4
3.37331,0.14814,-0.52579,2520.0,0.0,-9.33034,0.0,585_C20DisCh.csv,4
3.37702,0.15069,-0.42063,2580.0,0.0,-9.32198,0.0,585_C20DisCh.csv,4
3.38056,0.14814,-0.52579,2640.0,0.0,-9.31361,0.0,585_C20DisCh.csv,4
3.3841,0.14814,-0.52579,2700.0,0.0,-9.30524,0.0,585_C20DisCh.csv,4
3.3873,0.14814,-0.52579,2760.0,0.0,-9.29688,0.0,585_C20DisCh.csv,4
3.39051,0.14814,-0.52579,2820.0,0.0,-9.28849,0.0,585_C20DisCh.csv,4
3.39337,0.14814,-0.42063,2880.0,0.0,-9.28009,0.0,585_C20DisCh.csv,4
3.39624,0.14814,-0.52579,2940.0,0.0,-9.2717,0.0,585_C20DisCh.csv,4
3.39877,0.14814,-0.52579,3000.0,0.0,-9.26326,0.0,585_C20DisCh.csv,4
3.4013,0.14814,-0.52579,3060.0,0.0,-9.25485,0.0,585_C20DisCh.csv,4
3.40365,0.14814,-0.63095,3120.0,0.0,-9.24644,0.0,585_C20DisCh.csv,4
3.40601,0.14814,-0.52579,3180.0,0.0,-9.23802,0.0,585_C20DisCh.csv,4
3.40821,0.15069,-0.52579,3240.0,0.0,-9.2295,0.0,585_C20DisCh.csv,4
3.41023,0.14814,-0.42063,3300.0,0.0,-9.22106,0.0,585_C20DisCh.csv,4
3.41225,0.14814,-0.52579,3360.0,0.0,-9.21262,0.0,585_C20DisCh.csv,4
3.41427,0.14814,-0.52579,3420.0,0.0,-9.20417,0.0,585_C20DisCh.csv,4
3.4163,0.14814,-0.52579,3480.0,0.0,-9.19573,0.0,585_C20DisCh.csv,4
3.41832,0.14814,-0.52579,3540.0,0.0,-9.18727,0.0,585_C20DisCh.csv,4
3.42034,0.14814,-0.52579,3600.0,0.0,-9.17882,0.0,585_C20DisCh.csv,4
3.42237,0.14814,-0.52579,3660.0,0.0,-9.17035,0.0,585_C20DisCh.csv,4
3.42422,0.14814,-0.52579,3720.0,0.0,-9.16188,0.0,585_C20DisCh.csv,4
3.42624,0.14814,-0.52579,3780.0,0.0,-9.15342,0.0,585_C20DisCh.csv,4
3.42827,0.14814,-0.52579,3840.0,0.0,-9.14494,0.0,585_C20DisCh.csv,4
3.43012,0.15069,-0.42063,3900.0,0.0,-9.13646,0.0,585_C20DisCh.csv,4
3.43197,0.14814,-0.42063,3960.0,0.0,-9.12797,0.0,585_C20DisCh.csv,4
3.43383,0.15069,-0.52579,4020.0,0.0,-9.11946,0.0,585_C20DisCh.csv,4
3.43585,0.14814,-0.52579,4080.0,0.0,-9.11087,0.0,585_C20DisCh.csv,4
3.4377,0.14814,-0.52579,4140.0,0.0,-9.10232,0.0,585_C20DisCh.csv,4
3.43973,0.14814,-0.73611,4200.0,0.0,-9.09379,0.0,585_C20DisCh.csv,4
3.44158,0.14814,-0.63095,4260.0,0.0,-9.08526,0.0,585_C20DisCh.csv,4
3.44344,0.14814,-0.63095,4320.0,0.0,-9.07675,0.0,585_C20DisCh.csv,4
3.44512,0.15069,-0.52579,4380.0,0.0,-9.06821,0.0,585_C20DisCh.csv,4
3.44698,0.14814,-0.52579,4440.0,0.0,-9.05964,0.0,585_C20DisCh.csv,4
3.44866,0.14814,-0.73611,4500.0,0.0,-9.05111,0.0,585_C20DisCh.csv,4
3.45052,0.14814,-0.52579,4560.0,0.0,-9.04258,0.0,585_C20DisCh.csv,4
3.4522,0.14814,-0.73611,4620.0,0.0,-9.03405,0.0,585_C20DisCh.csv,4
3.45406,0.15069,-0.63095,4680.0,0.0,-9.02551,0.0,585_C20DisCh.csv,4
3.45574,0.14814,-0.52579,4740.0,0.0,-9.01696,0.0,585_C20DisCh.csv,4
3.45726,0.14814,-0.52579,4800.0,0.0,-9.0084,0.0,585_C20DisCh.csv,4
3.45878,0.14814,-0.42063,4860.0,0.0,-8.99983,0.0,585_C20DisCh.csv,4
3.46029,0.15069,-0.52579,4920.0,0.0,-8.99127,0.0,585_C20DisCh.csv,4
3.46181,0.14814,-0.63095,4980.0,0.0,-8.98271,0.0,585_C20DisCh.csv,4
3.46316,0.14814,-0.63095,5040.0,0.0,-8.97414,0.0,585_C20DisCh.csv,4
3.46451,0.14814,-0.73611,5100.0,0.0,-8.96557,0.0,585_C20DisCh.csv,4
3.46569,0.14814,-0.63095,5160.0,0.0,-8.957,0.0,585_C20DisCh.csv,4
3.46687,0.14814,-0.52579,5220.0,0.0,-8.94842,0.0,585_C20DisCh.csv,4
3.46788,0.15069,-0.52579,5280.0,0.0,-8.93983,0.0,585_C20DisCh.csv,4
3.46889,0.14814,-0.42063,5340.0,0.0,-8.93125,0.0,585_C20DisCh.csv,4
3.46973,0.14814,-0.73611,5400.0,0.0,-8.92269,0.0,585_C20DisCh.csv,4
3.47074,0.14814,-0.73611,5460.0,0.0,-8.9141,0.0,585_C20DisCh.csv,4
3.47159,0.14814,-0.63095,5520.0,0.0,-8.90551,0.0,585_C20DisCh.csv,4
3.47226,0.14814,-0.52579,5580.0,0.0,-8.89692,0.0,585_C20DisCh.csv,4
3.4731,0.15069,-0.42063,5640.0,0.0,-8.88832,0.0,585_C20DisCh.csv,4
3.47378,0.14814,-0.52579,5700.0,0.0,-8.87967,0.0,585_C20DisCh.csv,4
3.47445,0.14814,-0.73611,5760.0,0.0,-8.87109,0.0,585_C20DisCh.csv,4
3.47529,0.14814,-0.73611,5820.0,0.0,-8.8625,0.0,585_C20DisCh.csv,4
3.47597,0.14814,-0.63095,5880.0,0.0,-8.85392,0.0,585_C20DisCh.csv,4
3.47664,0.14814,-0.52579,5940.0,0.0,-8.84531,0.0,585_C20DisCh.csv,4
3.47732,0.14814,-0.42063,6000.0,0.0,-8.83672,0.0,585_C20DisCh.csv,4
3.47799,0.14814,-0.42063,6060.0,0.0,-8.82813,0.0,585_C20DisCh.csv,4
3.47867,0.14814,-0.42063,6120.0,0.0,-8.81952,0.0,585_C20DisCh.csv,4
3.47934,0.14814,-0.73611,6180.0,0.0,-8.81091,0.0,585_C20DisCh.csv,4
3.48001,0.14814,-0.63095,6240.0,0.0,-8.8023,0.0,585_C20DisCh.csv,4
3.48069,0.14814,-0.63095,6300.0,0.0,-8.79367,0.0,585_C20DisCh.csv,4
3.48119,0.14814,-0.42063,6360.0,0.0,-8.78506,0.0,585_C20DisCh.csv,4
3.48187,0.14814,-0.21032,6420.0,0.0,-8.77644,0.0,585_C20DisCh.csv,4
3.48237,0.15069,-0.42063,6480.0,0.0,-8.76782,0.0,585_C20DisCh.csv,4
3.48322,0.15069,-0.94643,6540.0,0.0,-8.7592,0.0,585_C20DisCh.csv,4
3.48389,0.14814,-0.84127,6600.0,0.0,-8.75058,0.0,585_C20DisCh.csv,4
3.48457,0.15069,-0.63095,6660.0,0.0,-8.74197,0.0,585_C20DisCh.csv,4
3.48524,0.14814,-0.52579,6720.0,0.0,-8.73335,0.0,585_C20DisCh.csv,4
3.48575,0.14814,-0.31548,6780.0,0.0,-8.72472,0.0,585_C20DisCh.csv,4
3.48625,0.14814,-0.10516,6840.0,0.0,-8.71611,0.0,585_C20DisCh.csv,4
3.48693,0.14814,-0.42063,6900.0,0.0,-8.7075,0.0,585_C20DisCh.csv,4
3.4876,0.14814,-1.15674,6960.0,0.0,-8.69887,0.0,585_C20DisCh.csv,4
3.48844,0.14814,-0.84127,7020.0,0.0,-8.69025,0.0,585_C20DisCh.csv,4
3.48912,0.14814,-0.73611,7080.0,0.0,-8.68163,0.0,585_C20DisCh.csv,4
3.48962,0.14814,-0.63095,7140.0,0.0,-8.67298,0.0,585_C20DisCh.csv,4
3.4903,0.14814,-0.31548,7200.0,0.0,-8.66434,0.0,585_C20DisCh.csv,4
3.4908,0.14814,-0.21032,7260.0,0.0,-8.65571,0.0,585_C20DisCh.csv,4
3.49148,0.14814,-0.52579,7320.0,0.0,-8.64704,0.0,585_C20DisCh.csv,4
3.49215,0.14814,-1.05159,7380.0,0.0,-8.63832,0.0,585_C20DisCh.csv,4
3.49283,0.14814,-0.84127,7440.0,0.0,-8.62969,0.0,585_C20DisCh.csv,4
3.4935,0.15069,-0.52579,7500.0,0.0,-8.62105,0.0,585_C20DisCh.csv,4
3.49401,0.14814,-0.42063,7560.0,0.0,-8.61238,0.0,585_C20DisCh.csv,4
3.49468,0.14814,-0.21032,7620.0,0.0,-8.60374,0.0,585_C20DisCh.csv,4
3.49535,0.14814,-0.73611,7680.0,0.0,-8.59508,0.0,585_C20DisCh.csv,4
3.49603,0.14814,-0.73611,7740.0,0.0,-8.58644,0.0,585_C20DisCh.csv,4
3.4967,0.14814,-0.63095,7800.0,0.0,-8.57779,0.0,585_C20DisCh.csv,4
3.49721,0.14814,-0.52579,7860.0,0.0,-8.56914,0.0,585_C20DisCh.csv,4
3.49788,0.14814,-0.31548,7920.0,0.0,-8.56049,0.0,585_C20DisCh.csv,4
3.49856,0.14814,-0.52579,7980.0,0.0,-8.55185,0.0,585_C20DisCh.csv,4
3.49923,0.14814,-0.63095,8040.0,0.0,-8.54321,0.0,585_C20DisCh.csv,4
3.49991,0.14814,-0.73611,8100.0,0.0,-8.53457,0.0,585_C20DisCh.csv,4
3.50058,0.14814,-0.63095,8160.0,0.0,-8.52585,0.0,585_C20DisCh.csv,4
3.50125,0.14814,-0.52579,8220.0,0.0,-8.5172,0.0,585_C20DisCh.csv,4
3.50176,0.14814,-0.42063,8280.0,0.0,-8.50853,0.0,585_C20DisCh.csv,4
3.50243,0.15069,-0.52579,8340.0,0.0,-8.49988,0.0,585_C20DisCh.csv,4
3.50311,0.14814,-0.63095,8400.0,0.0,-8.49121,0.0,585_C20DisCh.csv,4
3.50378,0.14814,-0.52579,8460.0,0.0,-8.48255,0.0,585_C20DisCh.csv,4
3.50446,0.14814,-0.63095,8520.0,0.0,-8.47388,0.0,585_C20DisCh.csv,4
3.50513,0.14814,-0.52579,8580.0,0.0,-8.4652,0.0,585_C20DisCh.csv,4
3.50581,0.14814,-0.63095,8640.0,0.0,-8.45654,0.0,585_C20DisCh.csv,4
3.50648,0.15069,-0.63095,8700.0,0.0,-8.44786,0.0,585_C20DisCh.csv,4
3.50732,0.14814,-0.52579,8760.0,0.0,-8.4392,0.0,585_C20DisCh.csv,4
3.508,0.15069,-0.52579,8820.0,0.0,-8.43052,0.0,585_C20DisCh.csv,4
3.50867,0.14814,-0.52579,8880.0,0.0,-8.42183,0.0,585_C20DisCh.csv,4
3.50934,0.14814,-0.52579,8940.0,0.0,-8.41316,0.0,585_C20DisCh.csv,4
3.51002,0.14814,-0.52579,9000.0,0.0,-8.40448,0.0,585_C20DisCh.csv,4
3.51086,0.14814,-0.52579,9060.0,0.0,-8.3958,0.0,585_C20DisCh.csv,4
3.51154,0.14814,-0.63095,9120.0,0.0,-8.38712,0.0,585_C20DisCh.csv,4
3.51221,0.15069,-0.52579,9180.0,0.0,-8.37838,0.0,585_C20DisCh.csv,4
3.51288,0.14814,-0.63095,9240.0,0.0,-8.36968,0.0,585_C20DisCh.csv,4
3.51373,0.14814,-0.42063,9300.0,0.0,-8.36099,0.0,585_C20DisCh.csv,4
3.5144,0.14814,-0.42063,9360.0,0.0,-8.35231,0.0,585_C20DisCh.csv,4
3.51524,0.14814,-0.52579,9420.0,0.0,-8.34362,0.0,585_C20DisCh.csv,4
3.51609,0.14814,-0.73611,9480.0,0.0,-8.33493,0.0,585_C20DisCh.csv,4
3.51676,0.14814,-0.52579,9540.0,0.0,-8.32622,0.0,585_C20DisCh.csv,4
3.5176,0.14814,-0.42063,9600.0,0.0,-8.31749,0.0,585_C20DisCh.csv,4
3.51845,0.15069,-0.31548,9660.0,0.0,-8.30879,0.0,585_C20DisCh.csv,4
3.51929,0.14814,-0.31548,9720.0,0.0,-8.30001,0.0,585_C20DisCh.csv,4
3.51996,0.14814,-0.42063,9780.0,0.0,-8.2913,0.0,585_C20DisCh.csv,4
3.52098,0.14814,-0.84127,9840.0,0.0,-8.28261,0.0,585_C20DisCh.csv,4
3.52182,0.14814,-0.63095,9900.0,0.0,-8.27389,0.0,585_C20DisCh.csv,4
3.52266,0.15069,-0.52579,9960.0,0.0,-8.26516,0.0,585_C20DisCh.csv,4
3.52367,0.14814,-0.52579,10020.0,0.0,-8.25645,0.0,585_C20DisCh.csv,4
3.52452,0.14814,-0.21032,10080.0,0.0,-8.24773,0.0,585_C20DisCh.csv,4
3.52536,0.14814,-0.63095,10140.0,0.0,-8.23901,0.0,585_C20DisCh.csv,4
3.52637,0.14814,-1.05159,10200.0,0.0,-8.23029,0.0,585_C20DisCh.csv,4
3.52738,0.14814,-0.84127,10260.0,0.0,-8.22156,0.0,585_C20DisCh.csv,4
3.52839,0.14814,-0.52579,10320.0,0.0,-8.21283,0.0,585_C20DisCh.csv,4
3.52924,0.14814,-0.31548,10380.0,0.0,-8.2041,0.0,585_C20DisCh.csv,4
3.53025,0.14814,-0.10516,10440.0,0.0,-8.19536,0.0,585_C20DisCh.csv,4
3.53126,0.14814,-0.84127,10500.0,0.0,-8.18662,0.0,585_C20DisCh.csv,4
3.53227,0.14814,-1.05159,10560.0,0.0,-8.17789,0.0,585_C20DisCh.csv,4
3.53345,0.14814,-0.73611,10620.0,0.0,-8.16914,0.0,585_C20DisCh.csv,4
3.53429,0.14814,-0.63095,10680.0,0.0,-8.16039,0.0,585_C20DisCh.csv,4
3.5353,0.14814,-0.21032,10740.0,0.0,-8.15166,0.0,585_C20DisCh.csv,4
3.53632,0.14814,-0.10516,10800.0,0.0,-8.14291,0.0,585_C20DisCh.csv,4
3.53733,0.14814,-0.73611,10860.0,0.0,-8.13415,0.0,585_C20DisCh.csv,4
3.53834,0.14814,-1.05159,10920.0,0.0,-8.1254,0.0,585_C20DisCh.csv,4
3.53952,0.14814,-0.73611,10980.0,0.0,-8.11664,0.0,585_C20DisCh.csv,4
3.54053,0.14814,-0.63095,11040.0,0.0,-8.10789,0.0,585_C20DisCh.csv,4
3.54154,0.14814,-0.42063,11100.0,0.0,-8.09911,0.0,585_C20DisCh.csv,4
3.54255,0.14814,-0.10516,11160.0,0.0,-8.09035,0.0,585_C20DisCh.csv,4
3.54356,0.14814,-0.10516,11220.0,0.0,-8.08158,0.0,585_C20DisCh.csv,4
3.54474,0.14814,-1.05159,11280.0,0.0,-8.0728,0.0,585_C20DisCh.csv,4
3.54592,0.14814,-0.94643,11340.0,0.0,-8.06403,0.0,585_C20DisCh.csv,4
3.54693,0.15069,-0.73611,11400.0,0.0,-8.05525,0.0,585_C20DisCh.csv,4
3.54795,0.14814,-0.52579,11460.0,0.0,-8.04648,0.0,585_C20DisCh.csv,4
3.54896,0.14814,-0.31548,11520.0,0.0,-8.0377,0.0,585_C20DisCh.csv,4
3.54997,0.14814,0.0,11580.0,0.0,-8.02892,0.0,585_C20DisCh.csv,4
3.55098,0.14814,-0.10516,11640.0,0.0,-8.02014,0.0,585_C20DisCh.csv,4
3.55199,0.14814,-1.05159,11700.0,0.0,-8.01136,0.0,585_C20DisCh.csv,4
3.55317,0.14814,-0.84127,11760.0,0.0,-8.00257,0.0,585_C20DisCh.csv,4
3.55418,0.14814,-0.52579,11820.0,0.0,-7.99377,0.0,585_C20DisCh.csv,4
3.55503,0.15069,-0.21032,11880.0,0.0,-7.98498,0.0,585_C20DisCh.csv,4
3.55604,0.14814,-0.10516,11940.0,0.0,-7.97619,0.0,585_C20DisCh.csv,4
3.55722,0.14814,-1.15674,12000.0,0.0,-7.96738,0.0,585_C20DisCh.csv,4
3.55823,0.14814,-0.73611,12060.0,0.0,-7.95859,0.0,585_C20DisCh.csv,4
3.55924,0.14814,-0.42063,12120.0,0.0,-7.9498,0.0,585_C20DisCh.csv,4
3.56008,0.14814,-0.10516,12180.0,0.0,-7.94101,0.0,585_C20DisCh.csv,4
3.56109,0.14814,-0.84127,12240.0,0.0,-7.93222,0.0,585_C20DisCh.csv,4
3.56211,0.14814,-0.84127,12300.0,0.0,-7.9234,0.0,585_C20DisCh.csv,4
3.56312,0.14814,-0.52579,12360.0,0.0,-7.91459,0.0,585_C20DisCh.csv,4
3.56413,0.14814,-0.21032,12420.0,0.0,-7.90579,0.0,585_C20DisCh.csv,4
3.56497,0.14814,-0.21032,12480.0,0.0,-7.89697,0.0,585_C20DisCh.csv,4
3.56598,0.14814,-1.15674,12540.0,0.0,-7.88809,0.0,585_C20DisCh.csv,4
3.56716,0.14814,-0.84127,12600.0,0.0,-7.87927,0.0,585_C20DisCh.csv,4
3.56801,0.14814,-0.52579,12660.0,0.0,-7.87043,0.0,585_C20DisCh.csv,4
3.56902,0.14814,-0.31548,12720.0,0.0,-7.86156,0.0,585_C20DisCh.csv,4
3.56986,0.14814,-0.10516,12780.0,0.0,-7.85274,0.0,585_C20DisCh.csv,4
3.57087,0.14814,-0.94643,12840.0,0.0,-7.8439,0.0,585_C20DisCh.csv,4
3.57188,0.15069,-0.84127,12900.0,0.0,-7.83506,0.0,585_C20DisCh.csv,4
3.57289,0.14814,-0.63095,12960.0,0.0,-7.82621,0.0,585_C20DisCh.csv,4
3.57391,0.14814,-0.52579,13020.0,0.0,-7.81737,0.0,585_C20DisCh.csv,4
3.57475,0.14814,-0.21032,13080.0,0.0,-7.80852,0.0,585_C20DisCh.csv,4
3.57576,0.14814,-0.21032,13140.0,0.0,-7.79968,0.0,585_C20DisCh.csv,4
3.5766,0.14814,-0.94643,13200.0,0.0,-7.79085,0.0,585_C20DisCh.csv,4
3.57778,0.14814,-0.84127,13260.0,0.0,-7.78201,0.0,585_C20DisCh.csv,4
3.57879,0.14814,-0.63095,13320.0,0.0,-7.77315,0.0,585_C20DisCh.csv,4
3.57964,0.14814,-0.31548,13380.0,0.0,-7.76429,0.0,585_C20DisCh.csv,4
3.58065,0.14814,-0.21032,13440.0,0.0,-7.75542,0.0,585_C20DisCh.csv,4
3.58149,0.14814,-0.10516,13500.0,0.0,-7.74657,0.0,585_C20DisCh.csv,4
3.5825,0.14814,-1.05159,13560.0,0.0,-7.73771,0.0,585_C20DisCh.csv,4
3.58368,0.14814,-0.94643,13620.0,0.0,-7.72885,0.0,585_C20DisCh.csv,4
3.58452,0.14814,-0.63095,13680.0,0.0,-7.71996,0.0,585_C20DisCh.csv,4
3.58554,0.14814,-0.42063,13740.0,0.0,-7.71111,0.0,585_C20DisCh.csv,4
3.58655,0.14814,-0.10516,13800.0,0.0,-7.70224,0.0,585_C20DisCh.csv,4
3.58739,0.14814,0.0,13860.0,0.0,-7.69337,0.0,585_C20DisCh.csv,4
3.58823,0.14814,-0.63095,13920.0,0.0,-7.6845,0.0,585_C20DisCh.csv,4
3.58941,0.14814,-1.05159,13980.0,0.0,-7.67562,0.0,585_C20DisCh.csv,4
3.59042,0.14814,-0.84127,14040.0,0.0,-7.66675,0.0,585_C20DisCh.csv,4
3.59127,0.14814,-0.63095,14100.0,0.0,-7.65788,0.0,585_C20DisCh.csv,4
3.59211,0.14814,-0.42063,14160.0,0.0,-7.64899,0.0,585_C20DisCh.csv,4
3.59295,0.14814,-0.31548,14220.0,0.0,-7.64012,0.0,585_C20DisCh.csv,4
3.5938,0.14814,-0.10516,14280.0,0.0,-7.63124,0.0,585_C20DisCh.csv,4
3.59464,0.14814,-0.94643,14340.0,0.0,-7.62235,0.0,585_C20DisCh.csv,4
3.59565,0.14814,-1.05159,14400.0,0.0,-7.61346,0.0,585_C20DisCh.csv,4
3.59649,0.14814,-0.84127,14460.0,0.0,-7.60457,0.0,585_C20DisCh.csv,4
3.5975,0.15069,-0.63095,14520.0,0.0,-7.59567,0.0,585_C20DisCh.csv,4
3.59818,0.14814,-0.52579,14580.0,0.0,-7.58678,0.0,585_C20DisCh.csv,4
3.59902,0.14814,-0.10516,14640.0,0.0,-7.57789,0.0,585_C20DisCh.csv,4
3.5997,0.14814,-0.10516,14700.0,0.0,-7.56899,0.0,585_C20DisCh.csv,4
3.60054,0.14814,-0.63095,14760.0,0.0,-7.56009,0.0,585_C20DisCh.csv,4
3.60155,0.14814,-1.05159,14820.0,0.0,-7.55119,0.0,585_C20DisCh.csv,4
3.60239,0.14814,-0.73611,14880.0,0.0,-7.54228,0.0,585_C20DisCh.csv,4
3.60324,0.14814,-0.52579,14940.0,0.0,-7.53336,0.0,585_C20DisCh.csv,4
3.60408,0.14814,-0.42063,15000.0,0.0,-7.52444,0.0,585_C20DisCh.csv,4
3.60492,0.14814,-0.21032,15060.0,0.0,-7.51553,0.0,585_C20DisCh.csv,4
3.6056,0.15069,-0.10516,15120.0,0.0,-7.5066,0.0,585_C20DisCh.csv,4
3.60644,0.14814,-0.84127,15180.0,0.0,-7.49768,0.0,585_C20DisCh.csv,4
3.60745,0.14814,-0.94643,15240.0,0.0,-7.48876,0.0,585_C20DisCh.csv,4
3.60829,0.14814,-0.73611,15300.0,0.0,-7.47983,0.0,585_C20DisCh.csv,4
3.60914,0.14814,-0.63095,15360.0,0.0,-7.4709,0.0,585_C20DisCh.csv,4
3.60998,0.14814,-0.42063,15420.0,0.0,-7.46198,0.0,585_C20DisCh.csv,4
3.61082,0.14814,-0.21032,15480.0,0.0,-7.45306,0.0,585_C20DisCh.csv,4
3.61166,0.14814,-0.31548,15540.0,0.0,-7.44413,0.0,585_C20DisCh.csv,4
3.61251,0.14814,-0.84127,15600.0,0.0,-7.43519,0.0,585_C20DisCh.csv,4
3.61352,0.14814,-0.84127,15660.0,0.0,-7.42625,0.0,585_C20DisCh.csv,4
3.61436,0.14814,-0.63095,15720.0,0.0,-7.41732,0.0,585_C20DisCh.csv,4
3.61537,0.14814,-0.52579,15780.0,0.0,-7.40838,0.0,585_C20DisCh.csv,4
3.61621,0.14814,-0.52579,15840.0,0.0,-7.39943,0.0,585_C20DisCh.csv,4
3.61706,0.14814,-0.31548,15900.0,0.0,-7.39047,0.0,585_C20DisCh.csv,4
3.6179,0.14814,-0.31548,15960.0,0.0,-7.38153,0.0,585_C20DisCh.csv,4
3.61891,0.14814,-0.84127,16020.0,0.0,-7.37258,0.0,585_C20DisCh.csv,4
3.61992,0.14814,-0.73611,16080.0,0.0,-7.36362,0.0,585_C20DisCh.csv,4
3.62077,0.14814,-0.73611,16140.0,0.0,-7.35466,0.0,585_C20DisCh.csv,4
3.62178,0.14814,-0.52579,16200.0,0.0,-7.3457,0.0,585_C20DisCh.csv,4
3.62262,0.14814,-0.31548,16260.0,0.0,-7.33674,0.0,585_C20DisCh.csv,4
3.62346,0.14814,-0.21032,16320.0,0.0,-7.32777,0.0,585_C20DisCh.csv,4
3.62431,0.14814,-0.21032,16380.0,0.0,-7.3188,0.0,585_C20DisCh.csv,4
3.62532,0.14814,-0.52579,16440.0,0.0,-7.30985,0.0,585_C20DisCh.csv,4
3.62616,0.14814,-0.73611,16500.0,0.0,-7.3009,0.0,585_C20DisCh.csv,4
3.62717,0.14814,-0.63095,16560.0,0.0,-7.29193,0.0,585_C20DisCh.csv,4
3.62801,0.14814,-0.52579,16620.0,0.0,-7.28297,0.0,585_C20DisCh.csv,4
3.62886,0.14814,-0.31548,16680.0,0.0,-7.27393,0.0,585_C20DisCh.csv,4
3.6297,0.15069,-0.42063,16740.0,0.0,-7.26495,0.0,585_C20DisCh.csv,4
3.63037,0.14814,-0.21032,16800.0,0.0,-7.25597,0.0,585_C20DisCh.csv,4
3.63122,0.14814,-0.52579,16860.0,0.0,-7.24701,0.0,585_C20DisCh.csv,4
3.63189,0.14814,-0.52579,16920.0,0.0,-7.23798,0.0,585_C20DisCh.csv,4
3.63257,0.14814,-0.52579,16980.0,0.0,-7.22899,0.0,585_C20DisCh.csv,4
3.63324,0.15069,-0.63095,17040.0,0.0,-7.22002,0.0,585_C20DisCh.csv,4
3.63391,0.14814,-0.52579,17100.0,0.0,-7.21103,0.0,585_C20DisCh.csv,4
3.63459,0.14814,-0.42063,17160.0,0.0,-7.20204,0.0,585_C20DisCh.csv,4
3.63509,0.14814,-0.31548,17220.0,0.0,-7.19299,0.0,585_C20DisCh.csv,4
3.6356,0.14814,-0.21032,17280.0,0.0,-7.184,0.0,585_C20DisCh.csv,4
3.63611,0.14814,-0.42063,17340.0,0.0,-7.17501,0.0,585_C20DisCh.csv,4
3.63678,0.14814,-0.73611,17400.0,0.0,-7.16602,0.0,585_C20DisCh.csv,4
3.63729,0.14814,-0.73611,17460.0,0.0,-7.15702,0.0,585_C20DisCh.csv,4
3.63796,0.14814,-0.84127,17520.0,0.0,-7.14802,0.0,585_C20DisCh.csv,4
3.63847,0.14814,-0.63095,17580.0,0.0,-7.13901,0.0,585_C20DisCh.csv,4
3.6388,0.14814,-0.63095,17640.0,0.0,-7.13001,0.0,585_C20DisCh.csv,4
3.63931,0.14814,-0.52579,17700.0,0.0,-7.12102,0.0,585_C20DisCh.csv,4
3.63981,0.14814,-0.31548,17760.0,0.0,-7.11202,0.0,585_C20DisCh.csv,4
3.64015,0.14814,-0.31548,17820.0,0.0,-7.10302,0.0,585_C20DisCh.csv,4
3.64066,0.14814,-0.31548,17880.0,0.0,-7.09402,0.0,585_C20DisCh.csv,4
3.64099,0.14814,-0.42063,17940.0,0.0,-7.08502,0.0,585_C20DisCh.csv,4
3.6415,0.14814,-0.52579,18000.0,0.0,-7.07601,0.0,585_C20DisCh.csv,4
3.64201,0.14814,-0.52579,18060.0,0.0,-7.06702,0.0,585_C20DisCh.csv,4
3.64234,0.14814,-0.52579,18120.0,0.0,-7.05801,0.0,585_C20DisCh.csv,4
3.64285,0.14814,-0.52579,18180.0,0.0,-7.04899,0.0,585_C20DisCh.csv,4
3.64319,0.14814,-0.52579,18240.0,0.0,-7.03998,0.0,585_C20DisCh.csv,4
3.64352,0.14814,-0.52579,18300.0,0.0,-7.03097,0.0,585_C20DisCh.csv,4
3.64403,0.14814,-0.52579,18360.0,0.0,-7.02196,0.0,585_C20DisCh.csv,4
3.64453,0.14814,-0.52579,18420.0,0.0,-7.01296,0.0,585_C20DisCh.csv,4
3.64487,0.15069,-0.52579,18480.0,0.0,-7.00394,0.0,585_C20DisCh.csv,4
3.64538,0.14814,-0.42063,18540.0,0.0,-6.99492,0.0,585_C20DisCh.csv,4
3.64571,0.14814,-0.52579,18600.0,0.0,-6.9859,0.0,585_C20DisCh.csv,4
3.64605,0.14814,-0.42063,18660.0,0.0,-6.97688,0.0,585_C20DisCh.csv,4
3.64656,0.14814,-0.52579,18720.0,0.0,-6.96787,0.0,585_C20DisCh.csv,4
3.64689,0.14814,-0.52579,18780.0,0.0,-6.95884,0.0,585_C20DisCh.csv,4
3.6474,0.14814,-0.63095,18840.0,0.0,-6.94982,0.0,585_C20DisCh.csv,4
3.64774,0.14814,-0.73611,18900.0,0.0,-6.94079,0.0,585_C20DisCh.csv,4
3.64824,0.14814,-0.52579,18960.0,0.0,-6.93176,0.0,585_C20DisCh.csv,4
3.64858,0.14814,-0.52579,19020.0,0.0,-6.92274,0.0,585_C20DisCh.csv,4
3.64892,0.14814,-0.52579,19080.0,0.0,-6.91371,0.0,585_C20DisCh.csv,4
3.64942,0.15069,-0.42063,19140.0,0.0,-6.90468,0.0,585_C20DisCh.csv,4
3.64976,0.14814,-0.42063,19200.0,0.0,-6.89566,0.0,585_C20DisCh.csv,4
3.65026,0.14814,-0.52579,19260.0,0.0,-6.88663,0.0,585_C20DisCh.csv,4
3.6506,0.14814,-0.63095,19320.0,0.0,-6.87759,0.0,585_C20DisCh.csv,4
3.65111,0.14814,-0.63095,19380.0,0.0,-6.86856,0.0,585_C20DisCh.csv,4
3.65161,0.14814,-0.63095,19440.0,0.0,-6.85952,0.0,585_C20DisCh.csv,4
3.65195,0.14814,-0.63095,19500.0,0.0,-6.85049,0.0,585_C20DisCh.csv,4
3.65246,0.14814,-0.52579,19560.0,0.0,-6.84145,0.0,585_C20DisCh.csv,4
3.65279,0.14814,-0.52579,19620.0,0.0,-6.83242,0.0,585_C20DisCh.csv,4
3.65313,0.15069,-0.73611,19680.0,0.0,-6.82338,0.0,585_C20DisCh.csv,4
3.65364,0.14814,-0.84127,19740.0,0.0,-6.81435,0.0,585_C20DisCh.csv,4
3.65414,0.14814,-0.73611,19800.0,0.0,-6.80531,0.0,585_C20DisCh.csv,4
3.65465,0.14814,-0.63095,19860.0,0.0,-6.79627,0.0,585_C20DisCh.csv,4
3.65498,0.14814,-0.52579,19920.0,0.0,-6.78721,0.0,585_C20DisCh.csv,4
3.65532,0.14814,-0.42063,19980.0,0.0,-6.77819,0.0,585_C20DisCh.csv,4
3.65583,0.14814,-0.21032,20040.0,0.0,-6.76914,0.0,585_C20DisCh.csv,4
3.65616,0.15069,-0.52579,20100.0,0.0,-6.7601,0.0,585_C20DisCh.csv,4
3.65667,0.14814,-1.05159,20160.0,0.0,-6.75105,0.0,585_C20DisCh.csv,4
3.65718,0.14814,-0.94643,20220.0,0.0,-6.74203,0.0,585_C20DisCh.csv,4
3.65751,0.14814,-0.84127,20280.0,0.0,-6.73298,0.0,585_C20DisCh.csv,4
3.65802,0.14814,-0.73611,20340.0,0.0,-6.72392,0.0,585_C20DisCh.csv,4
3.65852,0.14814,-0.42063,20400.0,0.0,-6.71487,0.0,585_C20DisCh.csv,4
3.65886,0.14814,-0.42063,20460.0,0.0,-6.70578,0.0,585_C20DisCh.csv,4
3.6592,0.14814,-0.31548,20520.0,0.0,-6.6967,0.0,585_C20DisCh.csv,4
3.6597,0.14814,-0.21032,20580.0,0.0,-6.68762,0.0,585_C20DisCh.csv,4
3.66004,0.14814,-0.84127,20640.0,0.0,-6.67855,0.0,585_C20DisCh.csv,4
3.66072,0.15069,-1.05159,20700.0,0.0,-6.66951,0.0,585_C20DisCh.csv,4
3.66122,0.15069,-0.84127,20760.0,0.0,-6.66045,0.0,585_C20DisCh.csv,4
3.66173,0.14814,-0.73611,20820.0,0.0,-6.6514,0.0,585_C20DisCh.csv,4
3.66206,0.14814,-0.63095,20880.0,0.0,-6.64233,0.0,585_C20DisCh.csv,4
3.66257,0.14814,-0.31548,20940.0,0.0,-6.63329,0.0,585_C20DisCh.csv,4
3.66291,0.14814,-0.21032,21000.0,0.0,-6.62424,0.0,585_C20DisCh.csv,4
3.66324,0.14814,-0.21032,21060.0,0.0,-6.6152,0.0,585_C20DisCh.csv,4
3.66375,0.14814,-0.52579,21120.0,0.0,-6.60615,0.0,585_C20DisCh.csv,4
3.66426,0.14814,-0.73611,21180.0,0.0,-6.59708,0.0,585_C20DisCh.csv,4
3.66476,0.14814,-0.73611,21240.0,0.0,-6.58803,0.0,585_C20DisCh.csv,4
3.66527,0.14814,-0.63095,21300.0,0.0,-6.57894,0.0,585_C20DisCh.csv,4
3.66577,0.14814,-0.52579,21360.0,0.0,-6.56986,0.0,585_C20DisCh.csv,4
3.66611,0.14814,-0.52579,21420.0,0.0,-6.56078,0.0,585_C20DisCh.csv,4
3.66662,0.14814,-0.42063,21480.0,0.0,-6.55171,0.0,585_C20DisCh.csv,4
3.66712,0.14814,-0.42063,21540.0,0.0,-6.54264,0.0,585_C20DisCh.csv,4
3.66746,0.14814,-0.52579,21600.0,0.0,-6.53357,0.0,585_C20DisCh.csv,4
3.66796,0.14814,-0.63095,21660.0,0.0,-6.52451,0.0,585_C20DisCh.csv,4
3.66847,0.15069,-0.52579,21720.0,0.0,-6.51542,0.0,585_C20DisCh.csv,4
3.66898,0.14814,-0.52579,21780.0,0.0,-6.50634,0.0,585_C20DisCh.csv,4
3.66948,0.14814,-0.42063,21840.0,0.0,-6.49724,0.0,585_C20DisCh.csv,4
3.66999,0.14814,-0.52579,21900.0,0.0,-6.48817,0.0,585_C20DisCh.csv,4
3.67049,0.14814,-0.63095,21960.0,0.0,-6.47909,0.0,585_C20DisCh.csv,4
3.671,0.14814,-0.73611,22020.0,0.0,-6.46998,0.0,585_C20DisCh.csv,4
3.6715,0.14814,-0.73611,22080.0,0.0,-6.46089,0.0,585_C20DisCh.csv,4
3.67201,0.14814,-0.63095,22140.0,0.0,-6.45181,0.0,585_C20DisCh.csv,4
3.67252,0.14814,-0.63095,22200.0,0.0,-6.44273,0.0,585_C20DisCh.csv,4
3.67285,0.14814,-0.42063,22260.0,0.0,-6.43364,0.0,585_C20DisCh.csv,4
3.67353,0.14814,-0.42063,22320.0,0.0,-6.42455,0.0,585_C20DisCh.csv,4
3.67403,0.15069,-0.63095,22380.0,0.0,-6.41547,0.0,585_C20DisCh.csv,4
3.67454,0.14814,-0.94643,22440.0,0.0,-6.40638,0.0,585_C20DisCh.csv,4
3.67504,0.14814,-0.94643,22500.0,0.0,-6.39729,0.0,585_C20DisCh.csv,4
3.67555,0.14814,-0.63095,22560.0,0.0,-6.38819,0.0,585_C20DisCh.csv,4
3.67606,0.14814,-0.63095,22620.0,0.0,-6.3791,0.0,585_C20DisCh.csv,4
3.67656,0.14814,-0.42063,22680.0,0.0,-6.37001,0.0,585_C20DisCh.csv,4
3.67707,0.14814,-0.21032,22740.0,0.0,-6.36091,0.0,585_C20DisCh.csv,4
3.6774,0.14814,-0.73611,22800.0,0.0,-6.35181,0.0,585_C20DisCh.csv,4
3.67808,0.15069,-1.36706,22860.0,0.0,-6.34266,0.0,585_C20DisCh.csv,4
3.67875,0.14814,-1.05159,22920.0,0.0,-6.33356,0.0,585_C20DisCh.csv,4
3.67926,0.14814,-0.63095,22980.0,0.0,-6.32446,0.0,585_C20DisCh.csv,4
3.6796,0.14814,-0.31548,23040.0,0.0,-6.31538,0.0,585_C20DisCh.csv,4
3.6801,0.14814,-0.10516,23100.0,0.0,-6.30628,0.0,585_C20DisCh.csv,4
3.68061,0.14814,0.0,23160.0,0.0,-6.29717,0.0,585_C20DisCh.csv,4
3.68111,0.14814,-1.15674,23220.0,0.0,-6.28806,0.0,585_C20DisCh.csv,4
3.68179,0.15069,-1.05159,23280.0,0.0,-6.27896,0.0,585_C20DisCh.csv,4
3.68229,0.14814,-0.73611,23340.0,0.0,-6.26984,0.0,585_C20DisCh.csv,4
3.6828,0.14814,-0.31548,23400.0,0.0,-6.26074,0.0,585_C20DisCh.csv,4
3.6833,0.14814,-0.10516,23460.0,0.0,-6.25162,0.0,585_C20DisCh.csv,4
3.68381,0.14814,-0.10516,23520.0,0.0,-6.24249,0.0,585_C20DisCh.csv,4
3.68448,0.14814,-1.05159,23580.0,0.0,-6.23337,0.0,585_C20DisCh.csv,4
3.68516,0.14814,-0.84127,23640.0,0.0,-6.22425,0.0,585_C20DisCh.csv,4
3.68566,0.14814,-0.52579,23700.0,0.0,-6.21513,0.0,585_C20DisCh.csv,4
3.68617,0.14814,-0.42063,23760.0,0.0,-6.20603,0.0,585_C20DisCh.csv,4
3.68667,0.14814,-0.21032,23820.0,0.0,-6.19691,0.0,585_C20DisCh.csv,4
3.68718,0.14814,-1.05159,23880.0,0.0,-6.18779,0.0,585_C20DisCh.csv,4
3.68785,0.14814,-0.94643,23940.0,0.0,-6.17865,0.0,585_C20DisCh.csv,4
3.68836,0.14814,-0.52579,24000.0,0.0,-6.16944,0.0,585_C20DisCh.csv,4
3.68903,0.14814,-0.31548,24060.0,0.0,-6.16033,0.0,585_C20DisCh.csv,4
3.68954,0.14814,-0.10516,24120.0,0.0,-6.15121,0.0,585_C20DisCh.csv,4
3.69005,0.14814,-0.94643,24180.0,0.0,-6.14202,0.0,585_C20DisCh.csv,4
3.69072,0.14814,-0.84127,24240.0,0.0,-6.1329,0.0,585_C20DisCh.csv,4
3.69139,0.14814,-0.63095,24300.0,0.0,-6.12376,0.0,585_C20DisCh.csv,4
3.6919,0.14814,-0.42063,24360.0,0.0,-6.11463,0.0,585_C20DisCh.csv,4
3.69241,0.14814,-0.21032,24420.0,0.0,-6.1055,0.0,585_C20DisCh.csv,4
3.69291,0.14814,-0.21032,24480.0,0.0,-6.09637,0.0,585_C20DisCh.csv,4
3.69359,0.14814,-1.05159,24540.0,0.0,-6.08724,0.0,585_C20DisCh.csv,4
3.69426,0.14814,-0.73611,24600.0,0.0,-6.07812,0.0,585_C20DisCh.csv,4
3.69493,0.15069,-0.63095,24660.0,0.0,-6.06898,0.0,585_C20DisCh.csv,4
3.69544,0.14814,-0.52579,24720.0,0.0,-6.05984,0.0,585_C20DisCh.csv,4
3.69611,0.14814,-0.31548,24780.0,0.0,-6.0507,0.0,585_C20DisCh.csv,4
3.69662,0.15069,-0.10516,24840.0,0.0,-6.04157,0.0,585_C20DisCh.csv,4
3.69729,0.14814,-0.31548,24900.0,0.0,-6.03243,0.0,585_C20DisCh.csv,4
3.6978,0.14814,-0.84127,24960.0,0.0,-6.02327,0.0,585_C20DisCh.csv,4
3.69847,0.14814,-0.84127,25020.0,0.0,-6.01414,0.0,585_C20DisCh.csv,4
3.69915,0.15069,-0.73611,25080.0,0.0,-6.005,0.0,585_C20DisCh.csv,4
3.69982,0.14814,-0.63095,25140.0,0.0,-5.99584,0.0,585_C20DisCh.csv,4
3.7005,0.14814,-0.52579,25200.0,0.0,-5.9867,0.0,585_C20DisCh.csv,4
3.701,0.14814,-0.42063,25260.0,0.0,-5.97754,0.0,585_C20DisCh.csv,4
3.70168,0.14814,-0.42063,25320.0,0.0,-5.96836,0.0,585_C20DisCh.csv,4
3.70235,0.14814,-0.52579,25380.0,0.0,-5.9592,0.0,585_C20DisCh.csv,4
3.70286,0.14814,-0.52579,25440.0,0.0,-5.95001,0.0,585_C20DisCh.csv,4
3.70353,0.14814,-0.42063,25500.0,0.0,-5.94085,0.0,585_C20DisCh.csv,4
3.70421,0.14814,-0.52579,25560.0,0.0,-5.9317,0.0,585_C20DisCh.csv,4
3.70488,0.14814,-0.52579,25620.0,0.0,-5.92255,0.0,585_C20DisCh.csv,4
3.70555,0.14814,-0.63095,25680.0,0.0,-5.91339,0.0,585_C20DisCh.csv,4
3.70623,0.14814,-0.73611,25740.0,0.0,-5.90422,0.0,585_C20DisCh.csv,4
3.7069,0.15069,-0.63095,25800.0,0.0,-5.89505,0.0,585_C20DisCh.csv,4
3.70758,0.14814,-0.63095,25860.0,0.0,-5.88588,0.0,585_C20DisCh.csv,4
3.70825,0.14814,-0.63095,25920.0,0.0,-5.8767,0.0,585_C20DisCh.csv,4
3.70893,0.14814,-0.52579,25980.0,0.0,-5.86752,0.0,585_C20DisCh.csv,4
3.7096,0.14814,-0.42063,26040.0,0.0,-5.85833,0.0,585_C20DisCh.csv,4
3.71027,0.14814,-0.52579,26100.0,0.0,-5.84915,0.0,585_C20DisCh.csv,4
3.71095,0.14814,-0.63095,26160.0,0.0,-5.83997,0.0,585_C20DisCh.csv,4
3.71162,0.14814,-0.63095,26220.0,0.0,-5.83079,0.0,585_C20DisCh.csv,4
3.7123,0.14814,-0.63095,26280.0,0.0,-5.82161,0.0,585_C20DisCh.csv,4
3.71314,0.14814,-0.63095,26340.0,0.0,-5.81242,0.0,585_C20DisCh.csv,4
3.71381,0.14814,-0.63095,26400.0,0.0,-5.80324,0.0,585_C20DisCh.csv,4
3.71449,0.14814,-0.52579,26460.0,0.0,-5.79407,0.0,585_C20DisCh.csv,4
3.71516,0.14814,-0.52579,26520.0,0.0,-5.78487,0.0,585_C20DisCh.csv,4
3.71584,0.14814,-0.52579,26580.0,0.0,-5.77567,0.0,585_C20DisCh.csv,4
3.71651,0.14814,-0.73611,26640.0,0.0,-5.76648,0.0,585_C20DisCh.csv,4
3.71735,0.14814,-0.73611,26700.0,0.0,-5.75729,0.0,585_C20DisCh.csv,4
3.71803,0.14814,-0.73611,26760.0,0.0,-5.74809,0.0,585_C20DisCh.csv,4
3.71887,0.15069,-0.73611,26820.0,0.0,-5.73889,0.0,585_C20DisCh.csv,4
3.71954,0.14814,-0.63095,26880.0,0.0,-5.72969,0.0,585_C20DisCh.csv,4
3.72022,0.14814,-0.63095,26940.0,0.0,-5.72049,0.0,585_C20DisCh.csv,4
3.72089,0.14814,-0.63095,27000.0,0.0,-5.7113,0.0,585_C20DisCh.csv,4
3.72157,0.14814,-0.63095,27060.0,0.0,-5.70209,0.0,585_C20DisCh.csv,4
3.72241,0.14814,-0.63095,27120.0,0.0,-5.69288,0.0,585_C20DisCh.csv,4
3.72308,0.14814,-0.63095,27180.0,0.0,-5.68365,0.0,585_C20DisCh.csv,4
3.72376,0.14814,-0.52579,27240.0,0.0,-5.67446,0.0,585_C20DisCh.csv,4
3.7246,0.14814,-0.52579,27300.0,0.0,-5.66525,0.0,585_C20DisCh.csv,4
3.72528,0.14814,-0.63095,27360.0,0.0,-5.65603,0.0,585_C20DisCh.csv,4
3.72612,0.14814,-0.63095,27420.0,0.0,-5.64682,0.0,585_C20DisCh.csv,4
3.72679,0.14814,-0.52579,27480.0,0.0,-5.6376,0.0,585_C20DisCh.csv,4
3.72764,0.14814,-0.63095,27540.0,0.0,-5.62838,0.0,585_C20DisCh.csv,4
3.72831,0.15069,-0.52579,27600.0,0.0,-5.61916,0.0,585_C20DisCh.csv,4
3.72915,0.14814,-0.52579,27660.0,0.0,-5.60993,0.0,585_C20DisCh.csv,4
3.72983,0.14814,-0.63095,27720.0,0.0,-5.60071,0.0,585_C20DisCh.csv,4
3.73067,0.15069,-0.52579,27780.0,0.0,-5.59148,0.0,585_C20DisCh.csv,4
3.73151,0.15069,-0.52579,27840.0,0.0,-5.58222,0.0,585_C20DisCh.csv,4
3.73219,0.14814,-0.42063,27900.0,0.0,-5.573,0.0,585_C20DisCh.csv,4
3.73303,0.14814,-0.52579,27960.0,0.0,-5.56377,0.0,585_C20DisCh.csv,4
3.7337,0.14814,-0.42063,28020.0,0.0,-5.55453,0.0,585_C20DisCh.csv,4
3.73455,0.14814,-0.52579,28080.0,0.0,-5.5453,0.0,585_C20DisCh.csv,4
3.73539,0.14814,-0.52579,28140.0,0.0,-5.53606,0.0,585_C20DisCh.csv,4
3.73623,0.15069,-0.63095,28200.0,0.0,-5.52683,0.0,585_C20DisCh.csv,4
3.73691,0.14814,-0.52579,28260.0,0.0,-5.51758,0.0,585_C20DisCh.csv,4
3.73775,0.14814,-0.52579,28320.0,0.0,-5.50834,0.0,585_C20DisCh.csv,4
3.73859,0.14814,-0.42063,28380.0,0.0,-5.49909,0.0,585_C20DisCh.csv,4
3.73927,0.14814,-0.31548,28440.0,0.0,-5.48985,0.0,585_C20DisCh.csv,4
3.74011,0.14814,-0.42063,28500.0,0.0,-5.48061,0.0,585_C20DisCh.csv,4
3.74095,0.14814,-0.52579,28560.0,0.0,-5.47138,0.0,585_C20DisCh.csv,4
3.7418,0.14814,-0.63095,28620.0,0.0,-5.46212,0.0,585_C20DisCh.csv,4
3.74264,0.14814,-0.73611,28680.0,0.0,-5.45287,0.0,585_C20DisCh.csv,4
3.74348,0.15069,-0.73611,28740.0,0.0,-5.4436,0.0,585_C20DisCh.csv,4
3.74416,0.14814,-0.52579,28800.0,0.0,-5.43429,0.0,585_C20DisCh.csv,4
3.745,0.14814,-0.52579,28860.0,0.0,-5.42501,0.0,585_C20DisCh.csv,4
3.74584,0.14814,-0.42063,28920.0,0.0,-5.41575,0.0,585_C20DisCh.csv,4
3.74652,0.14814,-0.31548,28980.0,0.0,-5.40649,0.0,585_C20DisCh.csv,4
3.74736,0.14814,-0.42063,29040.0,0.0,-5.39722,0.0,585_C20DisCh.csv,4
3.7482,0.14814,-0.63095,29100.0,0.0,-5.38796,0.0,585_C20DisCh.csv,4
3.74904,0.14814,-0.73611,29160.0,0.0,-5.37869,0.0,585_C20DisCh.csv,4
3.75006,0.14814,-0.73611,29220.0,0.0,-5.36941,0.0,585_C20DisCh.csv,4
3.7509,0.14814,-0.73611,29280.0,0.0,-5.36015,0.0,585_C20DisCh.csv,4
3.75157,0.14814,-0.52579,29340.0,0.0,-5.35087,0.0,585_C20DisCh.csv,4
3.75241,0.14814,-0.42063,29400.0,0.0,-5.34159,0.0,585_C20DisCh.csv,4
3.75326,0.14814,-0.42063,29460.0,0.0,-5.33231,0.0,585_C20DisCh.csv,4
3.75393,0.14814,-0.42063,29520.0,0.0,-5.32302,0.0,585_C20DisCh.csv,4
3.75494,0.15069,-0.73611,29580.0,0.0,-5.31373,0.0,585_C20DisCh.csv,4
3.75579,0.14814,-0.94643,29640.0,0.0,-5.30445,0.0,585_C20DisCh.csv,4
3.75663,0.14814,-0.94643,29700.0,0.0,-5.29517,0.0,585_C20DisCh.csv,4
3.75747,0.14814,-0.84127,29760.0,0.0,-5.28588,0.0,585_C20DisCh.csv,4
3.75831,0.14814,-0.73611,29820.0,0.0,-5.27659,0.0,585_C20DisCh.csv,4
3.75916,0.14814,-0.52579,29880.0,0.0,-5.26729,0.0,585_C20DisCh.csv,4
3.76,0.14814,-0.42063,29940.0,0.0,-5.25799,0.0,585_C20DisCh.csv,4
3.76084,0.14814,-0.10516,30000.0,0.0,-5.24869,0.0,585_C20DisCh.csv,4
3.76169,0.15069,-0.42063,30060.0,0.0,-5.23939,0.0,585_C20DisCh.csv,4
3.76253,0.15069,-0.94643,30120.0,0.0,-5.23009,0.0,585_C20DisCh.csv,4
3.76337,0.14814,-0.94643,30180.0,0.0,-5.22078,0.0,585_C20DisCh.csv,4
3.76438,0.14814,-0.84127,30240.0,0.0,-5.21147,0.0,585_C20DisCh.csv,4
3.76523,0.15069,-0.63095,30300.0,0.0,-5.20216,0.0,585_C20DisCh.csv,4
3.76607,0.14814,-0.52579,30360.0,0.0,-5.1928,0.0,585_C20DisCh.csv,4
3.76674,0.14814,-0.31548,30420.0,0.0,-5.18346,0.0,585_C20DisCh.csv,4
3.76759,0.14814,-0.21032,30480.0,0.0,-5.17416,0.0,585_C20DisCh.csv,4
3.76843,0.14814,-0.10516,30540.0,0.0,-5.16485,0.0,585_C20DisCh.csv,4
3.76927,0.14814,-0.63095,30600.0,0.0,-5.15552,0.0,585_C20DisCh.csv,4
3.77028,0.14814,-1.05159,30660.0,0.0,-5.14619,0.0,585_C20DisCh.csv,4
3.77113,0.14814,-0.94643,30720.0,0.0,-5.13688,0.0,585_C20DisCh.csv,4
3.77214,0.14814,-0.84127,30780.0,0.0,-5.12756,0.0,585_C20DisCh.csv,4
3.77298,0.14814,-0.63095,30840.0,0.0,-5.11823,0.0,585_C20DisCh.csv,4
3.77382,0.14814,-0.52579,30900.0,0.0,-5.1089,0.0,585_C20DisCh.csv,4
3.77467,0.14814,-0.31548,30960.0,0.0,-5.09956,0.0,585_C20DisCh.csv,4
3.77534,0.14814,-0.21032,31020.0,0.0,-5.09023,0.0,585_C20DisCh.csv,4
3.77618,0.14814,-0.42063,31080.0,0.0,-5.08089,0.0,585_C20DisCh.csv,4
3.77703,0.14814,-0.84127,31140.0,0.0,-5.07154,0.0,585_C20DisCh.csv,4
3.77804,0.14814,-0.84127,31200.0,0.0,-5.0622,0.0,585_C20DisCh.csv,4
3.77888,0.14814,-0.73611,31260.0,0.0,-5.05286,0.0,585_C20DisCh.csv,4
3.77989,0.14814,-0.63095,31320.0,0.0,-5.04351,0.0,585_C20DisCh.csv,4
3.78057,0.14814,-0.52579,31380.0,0.0,-5.03416,0.0,585_C20DisCh.csv,4
3.78141,0.14814,-0.42063,31440.0,0.0,-5.0248,0.0,585_C20DisCh.csv,4
3.78225,0.14814,-0.21032,31500.0,0.0,-5.01545,0.0,585_C20DisCh.csv,4
3.78309,0.14814,-0.21032,31560.0,0.0,-5.00608,0.0,585_C20DisCh.csv,4
3.78394,0.14814,-0.21032,31620.0,0.0,-4.99673,0.0,585_C20DisCh.csv,4
3.78478,0.14814,-0.52579,31680.0,0.0,-4.98737,0.0,585_C20DisCh.csv,4
3.78579,0.14814,-0.52579,31740.0,0.0,-4.97801,0.0,585_C20DisCh.csv,4
3.78663,0.14814,-0.63095,31800.0,0.0,-4.96864,0.0,585_C20DisCh.csv,4
3.78748,0.14814,-0.73611,31860.0,0.0,-4.95928,0.0,585_C20DisCh.csv,4
3.78832,0.14814,-0.63095,31920.0,0.0,-4.94991,0.0,585_C20DisCh.csv,4
3.78916,0.14814,-0.63095,31980.0,0.0,-4.94055,0.0,585_C20DisCh.csv,4
3.79017,0.14814,-0.63095,32040.0,0.0,-4.93118,0.0,585_C20DisCh.csv,4
3.79102,0.14814,-0.63095,32100.0,0.0,-4.92179,0.0,585_C20DisCh.csv,4
3.79186,0.14814,-0.63095,32160.0,0.0,-4.91241,0.0,585_C20DisCh.csv,4
3.79287,0.14814,-0.63095,32220.0,0.0,-4.90303,0.0,585_C20DisCh.csv,4
3.79371,0.14814,-0.52579,32280.0,0.0,-4.89365,0.0,585_C20DisCh.csv,4
3.79456,0.14814,-0.52579,32340.0,0.0,-4.88423,0.0,585_C20DisCh.csv,4
3.7954,0.14814,-0.63095,32400.0,0.0,-4.87485,0.0,585_C20DisCh.csv,4
3.79624,0.14814,-0.94643,32460.0,0.0,-4.86546,0.0,585_C20DisCh.csv,4
3.79708,0.14814,-0.84127,32520.0,0.0,-4.85606,0.0,585_C20DisCh.csv,4
3.79793,0.14814,-0.73611,32580.0,0.0,-4.84666,0.0,585_C20DisCh.csv,4
3.79894,0.15069,-0.63095,32640.0,0.0,-4.83727,0.0,585_C20DisCh.csv,4
3.79978,0.14814,-0.63095,32700.0,0.0,-4.82787,0.0,585_C20DisCh.csv,4
3.80062,0.14814,-0.42063,32760.0,0.0,-4.81847,0.0,585_C20DisCh.csv,4
3.80147,0.14814,-0.31548,32820.0,0.0,-4.80906,0.0,585_C20DisCh.csv,4
3.80231,0.14814,-0.42063,32880.0,0.0,-4.79965,0.0,585_C20DisCh.csv,4
3.80315,0.14814,-0.52579,32940.0,0.0,-4.79024,0.0,585_C20DisCh.csv,4
3.804,0.14814,-0.63095,33000.0,0.0,-4.78082,0.0,585_C20DisCh.csv,4
3.80501,0.14814,-0.63095,33060.0,0.0,-4.77139,0.0,585_C20DisCh.csv,4
3.80585,0.15069,-0.63095,33120.0,0.0,-4.76195,0.0,585_C20DisCh.csv,4
3.80669,0.14814,-0.52579,33180.0,0.0,-4.75254,0.0,585_C20DisCh.csv,4
3.80754,0.14814,-0.63095,33240.0,0.0,-4.74312,0.0,585_C20DisCh.csv,4
3.80838,0.14814,-0.52579,33300.0,0.0,-4.73369,0.0,585_C20DisCh.csv,4
3.80922,0.14814,-0.52579,33360.0,0.0,-4.72427,0.0,585_C20DisCh.csv,4
3.81006,0.14814,-0.52579,33420.0,0.0,-4.71484,0.0,585_C20DisCh.csv,4
3.81108,0.14814,-0.52579,33480.0,0.0,-4.70541,0.0,585_C20DisCh.csv,4
3.81192,0.14814,-0.63095,33540.0,0.0,-4.69597,0.0,585_C20DisCh.csv,4
3.81276,0.14814,-0.73611,33600.0,0.0,-4.68654,0.0,585_C20DisCh.csv,4
3.81377,0.14814,-0.63095,33660.0,0.0,-4.67713,0.0,585_C20DisCh.csv,4
3.81462,0.14814,-0.63095,33720.0,0.0,-4.66769,0.0,585_C20DisCh.csv,4
3.81546,0.14814,-0.63095,33780.0,0.0,-4.65827,0.0,585_C20DisCh.csv,4
3.8163,0.14814,-0.52579,33840.0,0.0,-4.64884,0.0,585_C20DisCh.csv,4
3.81714,0.14814,-0.52579,33900.0,0.0,-4.63935,0.0,585_C20DisCh.csv,4
3.81816,0.14814,-0.63095,33960.0,0.0,-4.62991,0.0,585_C20DisCh.csv,4
3.819,0.14814,-0.63095,34020.0,0.0,-4.62043,0.0,585_C20DisCh.csv,4
3.82001,0.14814,-0.63095,34080.0,0.0,-4.611,0.0,585_C20DisCh.csv,4
3.82085,0.14814,-0.63095,34140.0,0.0,-4.60155,0.0,585_C20DisCh.csv,4
3.82169,0.15069,-0.63095,34200.0,0.0,-4.59208,0.0,585_C20DisCh.csv,4
3.82254,0.14814,-0.63095,34260.0,0.0,-4.58264,0.0,585_C20DisCh.csv,4
3.82338,0.15069,-0.63095,34320.0,0.0,-4.57319,0.0,585_C20DisCh.csv,4
3.82439,0.14814,-0.63095,34380.0,0.0,-4.56373,0.0,585_C20DisCh.csv,4
3.82523,0.14814,-0.63095,34440.0,0.0,-4.55427,0.0,585_C20DisCh.csv,4
3.82608,0.14814,-0.63095,34500.0,0.0,-4.54479,0.0,585_C20DisCh.csv,4
3.82709,0.14814,-0.63095,34560.0,0.0,-4.53531,0.0,585_C20DisCh.csv,4
3.82793,0.14814,-0.63095,34620.0,0.0,-4.52584,0.0,585_C20DisCh.csv,4
3.82894,0.14814,-0.63095,34680.0,0.0,-4.51637,0.0,585_C20DisCh.csv,4
3.82979,0.14814,-0.63095,34740.0,0.0,-4.50689,0.0,585_C20DisCh.csv,4
3.83063,0.14814,-0.63095,34800.0,0.0,-4.49742,0.0,585_C20DisCh.csv,4
3.83147,0.14814,-0.63095,34860.0,0.0,-4.48795,0.0,585_C20DisCh.csv,4
3.83248,0.14814,-0.52579,34920.0,0.0,-4.47846,0.0,585_C20DisCh.csv,4
3.83333,0.14814,-0.42063,34980.0,0.0,-4.46898,0.0,585_C20DisCh.csv,4
3.83434,0.14814,-0.63095,35040.0,0.0,-4.45949,0.0,585_C20DisCh.csv,4
3.83535,0.14814,-0.73611,35100.0,0.0,-4.45,0.0,585_C20DisCh.csv,4
3.83619,0.14814,-0.63095,35160.0,0.0,-4.44051,0.0,585_C20DisCh.csv,4
3.8372,0.14814,-0.63095,35220.0,0.0,-4.43102,0.0,585_C20DisCh.csv,4
3.83805,0.14814,-0.52579,35280.0,0.0,-4.42153,0.0,585_C20DisCh.csv,4
3.83906,0.14814,-0.42063,35340.0,0.0,-4.41203,0.0,585_C20DisCh.csv,4
3.8399,0.14814,-0.42063,35400.0,0.0,-4.40253,0.0,585_C20DisCh.csv,4
3.84074,0.14814,-0.52579,35460.0,0.0,-4.39301,0.0,585_C20DisCh.csv,4
3.84175,0.14814,-0.63095,35520.0,0.0,-4.38352,0.0,585_C20DisCh.csv,4
3.84277,0.14814,-0.63095,35580.0,0.0,-4.37397,0.0,585_C20DisCh.csv,4
3.84378,0.14814,-0.52579,35640.0,0.0,-4.36446,0.0,585_C20DisCh.csv,4
3.84496,0.14814,-0.52579,35700.0,0.0,-4.35495,0.0,585_C20DisCh.csv,4
3.8458,0.14814,-0.52579,35760.0,0.0,-4.34543,0.0,585_C20DisCh.csv,4
3.84681,0.14814,-0.52579,35820.0,0.0,-4.33591,0.0,585_C20DisCh.csv,4
3.84782,0.14814,-0.63095,35880.0,0.0,-4.32641,0.0,585_C20DisCh.csv,4
3.84883,0.14814,-0.63095,35940.0,0.0,-4.31688,0.0,585_C20DisCh.csv,4
3.84985,0.14814,-0.63095,36000.0,0.0,-4.30738,0.0,585_C20DisCh.csv,4
3.85103,0.14814,-0.52579,36060.0,0.0,-4.29784,0.0,585_C20DisCh.csv,4
3.85204,0.14814,-0.63095,36120.0,0.0,-4.28826,0.0,585_C20DisCh.csv,4
3.85322,0.14814,-0.52579,36180.0,0.0,-4.27875,0.0,585_C20DisCh.csv,4
3.85423,0.14814,-0.52579,36240.0,0.0,-4.26918,0.0,585_C20DisCh.csv,4
3.85541,0.14814,-0.63095,36300.0,0.0,-4.25964,0.0,585_C20DisCh.csv,4
3.85642,0.14814,-0.63095,36360.0,0.0,-4.25011,0.0,585_C20DisCh.csv,4
3.8576,0.14814,-0.73611,36420.0,0.0,-4.24052,0.0,585_C20DisCh.csv,4
3.85878,0.14814,-0.63095,36480.0,0.0,-4.23097,0.0,585_C20DisCh.csv,4
3.85996,0.14814,-0.52579,36540.0,0.0,-4.22142,0.0,585_C20DisCh.csv,4
3.86114,0.14814,-0.31548,36600.0,0.0,-4.21187,0.0,585_C20DisCh.csv,4
3.86232,0.14814,-0.52579,36660.0,0.0,-4.20233,0.0,585_C20DisCh.csv,4
3.8635,0.14814,-1.05159,36720.0,0.0,-4.19279,0.0,585_C20DisCh.csv,4
3.86485,0.14814,-0.84127,36780.0,0.0,-4.18321,0.0,585_C20DisCh.csv,4
3.86603,0.14814,-0.52579,36840.0,0.0,-4.17365,0.0,585_C20DisCh.csv,4
3.86721,0.15069,-0.31548,36900.0,0.0,-4.16408,0.0,585_C20DisCh.csv,4
3.86839,0.14814,-0.10516,36960.0,0.0,-4.15452,0.0,585_C20DisCh.csv,4
3.86957,0.14814,-1.2619,37020.0,0.0,-4.14497,0.0,585_C20DisCh.csv,4
3.87108,0.14814,-0.84127,37080.0,0.0,-4.13538,0.0,585_C20DisCh.csv,4
3.87226,0.14814,-0.10516,37140.0,0.0,-4.12582,0.0,585_C20DisCh.csv,4
3.87328,0.15069,0.0,37200.0,0.0,-4.11624,0.0,585_C20DisCh.csv,4
3.87462,0.14814,-3.36507,37260.0,0.0,-4.10668,0.0,585_C20DisCh.csv,4
3.87597,0.14814,-1.36706,37320.0,0.0,-4.09707,0.0,585_C20DisCh.csv,4
3.87698,0.14814,1.2619,37380.0,0.0,-4.08747,0.0,585_C20DisCh.csv,4
3.87783,0.14814,-0.94643,37440.0,0.0,-4.07787,0.0,585_C20DisCh.csv,4
3.87901,0.14814,-0.52579,37500.0,0.0,-4.06829,0.0,585_C20DisCh.csv,4
3.88002,0.15069,0.0,37560.0,0.0,-4.05866,0.0,585_C20DisCh.csv,4
3.88103,0.14814,-0.94643,37620.0,0.0,-4.04904,0.0,585_C20DisCh.csv,4
3.88204,0.14814,-0.52579,37680.0,0.0,-4.03945,0.0,585_C20DisCh.csv,4
3.88305,0.14814,-0.31548,37740.0,0.0,-4.02985,0.0,585_C20DisCh.csv,4
3.8839,0.14814,-0.31548,37800.0,0.0,-4.02024,0.0,585_C20DisCh.csv,4
3.88474,0.14814,-0.73611,37860.0,0.0,-4.01063,0.0,585_C20DisCh.csv,4
3.88575,0.15069,-0.63095,37920.0,0.0,-4.00102,0.0,585_C20DisCh.csv,4
3.88676,0.14814,-0.52579,37980.0,0.0,-3.99142,0.0,585_C20DisCh.csv,4
3.8876,0.14814,-0.42063,38040.0,0.0,-3.9818,0.0,585_C20DisCh.csv,4
3.88845,0.14814,-0.21032,38100.0,0.0,-3.9722,0.0,585_C20DisCh.csv,4
3.88929,0.14814,-0.73611,38160.0,0.0,-3.96258,0.0,585_C20DisCh.csv,4
3.89013,0.14814,-1.05159,38220.0,0.0,-3.95291,0.0,585_C20DisCh.csv,4
3.89098,0.14814,-0.63095,38280.0,0.0,-3.9433,0.0,585_C20DisCh.csv,4
3.89182,0.14814,-0.21032,38340.0,0.0,-3.93368,0.0,585_C20DisCh.csv,4
3.89249,0.14814,0.0,38400.0,0.0,-3.92405,0.0,585_C20DisCh.csv,4
3.89317,0.15069,0.0,38460.0,0.0,-3.91434,0.0,585_C20DisCh.csv,4
3.89418,0.14814,-1.47222,38520.0,0.0,-3.90469,0.0,585_C20DisCh.csv,4
3.89502,0.14814,-0.84127,38580.0,0.0,-3.89506,0.0,585_C20DisCh.csv,4
3.89569,0.14814,0.0,38640.0,0.0,-3.88543,0.0,585_C20DisCh.csv,4
3.89637,0.14814,0.21032,38700.0,0.0,-3.8758,0.0,585_C20DisCh.csv,4
3.89704,0.14814,-1.15674,38760.0,0.0,-3.86616,0.0,585_C20DisCh.csv,4
3.89789,0.14814,-1.36706,38820.0,0.0,-3.85649,0.0,585_C20DisCh.csv,4
3.89873,0.14814,-0.42063,38880.0,0.0,-3.84685,0.0,585_C20DisCh.csv,4
3.8994,0.14814,0.10516,38940.0,0.0,-3.83721,0.0,585_C20DisCh.csv,4
3.89991,0.14814,0.0,39000.0,0.0,-3.82759,0.0,585_C20DisCh.csv,4
3.90075,0.14814,-1.36706,39060.0,0.0,-3.81793,0.0,585_C20DisCh.csv,4
3.90159,0.14814,-0.63095,39120.0,0.0,-3.80828,0.0,585_C20DisCh.csv,4
3.90227,0.14814,0.0,39180.0,0.0,-3.79864,0.0,585_C20DisCh.csv,4
3.90277,0.14814,0.21032,39240.0,0.0,-3.78898,0.0,585_C20DisCh.csv,4
3.90362,0.15069,-1.36706,39300.0,0.0,-3.77933,0.0,585_C20DisCh.csv,4
3.90429,0.14814,-0.84127,39360.0,0.0,-3.76967,0.0,585_C20DisCh.csv,4
3.90497,0.14814,-0.21032,39420.0,0.0,-3.76001,0.0,585_C20DisCh.csv,4
3.90564,0.14814,-0.10516,39480.0,0.0,-3.75033,0.0,585_C20DisCh.csv,4
3.90631,0.15069,-0.73611,39540.0,0.0,-3.74067,0.0,585_C20DisCh.csv,4
3.90699,0.14814,-1.05159,39600.0,0.0,-3.73101,0.0,585_C20DisCh.csv,4
3.90783,0.14814,-0.73611,39660.0,0.0,-3.72135,0.0,585_C20DisCh.csv,4
3.90834,0.14814,-0.31548,39720.0,0.0,-3.71168,0.0,585_C20DisCh.csv,4
3.90901,0.14814,-0.21032,39780.0,0.0,-3.70199,0.0,585_C20DisCh.csv,4
3.90952,0.14814,-0.42063,39840.0,0.0,-3.69232,0.0,585_C20DisCh.csv,4
3.91036,0.14814,-1.2619,39900.0,0.0,-3.68265,0.0,585_C20DisCh.csv,4
3.91103,0.15069,-0.84127,39960.0,0.0,-3.67298,0.0,585_C20DisCh.csv,4
3.91171,0.14814,-0.52579,40020.0,0.0,-3.66329,0.0,585_C20DisCh.csv,4
3.91238,0.15069,-0.21032,40080.0,0.0,-3.6536,0.0,585_C20DisCh.csv,4
3.91306,0.14814,-0.21032,40140.0,0.0,-3.64391,0.0,585_C20DisCh.csv,4
3.91373,0.14814,-1.15674,40200.0,0.0,-3.63423,0.0,585_C20DisCh.csv,4
3.91441,0.15069,-0.94643,40260.0,0.0,-3.62454,0.0,585_C20DisCh.csv,4
3.91491,0.14814,-0.63095,40320.0,0.0,-3.61486,0.0,585_C20DisCh.csv,4
3.91559,0.14814,-0.31548,40380.0,0.0,-3.60517,0.0,585_C20DisCh.csv,4
3.91626,0.14814,-0.21032,40440.0,0.0,-3.59548,0.0,585_C20DisCh.csv,4
3.91677,0.14814,-0.42063,40500.0,0.0,-3.58578,0.0,585_C20DisCh.csv,4
3.91744,0.14814,-0.94643,40560.0,0.0,-3.57609,0.0,585_C20DisCh.csv,4
3.91811,0.15069,-0.73611,40620.0,0.0,-3.5664,0.0,585_C20DisCh.csv,4
3.91879,0.14814,-0.63095,40680.0,0.0,-3.55669,0.0,585_C20DisCh.csv,4
3.91946,0.14814,-0.42063,40740.0,0.0,-3.54693,0.0,585_C20DisCh.csv,4
3.91997,0.14814,-0.21032,40800.0,0.0,-3.53723,0.0,585_C20DisCh.csv,4
3.92064,0.14814,-0.63095,40860.0,0.0,-3.52755,0.0,585_C20DisCh.csv,4
3.92132,0.14814,-1.05159,40920.0,0.0,-3.51782,0.0,585_C20DisCh.csv,4
3.92199,0.14814,-0.84127,40980.0,0.0,-3.50807,0.0,585_C20DisCh.csv,4
3.92267,0.14814,-0.73611,41040.0,0.0,-3.49837,0.0,585_C20DisCh.csv,4
3.92317,0.14814,-0.52579,41100.0,0.0,-3.48868,0.0,585_C20DisCh.csv,4
3.92385,0.14814,-0.21032,41160.0,0.0,-3.47897,0.0,585_C20DisCh.csv,4
3.92435,0.14814,-0.10516,41220.0,0.0,-3.46926,0.0,585_C20DisCh.csv,4
3.92503,0.15069,-0.94643,41280.0,0.0,-3.45952,0.0,585_C20DisCh.csv,4
3.9257,0.14814,-0.94643,41340.0,0.0,-3.44982,0.0,585_C20DisCh.csv,4
3.92637,0.14814,-0.73611,41400.0,0.0,-3.4401,0.0,585_C20DisCh.csv,4
3.92705,0.14814,-0.63095,41460.0,0.0,-3.43038,0.0,585_C20DisCh.csv,4
3.92755,0.14814,-0.42063,41520.0,0.0,-3.42066,0.0,585_C20DisCh.csv,4
3.92823,0.14814,-0.21032,41580.0,0.0,-3.41094,0.0,585_C20DisCh.csv,4
3.92873,0.14814,-0.10516,41640.0,0.0,-3.40123,0.0,585_C20DisCh.csv,4
3.92941,0.14814,-0.94643,41700.0,0.0,-3.39151,0.0,585_C20DisCh.csv,4
3.93008,0.14814,-1.05159,41760.0,0.0,-3.38181,0.0,585_C20DisCh.csv,4
3.93076,0.14814,-0.84127,41820.0,0.0,-3.37209,0.0,585_C20DisCh.csv,4
3.93143,0.15069,-0.73611,41880.0,0.0,-3.36236,0.0,585_C20DisCh.csv,4
3.93194,0.14814,-0.42063,41940.0,0.0,-3.35263,0.0,585_C20DisCh.csv,4
3.93261,0.14814,-0.31548,42000.0,0.0,-3.34291,0.0,585_C20DisCh.csv,4
3.93312,0.14814,-0.10516,42060.0,0.0,-3.33309,0.0,585_C20DisCh.csv,4
3.93379,0.14814,-0.73611,42120.0,0.0,-3.32333,0.0,585_C20DisCh.csv,4
3.93446,0.15069,-0.94643,42180.0,0.0,-3.31357,0.0,585_C20DisCh.csv,4
3.93514,0.14814,-0.73611,42240.0,0.0,-3.30382,0.0,585_C20DisCh.csv,4
3.93581,0.14814,-0.63095,42300.0,0.0,-3.2941,0.0,585_C20DisCh.csv,4
3.93632,0.14814,-0.52579,42360.0,0.0,-3.28438,0.0,585_C20DisCh.csv,4
3.93699,0.14814,-0.31548,42420.0,0.0,-3.27465,0.0,585_C20DisCh.csv,4
3.9375,0.14814,-0.10516,42480.0,0.0,-3.26492,0.0,585_C20DisCh.csv,4
3.93817,0.14814,-0.84127,42540.0,0.0,-3.25519,0.0,585_C20DisCh.csv,4
3.93885,0.14814,-0.94643,42600.0,0.0,-3.24544,0.0,585_C20DisCh.csv,4
3.93952,0.14814,-0.73611,42660.0,0.0,-3.23569,0.0,585_C20DisCh.csv,4
3.9402,0.14814,-0.63095,42720.0,0.0,-3.22596,0.0,585_C20DisCh.csv,4
3.94087,0.14814,-0.42063,42780.0,0.0,-3.2162,0.0,585_C20DisCh.csv,4
3.94138,0.14814,-0.21032,42840.0,0.0,-3.20646,0.0,585_C20DisCh.csv,4
3.94205,0.14814,-0.21032,42900.0,0.0,-3.19671,0.0,585_C20DisCh.csv,4
3.94272,0.14814,-0.84127,42960.0,0.0,-3.18692,0.0,585_C20DisCh.csv,4
3.94357,0.14814,-0.94643,43020.0,0.0,-3.17717,0.0,585_C20DisCh.csv,4
3.94424,0.14814,-0.73611,43080.0,0.0,-3.16742,0.0,585_C20DisCh.csv,4
3.94475,0.14814,-0.63095,43140.0,0.0,-3.15762,0.0,585_C20DisCh.csv,4
3.94542,0.14814,-0.42063,43200.0,0.0,-3.14788,0.0,585_C20DisCh.csv,4
3.9461,0.14814,-0.21032,43260.0,0.0,-3.13813,0.0,585_C20DisCh.csv,4
3.9466,0.15069,-0.10516,43320.0,0.0,-3.12834,0.0,585_C20DisCh.csv,4
3.94728,0.14814,-0.73611,43380.0,0.0,-3.11856,0.0,585_C20DisCh.csv,4
3.94795,0.15069,-1.05159,43440.0,0.0,-3.10879,0.0,585_C20DisCh.csv,4
3.94862,0.14814,-0.84127,43500.0,0.0,-3.09901,0.0,585_C20DisCh.csv,4
3.9493,0.14814,-0.63095,43560.0,0.0,-3.08925,0.0,585_C20DisCh.csv,4
3.94997,0.15069,-0.52579,43620.0,0.0,-3.07947,0.0,585_C20DisCh.csv,4
3.95065,0.14814,-0.21032,43680.0,0.0,-3.06969,0.0,585_C20DisCh.csv,4
3.95132,0.14814,-0.10516,43740.0,0.0,-3.0599,0.0,585_C20DisCh.csv,4
3.95183,0.14814,-0.21032,43800.0,0.0,-3.05012,0.0,585_C20DisCh.csv,4
3.9525,0.14814,-0.73611,43860.0,0.0,-3.04035,0.0,585_C20DisCh.csv,4
3.95334,0.14814,-0.84127,43920.0,0.0,-3.03056,0.0,585_C20DisCh.csv,4
3.95402,0.14814,-0.84127,43980.0,0.0,-3.02079,0.0,585_C20DisCh.csv,4
3.95469,0.15069,-0.63095,44040.0,0.0,-3.01099,0.0,585_C20DisCh.csv,4
3.95554,0.14814,-0.52579,44100.0,0.0,-3.00122,0.0,585_C20DisCh.csv,4
3.95604,0.15069,-0.31548,44160.0,0.0,-2.99142,0.0,585_C20DisCh.csv,4
3.95672,0.14814,-0.21032,44220.0,0.0,-2.9816,0.0,585_C20DisCh.csv,4
3.95739,0.14814,-0.21032,44280.0,0.0,-2.97181,0.0,585_C20DisCh.csv,4
3.95806,0.15069,-0.21032,44340.0,0.0,-2.962,0.0,585_C20DisCh.csv,4
3.95874,0.14814,-0.42063,44400.0,0.0,-2.9522,0.0,585_C20DisCh.csv,4
3.95958,0.14814,-0.63095,44460.0,0.0,-2.94242,0.0,585_C20DisCh.csv,4
3.96026,0.14814,-0.63095,44520.0,0.0,-2.93264,0.0,585_C20DisCh.csv,4
3.9611,0.14814,-0.63095,44580.0,0.0,-2.92284,0.0,585_C20DisCh.csv,4
3.96177,0.14814,-0.63095,44640.0,0.0,-2.91301,0.0,585_C20DisCh.csv,4
3.96245,0.14814,-0.52579,44700.0,0.0,-2.90319,0.0,585_C20DisCh.csv,4
3.96312,0.14814,-0.42063,44760.0,0.0,-2.89339,0.0,585_C20DisCh.csv,4
3.96379,0.14814,-0.31548,44820.0,0.0,-2.88358,0.0,585_C20DisCh.csv,4
3.96447,0.14814,-0.21032,44880.0,0.0,-2.87377,0.0,585_C20DisCh.csv,4
3.96531,0.14814,-0.42063,44940.0,0.0,-2.86396,0.0,585_C20DisCh.csv,4
3.96599,0.14814,-0.42063,45000.0,0.0,-2.85414,0.0,585_C20DisCh.csv,4
3.96683,0.14814,-0.63095,45060.0,0.0,-2.84433,0.0,585_C20DisCh.csv,4
3.9675,0.15069,-0.63095,45120.0,0.0,-2.8345,0.0,585_C20DisCh.csv,4
3.96835,0.15069,-0.63095,45180.0,0.0,-2.82468,0.0,585_C20DisCh.csv,4
3.96919,0.14814,-0.63095,45240.0,0.0,-2.81485,0.0,585_C20DisCh.csv,4
3.96986,0.14814,-0.52579,45300.0,0.0,-2.80504,0.0,585_C20DisCh.csv,4
3.97054,0.14814,-0.52579,45360.0,0.0,-2.79522,0.0,585_C20DisCh.csv,4
3.97121,0.14814,-0.42063,45420.0,0.0,-2.78541,0.0,585_C20DisCh.csv,4
3.97205,0.14814,-0.31548,45480.0,0.0,-2.77557,0.0,585_C20DisCh.csv,4
3.97273,0.14814,-0.42063,45540.0,0.0,-2.76571,0.0,585_C20DisCh.csv,4
3.97357,0.14814,-0.52579,45600.0,0.0,-2.75588,0.0,585_C20DisCh.csv,4
3.97441,0.14814,-0.63095,45660.0,0.0,-2.74601,0.0,585_C20DisCh.csv,4
3.97509,0.14814,-0.52579,45720.0,0.0,-2.73617,0.0,585_C20DisCh.csv,4
3.97593,0.14814,-0.63095,45780.0,0.0,-2.72632,0.0,585_C20DisCh.csv,4
3.97677,0.14814,-0.52579,45840.0,0.0,-2.71647,0.0,585_C20DisCh.csv,4
3.97745,0.14814,-0.52579,45900.0,0.0,-2.70665,0.0,585_C20DisCh.csv,4
3.97829,0.14814,-0.52579,45960.0,0.0,-2.69681,0.0,585_C20DisCh.csv,4
3.97913,0.15069,-0.42063,46020.0,0.0,-2.68697,0.0,585_C20DisCh.csv,4
3.97998,0.14814,-0.42063,46080.0,0.0,-2.67712,0.0,585_C20DisCh.csv,4
3.98065,0.14814,-0.42063,46140.0,0.0,-2.66727,0.0,585_C20DisCh.csv,4
3.98133,0.14814,-0.42063,46200.0,0.0,-2.65742,0.0,585_C20DisCh.csv,4
3.98217,0.14814,-0.42063,46260.0,0.0,-2.64757,0.0,585_C20DisCh.csv,4
3.98301,0.14814,-0.42063,46320.0,0.0,-2.63772,0.0,585_C20DisCh.csv,4
3.98385,0.14814,-0.42063,46380.0,0.0,-2.62786,0.0,585_C20DisCh.csv,4
3.98453,0.14814,-0.42063,46440.0,0.0,-2.61802,0.0,585_C20DisCh.csv,4
3.98554,0.14814,-0.63095,46500.0,0.0,-2.60814,0.0,585_C20DisCh.csv,4
3.98638,0.15069,-0.52579,46560.0,0.0,-2.59829,0.0,585_C20DisCh.csv,4
3.98723,0.14814,-0.52579,46620.0,0.0,-2.58845,0.0,585_C20DisCh.csv,4
3.98807,0.15069,-0.52579,46680.0,0.0,-2.5786,0.0,585_C20DisCh.csv,4
3.98874,0.14814,-0.52579,46740.0,0.0,-2.56873,0.0,585_C20DisCh.csv,4
3.98959,0.15069,-0.42063,46800.0,0.0,-2.55882,0.0,585_C20DisCh.csv,4
3.99043,0.14814,-0.42063,46860.0,0.0,-2.54896,0.0,585_C20DisCh.csv,4
3.99127,0.14814,-0.52579,46920.0,0.0,-2.53907,0.0,585_C20DisCh.csv,4
3.99211,0.14814,-0.52579,46980.0,0.0,-2.52922,0.0,585_C20DisCh.csv,4
3.99296,0.14814,-0.52579,47040.0,0.0,-2.51931,0.0,585_C20DisCh.csv,4
3.9938,0.14814,-0.52579,47100.0,0.0,-2.50944,0.0,585_C20DisCh.csv,4
3.99464,0.14814,-0.42063,47160.0,0.0,-2.49953,0.0,585_C20DisCh.csv,4
3.99549,0.15069,-0.42063,47220.0,0.0,-2.48967,0.0,585_C20DisCh.csv,4
3.99633,0.14814,-0.63095,47280.0,0.0,-2.47973,0.0,585_C20DisCh.csv,4
3.99717,0.14814,-0.52579,47340.0,0.0,-2.46984,0.0,585_C20DisCh.csv,4
3.99818,0.14814,-0.52579,47400.0,0.0,-2.45993,0.0,585_C20DisCh.csv,4
3.99902,0.15069,-0.52579,47460.0,0.0,-2.45004,0.0,585_C20DisCh.csv,4
3.99987,0.14814,-0.42063,47520.0,0.0,-2.44014,0.0,585_C20DisCh.csv,4
4.00071,0.14814,-0.52579,47580.0,0.0,-2.43026,0.0,585_C20DisCh.csv,4
4.00172,0.14814,-0.52579,47640.0,0.0,-2.42038,0.0,585_C20DisCh.csv,4
4.00256,0.14814,-0.63095,47700.0,0.0,-2.41048,0.0,585_C20DisCh.csv,4
4.00341,0.14814,-0.52579,47760.0,0.0,-2.40058,0.0,585_C20DisCh.csv,4
4.00425,0.15069,-0.52579,47820.0,0.0,-2.39061,0.0,585_C20DisCh.csv,4
4.00526,0.14814,-0.52579,47880.0,0.0,-2.3807,0.0,585_C20DisCh.csv,4
4.0061,0.14814,-0.52579,47940.0,0.0,-2.37077,0.0,585_C20DisCh.csv,4
4.00695,0.14814,-0.52579,48000.0,0.0,-2.36087,0.0,585_C20DisCh.csv,4
4.00779,0.14814,-0.52579,48060.0,0.0,-2.35095,0.0,585_C20DisCh.csv,4
4.00863,0.14814,-0.52579,48120.0,0.0,-2.34104,0.0,585_C20DisCh.csv,4
4.00964,0.14814,-0.42063,48180.0,0.0,-2.33112,0.0,585_C20DisCh.csv,4
4.01049,0.14814,-0.63095,48240.0,0.0,-2.32121,0.0,585_C20DisCh.csv,4
4.01133,0.15069,-0.73611,48300.0,0.0,-2.3113,0.0,585_C20DisCh.csv,4
4.01234,0.14814,-0.73611,48360.0,0.0,-2.30138,0.0,585_C20DisCh.csv,4
4.01318,0.14814,-0.63095,48420.0,0.0,-2.29143,0.0,585_C20DisCh.csv,4
4.0142,0.14814,-0.63095,48480.0,0.0,-2.28146,0.0,585_C20DisCh.csv,4
4.01504,0.14814,-0.52579,48540.0,0.0,-2.27153,0.0,585_C20DisCh.csv,4
4.01588,0.14814,-0.42063,48600.0,0.0,-2.26157,0.0,585_C20DisCh.csv,4
4.01689,0.14814,-0.42063,48660.0,0.0,-2.2516,0.0,585_C20DisCh.csv,4
4.01774,0.14814,-0.42063,48720.0,0.0,-2.24167,0.0,585_C20DisCh.csv,4
4.01858,0.14814,-0.52579,48780.0,0.0,-2.23173,0.0,585_C20DisCh.csv,4
4.01959,0.14814,-0.52579,48840.0,0.0,-2.22178,0.0,585_C20DisCh.csv,4
4.02043,0.14814,-0.52579,48900.0,0.0,-2.21186,0.0,585_C20DisCh.csv,4
4.02144,0.14814,-0.52579,48960.0,0.0,-2.20191,0.0,585_C20DisCh.csv,4
4.02229,0.14814,-0.63095,49020.0,0.0,-2.19197,0.0,585_C20DisCh.csv,4
4.0233,0.14814,-0.52579,49080.0,0.0,-2.18204,0.0,585_C20DisCh.csv,4
4.02414,0.14814,-0.42063,49140.0,0.0,-2.17208,0.0,585_C20DisCh.csv,4
4.02498,0.15069,-0.52579,49200.0,0.0,-2.16212,0.0,585_C20DisCh.csv,4
4.026,0.14814,-0.52579,49260.0,0.0,-2.15217,0.0,585_C20DisCh.csv,4
4.02684,0.14814,-0.52579,49320.0,0.0,-2.1422,0.0,585_C20DisCh.csv,4
4.02768,0.14814,-0.63095,49380.0,0.0,-2.13224,0.0,585_C20DisCh.csv,4
4.02869,0.15069,-0.63095,49440.0,0.0,-2.12225,0.0,585_C20DisCh.csv,4
4.0297,0.14814,-0.63095,49500.0,0.0,-2.11229,0.0,585_C20DisCh.csv,4
4.03055,0.14814,-0.63095,49560.0,0.0,-2.10231,0.0,585_C20DisCh.csv,4
4.03156,0.14814,-0.63095,49620.0,0.0,-2.09234,0.0,585_C20DisCh.csv,4
4.0324,0.14814,-0.52579,49680.0,0.0,-2.08237,0.0,585_C20DisCh.csv,4
4.03324,0.15069,-0.52579,49740.0,0.0,-2.0724,0.0,585_C20DisCh.csv,4
4.03425,0.14814,-0.52579,49800.0,0.0,-2.06242,0.0,585_C20DisCh.csv,4
4.0351,0.14814,-0.52579,49860.0,0.0,-2.05243,0.0,585_C20DisCh.csv,4
4.03611,0.14814,-0.63095,49920.0,0.0,-2.04244,0.0,585_C20DisCh.csv,4
4.03695,0.14814,-0.63095,49980.0,0.0,-2.03247,0.0,585_C20DisCh.csv,4
4.03796,0.14814,-0.63095,50040.0,0.0,-2.02247,0.0,585_C20DisCh.csv,4
4.03881,0.14814,-0.52579,50100.0,0.0,-2.01248,0.0,585_C20DisCh.csv,4
4.03965,0.14814,-0.42063,50160.0,0.0,-2.00248,0.0,585_C20DisCh.csv,4
4.04049,0.14814,-0.63095,50220.0,0.0,-1.99248,0.0,585_C20DisCh.csv,4
4.0415,0.15069,-0.63095,50280.0,0.0,-1.98248,0.0,585_C20DisCh.csv,4
4.04235,0.14814,-0.63095,50340.0,0.0,-1.97249,0.0,585_C20DisCh.csv,4
4.04336,0.14814,-0.52579,50400.0,0.0,-1.96248,0.0,585_C20DisCh.csv,4
4.0442,0.14814,-0.52579,50460.0,0.0,-1.95247,0.0,585_C20DisCh.csv,4
4.04521,0.15069,-0.52579,50520.0,0.0,-1.94246,0.0,585_C20DisCh.csv,4
4.04605,0.14814,-0.52579,50580.0,0.0,-1.93246,0.0,585_C20DisCh.csv,4
4.0469,0.14814,-0.52579,50640.0,0.0,-1.92245,0.0,585_C20DisCh.csv,4
4.04774,0.14814,-0.52579,50700.0,0.0,-1.91243,0.0,585_C20DisCh.csv,4
4.04875,0.15069,-0.52579,50760.0,0.0,-1.90243,0.0,585_C20DisCh.csv,4
4.04959,0.15069,-0.52579,50820.0,0.0,-1.89241,0.0,585_C20DisCh.csv,4
4.05061,0.14814,-0.63095,50880.0,0.0,-1.8824,0.0,585_C20DisCh.csv,4
4.05145,0.15069,-0.73611,50940.0,0.0,-1.87238,0.0,585_C20DisCh.csv,4
4.05229,0.14814,-0.63095,51000.0,0.0,-1.86235,0.0,585_C20DisCh.csv,4
4.0533,0.14814,-0.63095,51060.0,0.0,-1.85232,0.0,585_C20DisCh.csv,4
4.05415,0.14814,-0.63095,51120.0,0.0,-1.84229,0.0,585_C20DisCh.csv,4
4.05499,0.14814,-0.63095,51180.0,0.0,-1.83225,0.0,585_C20DisCh.csv,4
4.05583,0.14814,-0.52579,51240.0,0.0,-1.82222,0.0,585_C20DisCh.csv,4
4.05667,0.14814,-0.52579,51300.0,0.0,-1.81218,0.0,585_C20DisCh.csv,4
4.05752,0.14814,-0.52579,51360.0,0.0,-1.80213,0.0,585_C20DisCh.csv,4
4.05836,0.14814,-0.63095,51420.0,0.0,-1.79211,0.0,585_C20DisCh.csv,4
4.0592,0.14814,-0.63095,51480.0,0.0,-1.78207,0.0,585_C20DisCh.csv,4
4.06021,0.15069,-0.63095,51540.0,0.0,-1.77201,0.0,585_C20DisCh.csv,4
4.06106,0.14814,-0.73611,51600.0,0.0,-1.76196,0.0,585_C20DisCh.csv,4
4.0619,0.15069,-0.63095,51660.0,0.0,-1.75192,0.0,585_C20DisCh.csv,4
4.06274,0.14814,-0.52579,51720.0,0.0,-1.74186,0.0,585_C20DisCh.csv,4
4.06359,0.14814,-0.63095,51780.0,0.0,-1.7318,0.0,585_C20DisCh.csv,4
4.06443,0.14814,-0.63095,51840.0,0.0,-1.72174,0.0,585_C20DisCh.csv,4
4.06527,0.14814,-0.63095,51900.0,0.0,-1.71168,0.0,585_C20DisCh.csv,4
4.06611,0.14814,-0.63095,51960.0,0.0,-1.70162,0.0,585_C20DisCh.csv,4
4.06696,0.14814,-0.63095,52020.0,0.0,-1.69157,0.0,585_C20DisCh.csv,4
4.0678,0.14814,-0.63095,52080.0,0.0,-1.6815,0.0,585_C20DisCh.csv,4
4.06847,0.14814,-0.63095,52140.0,0.0,-1.67145,0.0,585_C20DisCh.csv,4
4.06932,0.14814,-0.63095,52200.0,0.0,-1.66137,0.0,585_C20DisCh.csv,4
4.07016,0.15069,-0.52579,52260.0,0.0,-1.6513,0.0,585_C20DisCh.csv,4
4.071,0.14814,-0.52579,52320.0,0.0,-1.64123,0.0,585_C20DisCh.csv,4
4.07184,0.14814,-0.52579,52380.0,0.0,-1.63117,0.0,585_C20DisCh.csv,4
4.07269,0.14814,-0.63095,52440.0,0.0,-1.6211,0.0,585_C20DisCh.csv,4
4.07353,0.15069,-0.63095,52500.0,0.0,-1.61098,0.0,585_C20DisCh.csv,4
4.07437,0.14814,-0.52579,52560.0,0.0,-1.60085,0.0,585_C20DisCh.csv,4
4.07505,0.14814,-0.63095,52620.0,0.0,-1.59078,0.0,585_C20DisCh.csv,4
4.07589,0.14814,-0.52579,52680.0,0.0,-1.58069,0.0,585_C20DisCh.csv,4
4.07656,0.14814,-0.52579,52740.0,0.0,-1.57062,0.0,585_C20DisCh.csv,4
4.07741,0.14814,-0.63095,52800.0,0.0,-1.56055,0.0,585_C20DisCh.csv,4
4.07825,0.14814,-0.63095,52860.0,0.0,-1.55048,0.0,585_C20DisCh.csv,4
4.07892,0.15069,-0.63095,52920.0,0.0,-1.5404,0.0,585_C20DisCh.csv,4
4.07977,0.14814,-0.63095,52980.0,0.0,-1.53029,0.0,585_C20DisCh.csv,4
4.08044,0.14814,-0.52579,53040.0,0.0,-1.52021,0.0,585_C20DisCh.csv,4
4.08112,0.14814,-0.52579,53100.0,0.0,-1.51012,0.0,585_C20DisCh.csv,4
4.08179,0.14814,-0.52579,53160.0,0.0,-1.50001,0.0,585_C20DisCh.csv,4
4.08263,0.14814,-0.63095,53220.0,0.0,-1.48992,0.0,585_C20DisCh.csv,4
4.08331,0.14814,-0.63095,53280.0,0.0,-1.47981,0.0,585_C20DisCh.csv,4
4.08415,0.15069,-0.73611,53340.0,0.0,-1.4697,0.0,585_C20DisCh.csv,4
4.08482,0.14814,-0.63095,53400.0,0.0,-1.45959,0.0,585_C20DisCh.csv,4
4.0855,0.14814,-0.52579,53460.0,0.0,-1.44948,0.0,585_C20DisCh.csv,4
4.08617,0.14814,-0.52579,53520.0,0.0,-1.43937,0.0,585_C20DisCh.csv,4
4.08685,0.14814,-0.52579,53580.0,0.0,-1.42926,0.0,585_C20DisCh.csv,4
4.08752,0.14814,-0.52579,53640.0,0.0,-1.41914,0.0,585_C20DisCh.csv,4
4.08803,0.14814,-0.63095,53700.0,0.0,-1.40902,0.0,585_C20DisCh.csv,4
4.0887,0.14814,-0.63095,53760.0,0.0,-1.39892,0.0,585_C20DisCh.csv,4
4.08938,0.14814,-0.63095,53820.0,0.0,-1.38882,0.0,585_C20DisCh.csv,4
4.09005,0.14814,-0.63095,53880.0,0.0,-1.37872,0.0,585_C20DisCh.csv,4
4.09072,0.15069,-0.52579,53940.0,0.0,-1.3686,0.0,585_C20DisCh.csv,4
4.0914,0.15069,-0.52579,54000.0,0.0,-1.35842,0.0,585_C20DisCh.csv,4
4.0919,0.14814,-0.52579,54060.0,0.0,-1.34829,0.0,585_C20DisCh.csv,4
4.09241,0.14814,-0.52579,54120.0,0.0,-1.33818,0.0,585_C20DisCh.csv,4
4.09308,0.14814,-0.63095,54180.0,0.0,-1.32807,0.0,585_C20DisCh.csv,4
4.09359,0.14814,-0.63095,54240.0,0.0,-1.31795,0.0,585_C20DisCh.csv,4
4.09426,0.15069,-0.63095,54300.0,0.0,-1.30782,0.0,585_C20DisCh.csv,4
4.09477,0.14814,-0.63095,54360.0,0.0,-1.29769,0.0,585_C20DisCh.csv,4
4.09528,0.14814,-0.63095,54420.0,0.0,-1.28755,0.0,585_C20DisCh.csv,4
4.09578,0.14814,-0.63095,54480.0,0.0,-1.27742,0.0,585_C20DisCh.csv,4
4.09629,0.14814,-0.73611,54540.0,0.0,-1.2673,0.0,585_C20DisCh.csv,4
4.09679,0.14814,-0.63095,54600.0,0.0,-1.25717,0.0,585_C20DisCh.csv,4
4.0973,0.14814,-0.63095,54660.0,0.0,-1.24702,0.0,585_C20DisCh.csv,4
4.0978,0.15069,-0.63095,54720.0,0.0,-1.23689,0.0,585_C20DisCh.csv,4
4.09831,0.14814,-0.63095,54780.0,0.0,-1.22672,0.0,585_C20DisCh.csv,4
4.09865,0.14814,-0.52579,54840.0,0.0,-1.21659,0.0,585_C20DisCh.csv,4
4.09915,0.14814,-0.73611,54900.0,0.0,-1.20645,0.0,585_C20DisCh.csv,4
4.09966,0.14814,-0.63095,54960.0,0.0,-1.19632,0.0,585_C20DisCh.csv,4
4.1,0.14814,-0.52579,55020.0,0.0,-1.18617,0.0,585_C20DisCh.csv,4
4.10033,0.14814,-0.52579,55080.0,0.0,-1.17604,0.0,585_C20DisCh.csv,4
4.10084,0.14814,-0.52579,55140.0,0.0,-1.1659,0.0,585_C20DisCh.csv,4
4.10117,0.14814,-0.52579,55200.0,0.0,-1.15574,0.0,585_C20DisCh.csv,4
4.10151,0.14814,-0.63095,55260.0,0.0,-1.1456,0.0,585_C20DisCh.csv,4
4.10202,0.14814,-0.52579,55320.0,0.0,-1.13544,0.0,585_C20DisCh.csv,4
4.10235,0.15069,-0.84127,55380.0,0.0,-1.12528,0.0,585_C20DisCh.csv,4
4.10269,0.14814,-0.84127,55440.0,0.0,-1.11515,0.0,585_C20DisCh.csv,4
4.1032,0.14814,-0.84127,55500.0,0.0,-1.10499,0.0,585_C20DisCh.csv,4
4.10337,0.14814,-0.63095,55560.0,0.0,-1.09486,0.0,585_C20DisCh.csv,4
4.10387,0.15069,-0.63095,55620.0,0.0,-1.08472,0.0,585_C20DisCh.csv,4
4.10404,0.14814,-0.52579,55680.0,0.0,-1.07456,0.0,585_C20DisCh.csv,4
4.10438,0.14814,-0.52579,55740.0,0.0,-1.06439,0.0,585_C20DisCh.csv,4
4.10471,0.14814,-0.42063,55800.0,0.0,-1.05424,0.0,585_C20DisCh.csv,4
4.10505,0.14814,-0.42063,55860.0,0.0,-1.04409,0.0,585_C20DisCh.csv,4
4.10539,0.14814,-0.52579,55920.0,0.0,-1.03393,0.0,585_C20DisCh.csv,4
4.10573,0.14814,-0.63095,55980.0,0.0,-1.02377,0.0,585_C20DisCh.csv,4
4.10606,0.14814,-0.94643,56040.0,0.0,-1.01362,0.0,585_C20DisCh.csv,4
4.1064,0.14814,-0.94643,56100.0,0.0,-1.00347,0.0,585_C20DisCh.csv,4
4.10674,0.14814,-0.84127,56160.0,0.0,-0.99331,0.0,585_C20DisCh.csv,4
4.10707,0.14814,-0.73611,56220.0,0.0,-0.98314,0.0,585_C20DisCh.csv,4
4.10724,0.14814,-0.63095,56280.0,0.0,-0.97298,0.0,585_C20DisCh.csv,4
4.10758,0.14814,-0.42063,56340.0,0.0,-0.96282,0.0,585_C20DisCh.csv,4
4.10792,0.14814,-0.52579,56400.0,0.0,-0.95265,0.0,585_C20DisCh.csv,4
4.10809,0.14814,-0.63095,56460.0,0.0,-0.94247,0.0,585_C20DisCh.csv,4
4.10842,0.14814,-0.84127,56520.0,0.0,-0.93231,0.0,585_C20DisCh.csv,4
4.10876,0.14814,-0.73611,56580.0,0.0,-0.92214,0.0,585_C20DisCh.csv,4
4.10893,0.14814,-0.73611,56640.0,0.0,-0.91198,0.0,585_C20DisCh.csv,4
4.10927,0.14814,-0.63095,56700.0,0.0,-0.9018,0.0,585_C20DisCh.csv,4
4.1096,0.14814,-0.42063,56760.0,0.0,-0.89162,0.0,585_C20DisCh.csv,4
4.10977,0.14814,-0.31548,56820.0,0.0,-0.88145,0.0,585_C20DisCh.csv,4
4.11011,0.14814,-0.73611,56880.0,0.0,-0.87128,0.0,585_C20DisCh.csv,4
4.11045,0.14814,-0.84127,56940.0,0.0,-0.86113,0.0,585_C20DisCh.csv,4
4.11078,0.14814,-0.84127,57000.0,0.0,-0.85098,0.0,585_C20DisCh.csv,4
4.11112,0.14814,-0.73611,57060.0,0.0,-0.84079,0.0,585_C20DisCh.csv,4
4.11129,0.15069,-0.63095,57120.0,0.0,-0.83062,0.0,585_C20DisCh.csv,4
4.11163,0.14814,-0.42063,57180.0,0.0,-0.82045,0.0,585_C20DisCh.csv,4
4.11179,0.14814,-0.42063,57240.0,0.0,-0.81027,0.0,585_C20DisCh.csv,4
4.11213,0.14814,-0.63095,57300.0,0.0,-0.80011,0.0,585_C20DisCh.csv,4
4.11247,0.14814,-0.73611,57360.0,0.0,-0.78993,0.0,585_C20DisCh.csv,4
4.11281,0.14814,-0.84127,57420.0,0.0,-0.77976,0.0,585_C20DisCh.csv,4
4.11314,0.14814,-0.73611,57480.0,0.0,-0.7696,0.0,585_C20DisCh.csv,4
4.11331,0.15069,-0.63095,57540.0,0.0,-0.75943,0.0,585_C20DisCh.csv,4
4.11365,0.14814,-0.63095,57600.0,0.0,-0.74924,0.0,585_C20DisCh.csv,4
4.11399,0.14814,-0.52579,57660.0,0.0,-0.73907,0.0,585_C20DisCh.csv,4
4.11415,0.14814,-0.42063,57720.0,0.0,-0.72889,0.0,585_C20DisCh.csv,4
4.11449,0.14814,-0.63095,57780.0,0.0,-0.71871,0.0,585_C20DisCh.csv,4
4.11483,0.14814,-0.52579,57840.0,0.0,-0.70853,0.0,585_C20DisCh.csv,4
4.11517,0.15069,-0.63095,57900.0,0.0,-0.69836,0.0,585_C20DisCh.csv,4
4.11533,0.14814,-0.52579,57960.0,0.0,-0.68818,0.0,585_C20DisCh.csv,4
4.11567,0.14814,-0.52579,58020.0,0.0,-0.67801,0.0,585_C20DisCh.csv,4
4.11601,0.15069,-0.52579,58080.0,0.0,-0.66778,0.0,585_C20DisCh.csv,4
4.11635,0.14814,-0.73611,58140.0,0.0,-0.65761,0.0,585_C20DisCh.csv,4
4.11668,0.14814,-0.84127,58200.0,0.0,-0.64744,0.0,585_C20DisCh.csv,4
4.11702,0.15069,-0.84127,58260.0,0.0,-0.63726,0.0,585_C20DisCh.csv,4
4.11753,0.14814,-0.73611,58320.0,0.0,-0.62706,0.0,585_C20DisCh.csv,4
4.11769,0.14814,-0.63095,58380.0,0.0,-0.61689,0.0,585_C20DisCh.csv,4
4.11803,0.15069,-0.52579,58440.0,0.0,-0.60671,0.0,585_C20DisCh.csv,4
4.11837,0.14814,-0.42063,58500.0,0.0,-0.59651,0.0,585_C20DisCh.csv,4
4.11871,0.14814,-0.52579,58560.0,0.0,-0.58633,0.0,585_C20DisCh.csv,4
4.11904,0.14814,-0.84127,58620.0,0.0,-0.57614,0.0,585_C20DisCh.csv,4
4.11938,0.14814,-0.84127,58680.0,0.0,-0.56596,0.0,585_C20DisCh.csv,4
4.11989,0.14814,-0.84127,58740.0,0.0,-0.55576,0.0,585_C20DisCh.csv,4
4.12022,0.14814,-0.73611,58800.0,0.0,-0.54559,0.0,585_C20DisCh.csv,4
4.12056,0.14814,-0.63095,58860.0,0.0,-0.53538,0.0,585_C20DisCh.csv,4
4.1209,0.14814,-0.52579,58920.0,0.0,-0.52516,0.0,585_C20DisCh.csv,4
4.12123,0.14814,-0.73611,58980.0,0.0,-0.51499,0.0,585_C20DisCh.csv,4
4.12157,0.14814,-0.73611,59040.0,0.0,-0.50481,0.0,585_C20DisCh.csv,4
4.12191,0.14814,-0.63095,59100.0,0.0,-0.49462,0.0,585_C20DisCh.csv,4
4.12225,0.14814,-0.52579,59160.0,0.0,-0.48442,0.0,585_C20DisCh.csv,4
4.12258,0.14814,-0.42063,59220.0,0.0,-0.47422,0.0,585_C20DisCh.csv,4
4.12309,0.15069,-0.42063,59280.0,0.0,-0.46404,0.0,585_C20DisCh.csv,4
4.12343,0.14814,-0.63095,59340.0,0.0,-0.45379,0.0,585_C20DisCh.csv,4
4.12393,0.15069,-0.84127,59400.0,0.0,-0.44358,0.0,585_C20DisCh.csv,4
4.12444,0.14814,-0.94643,59460.0,0.0,-0.43338,0.0,585_C20DisCh.csv,4
4.12477,0.14814,-0.73611,59520.0,0.0,-0.42314,0.0,585_C20DisCh.csv,4
4.12528,0.14814,-0.73611,59580.0,0.0,-0.41293,0.0,585_C20DisCh.csv,4
4.12562,0.14814,-0.63095,59640.0,0.0,-0.40274,0.0,585_C20DisCh.csv,4
4.12612,0.14814,-0.52579,59700.0,0.0,-0.39255,0.0,585_C20DisCh.csv,4
4.12646,0.14814,-0.42063,59760.0,0.0,-0.38233,0.0,585_C20DisCh.csv,4
4.12697,0.14814,-0.42063,59820.0,0.0,-0.37212,0.0,585_C20DisCh.csv,4
4.1273,0.14814,-0.42063,59880.0,0.0,-0.36192,0.0,585_C20DisCh.csv,4
4.12764,0.14814,-0.42063,59940.0,0.0,-0.35167,0.0,585_C20DisCh.csv,4
4.12815,0.14814,-0.42063,60000.0,0.0,-0.34147,0.0,585_C20DisCh.csv,4
4.12865,0.14814,-0.42063,60060.0,0.0,-0.33126,0.0,585_C20DisCh.csv,4
4.12899,0.14814,-0.42063,60120.0,0.0,-0.32104,0.0,585_C20DisCh.csv,4
4.12949,0.14814,-0.63095,60180.0,0.0,-0.31083,0.0,585_C20DisCh.csv,4
4.13017,0.14814,-0.73611,60240.0,0.0,-0.30064,0.0,585_C20DisCh.csv,4
4.13067,0.14814,-0.84127,60300.0,0.0,-0.29043,0.0,585_C20DisCh.csv,4
4.13118,0.14814,-0.84127,60360.0,0.0,-0.2802,0.0,585_C20DisCh.csv,4
4.13185,0.14814,-0.73611,60420.0,0.0,-0.26998,0.0,585_C20DisCh.csv,4
4.13236,0.14814,-0.52579,60480.0,0.0,-0.25976,0.0,585_C20DisCh.csv,4
4.13287,0.14814,-0.52579,60540.0,0.0,-0.24955,0.0,585_C20DisCh.csv,4
4.13337,0.14814,-0.31548,60600.0,0.0,-0.23932,0.0,585_C20DisCh.csv,4
4.13388,0.14814,-0.31548,60660.0,0.0,-0.22909,0.0,585_C20DisCh.csv,4
4.13438,0.14814,-0.63095,60720.0,0.0,-0.21888,0.0,585_C20DisCh.csv,4
4.13506,0.14814,-0.73611,60780.0,0.0,-0.20867,0.0,585_C20DisCh.csv,4
4.13556,0.14814,-0.73611,60840.0,0.0,-0.19845,0.0,585_C20DisCh.csv,4
4.13624,0.14814,-0.63095,60900.0,0.0,-0.18822,0.0,585_C20DisCh.csv,4
4.13691,0.14814,-0.52579,60960.0,0.0,-0.17801,0.0,585_C20DisCh.csv,4
4.13742,0.14814,-0.42063,61020.0,0.0,-0.1678,0.0,585_C20DisCh.csv,4
4.13792,0.14814,-0.31548,61080.0,0.0,-0.15756,0.0,585_C20DisCh.csv,4
4.1386,0.14814,-0.42063,61140.0,0.0,-0.14734,0.0,585_C20DisCh.csv,4
4.13927,0.14814,-0.73611,61200.0,0.0,-0.1371,0.0,585_C20DisCh.csv,4
4.13994,0.14814,-0.73611,61260.0,0.0,-0.12684,0.0,585_C20DisCh.csv,4
4.14079,0.15069,-0.73611,61320.0,0.0,-0.1166,0.0,585_C20DisCh.csv,4
4.14146,0.14814,-0.63095,61380.0,0.0,-0.10635,0.0,585_C20DisCh.csv,4
4.14214,0.14814,-0.52579,61440.0,0.0,-0.09611,0.0,585_C20DisCh.csv,4
4.14281,0.14814,-0.31548,61500.0,0.0,-0.08586,0.0,585_C20DisCh.csv,4
4.14348,0.15069,-0.52579,61560.0,0.0,-0.07561,0.0,585_C20DisCh.csv,4
4.14416,0.14814,-0.63095,61620.0,0.0,-0.06535,0.0,585_C20DisCh.csv,4
4.145,0.14814,-0.63095,61680.0,0.0,-0.05509,0.0,585_C20DisCh.csv,4
4.14568,0.14814,-0.63095,61740.0,0.0,-0.04481,0.0,585_C20DisCh.csv,4
4.14652,0.14814,-0.52579,61800.0,0.0,-0.03454,0.0,585_C20DisCh.csv,4
4.14736,0.15069,-0.42063,61860.0,0.0,-0.02428,0.0,585_C20DisCh.csv,4
4.14804,0.14814,-0.52579,61920.0,0.0,-0.01402,0.0,585_C20DisCh.csv,4
4.14888,0.14814,-0.42063,61980.0,0.0,-0.00375,0.0,585_C20DisCh.csv,4
4.14972,0.14814,-0.52579,62040.0,0.0,0.00651,0.0,585_C20DisCh.csv,4
4.15056,0.14814,-0.42063,62100.0,0.0,0.01679,0.0,585_C20DisCh.csv,4
4.15141,0.14814,-0.42063,62160.0,0.0,0.02706,0.0,585_C20DisCh.csv,4
4.15242,0.14814,-0.42063,62220.0,0.0,0.03733,0.0,585_C20DisCh.csv,4
4.15326,0.14814,-0.42063,62280.0,0.0,0.04759,0.0,585_C20DisCh.csv,4
4.1541,0.15069,-0.52579,62340.0,0.0,0.05787,0.0,585_C20DisCh.csv,4
4.15512,0.14814,-0.63095,62400.0,0.0,0.06815,0.0,585_C20DisCh.csv,4
4.15613,0.14814,-0.52579,62460.0,0.0,0.07843,0.0,585_C20DisCh.csv,4
4.15714,0.14814,-0.63095,62520.0,0.0,0.08871,0.0,585_C20DisCh.csv,4
4.15832,0.14814,-0.63095,62580.0,0.0,0.09901,0.0,585_C20DisCh.csv,4
4.15933,0.14814,-0.52579,62640.0,0.0,0.10931,0.0,585_C20DisCh.csv,4
4.16034,0.14814,-0.52579,62700.0,0.0,0.11959,0.0,585_C20DisCh.csv,4
4.16152,0.14814,-0.42063,62760.0,0.0,0.12988,0.0,585_C20DisCh.csv,4
4.16253,0.14814,-0.52579,62820.0,0.0,0.14015,0.0,585_C20DisCh.csv,4
4.16371,0.14814,-0.73611,62880.0,0.0,0.15047,0.0,585_C20DisCh.csv,4
4.16489,0.14814,-0.63095,62940.0,0.0,0.16075,0.0,585_C20DisCh.csv,4
4.16607,0.14814,-0.63095,63000.0,0.0,0.17108,2.288951841359774,585_C20DisCh.csv,4
4.16725,0.15069,-0.52579,63060.0,0.0,0.18139,5.087818696883853,585_C20DisCh.csv,4
4.16843,0.15069,-0.42063,63120.0,0.0,0.1917,7.886685552407932,585_C20DisCh.csv,4
4.16978,0.14814,-0.42063,63180.0,0.0,0.20203,10.69688385269122,585_C20DisCh.csv,4
4.17096,0.14814,-0.63095,63240.0,0.0,0.21235,13.4957507082153,585_C20DisCh.csv,4
4.17248,0.15069,-0.84127,63300.0,0.0,0.22267,16.305949008498587,585_C20DisCh.csv,4
4.17399,0.14814,-0.94643,63360.0,0.0,0.233,19.104815864022665,585_C20DisCh.csv,4
4.17534,0.14814,-0.84127,63420.0,0.0,0.24333,21.915014164305948,585_C20DisCh.csv,4
4.17686,0.14814,-0.63095,63480.0,0.0,0.25365,24.713881019830023,585_C20DisCh.csv,4
4.17821,0.14814,-0.52579,63540.0,0.0,0.26401,27.52407932011332,585_C20DisCh.csv,4
4.17956,0.14814,-0.42063,63600.0,0.0,0.27437,30.3342776203966,585_C20DisCh.csv,4
4.18107,0.14814,-0.42063,63660.0,0.0,0.28471,33.13314447592068,585_C20DisCh.csv,4
4.18259,0.14814,-0.63095,63720.0,0.0,0.29506,35.94334277620397,585_C20DisCh.csv,4
4.18411,0.14814,-0.63095,63780.0,0.0,0.30541,38.742209631728045,585_C20DisCh.csv,4
4.18579,0.14814,-0.63095,63840.0,0.0,0.31577,41.55240793201133,585_C20DisCh.csv,4
4.18748,0.14814,-0.63095,63900.0,0.0,0.32613,44.35127478753542,585_C20DisCh.csv,4
4.189,0.14814,-0.63095,63960.0,0.0,0.33648,47.1501416430595,585_C20DisCh.csv,4
4.19068,0.14814,-0.52579,64020.0,0.0,0.34685,49.96033994334277,585_C20DisCh.csv,4
4.19237,0.15069,-0.42063,64080.0,0.0,0.35721,52.759206798866856,585_C20DisCh.csv,4
4.19405,0.14814,-0.52579,64140.0,0.0,0.3676,55.56940509915015,585_C20DisCh.csv,4
4.19591,0.14814,-0.63095,64200.0,0.0,0.37796,58.36827195467422,585_C20DisCh.csv,4
4.19776,0.14814,-0.52579,64260.0,0.0,0.38834,61.16713881019831,585_C20DisCh.csv,4
4.19962,0.14814,-0.52579,64320.0,0.0,0.39872,63.96600566572238,585_C20DisCh.csv,4
4.19979,0.13281,-0.52579,64380.0,0.0,0.40862,66.64022662889519,585_C20DisCh.csv,4
4.19979,0.12515,-0.73611,64440.0,0.0,0.41764,69.07648725212465,585_C20DisCh.csv,4
4.19979,0.11749,-0.73611,64500.0,0.0,0.42605,71.34277620396601,585_C20DisCh.csv,4
4.19979,0.10983,-0.73611,64560.0,0.0,0.4339,73.46175637393767,585_C20DisCh.csv,4
4.19995,0.10216,-0.63095,64620.0,0.0,0.44128,75.45609065155807,585_C20DisCh.csv,4
4.19979,0.09706,-0.52579,64680.0,0.0,0.44832,77.34844192634561,585_C20DisCh.csv,4
4.19979,0.09195,-0.42063,64740.0,0.0,0.45498,79.15014164305948,585_C20DisCh.csv,4
4.19979,0.08939,-0.31548,64800.0,0.0,0.46135,80.86118980169972,585_C20DisCh.csv,4
4.19979,0.08429,-0.42063,64860.0,0.0,0.46745,82.51558073654391,585_C20DisCh.csv,4
4.19979,0.08173,-0.52579,64920.0,0.0,0.47328,84.09065155807366,585_C20DisCh.csv,4
4.19979,0.07918,-0.73611,64980.0,0.0,0.47885,85.58640226628896,585_C20DisCh.csv,4
4.19979,0.07407,-0.63095,65040.0,0.0,0.48415,87.02549575070822,585_C20DisCh.csv,4
4.19979,0.07152,-0.52579,65100.0,0.0,0.48924,88.39660056657223,585_C20DisCh.csv,4
4.19979,0.06896,-0.52579,65160.0,0.0,0.49416,89.72237960339943,585_C20DisCh.csv,4
4.19979,0.06641,-0.31548,65220.0,0.0,0.49889,91.0028328611898,585_C20DisCh.csv,4
4.19979,0.06385,-0.42063,65280.0,0.0,0.50345,92.22662889518416,585_C20DisCh.csv,4
4.19979,0.0613,-0.52579,65340.0,0.0,0.50785,93.41643059490086,585_C20DisCh.csv,4
4.19995,0.05874,-0.73611,65400.0,0.0,0.51206,94.54957507082152,585_C20DisCh.csv,4
4.19979,0.05619,-0.73611,65460.0,0.0,0.51613,95.6487252124646,585_C20DisCh.csv,4
4.19979,0.05364,-0.73611,65520.0,0.0,0.52004,96.70254957507083,585_C20DisCh.csv,4
4.19979,0.05364,-0.63095,65580.0,0.0,0.52379,97.71104815864024,585_C20DisCh.csv,4
4.19979,0.05108,-0.42063,65640.0,0.0,0.52747,98.70821529745044,585_C20DisCh.csv,4
4.19979,0.05108,-0.21032,65700.0,0.0,0.53104,99.671388101983,585_C20DisCh.csv,4
4.19979,0.04853,-0.31548,65721.0,0.0,0.53227,100.0,585_C20DisCh.csv,4
3.46265,2.99853,23.55551,0.0,0.0,0.1691,1.969655172413793,585_Dis_0p5C.csv,9
3.53598,2.99853,23.97615,60.0,0.0,0.34428,3.9389162561576354,585_Dis_0p5C.csv,9
3.56042,2.99853,24.39678,120.0,0.0,0.52164,5.908571428571429,585_Dis_0p5C.csv,9
3.58452,2.99853,24.29162,180.0,0.0,0.7002,7.878226600985222,585_Dis_0p5C.csv,9
3.60728,2.99853,24.29162,240.0,0.0,0.87991,9.847487684729064,585_Dis_0p5C.csv,9
3.62835,2.99853,23.97615,300.0,0.0,1.06075,11.81714285714286,585_Dis_0p5C.csv,9
3.64824,2.99853,23.97615,360.0,0.0,1.24257,13.78679802955665,585_Dis_0p5C.csv,9
3.66645,2.99853,24.18646,420.0,0.0,1.42538,15.756453201970444,585_Dis_0p5C.csv,9
3.68195,2.99853,24.50194,480.0,0.0,1.60902,17.726108374384236,585_Dis_0p5C.csv,9
3.69477,2.99853,24.50194,540.0,0.0,1.79337,19.695763546798027,585_Dis_0p5C.csv,9
3.70673,2.99853,24.6071,600.0,0.0,1.9783,21.665024630541872,585_Dis_0p5C.csv,9
3.71921,2.99853,24.50194,660.0,0.0,2.16386,23.634679802955663,585_Dis_0p5C.csv,9
3.73236,2.99853,24.39678,720.0,0.0,2.35007,25.60394088669951,585_Dis_0p5C.csv,9
3.74635,2.99853,24.39678,780.0,0.0,2.53694,27.5735960591133,585_Dis_0p5C.csv,9
3.76017,2.99853,24.6071,840.0,0.0,2.72452,29.54325123152709,585_Dis_0p5C.csv,9
3.77349,2.99853,24.6071,900.0,0.0,2.91278,31.512512315270936,585_Dis_0p5C.csv,9
3.7868,2.99853,24.71226,960.0,0.0,3.10169,33.48216748768473,585_Dis_0p5C.csv,9
3.80079,2.99853,24.6071,1020.0,0.0,3.29129,35.45182266009852,585_Dis_0p5C.csv,9
3.81596,2.99853,24.50194,1080.0,0.0,3.48162,37.42108374384236,585_Dis_0p5C.csv,9
3.83248,3.00108,24.6071,1140.0,0.0,3.67273,39.39073891625616,585_Dis_0p5C.csv,9
3.85001,2.99853,24.71226,1200.0,0.0,3.86469,41.36,585_Dis_0p5C.csv,9
3.86839,2.99853,24.81741,1260.0,0.0,4.05757,43.329655172413794,585_Dis_0p5C.csv,9
3.8876,2.99853,24.71226,1320.0,0.0,4.25137,45.29931034482759,585_Dis_0p5C.csv,9
3.90682,2.99853,24.6071,1380.0,0.0,4.44613,47.26857142857144,585_Dis_0p5C.csv,9
3.92604,2.99853,24.71226,1440.0,0.0,4.64187,49.23822660098522,585_Dis_0p5C.csv,9
3.94492,2.99853,24.71226,1500.0,0.0,4.83855,51.20788177339902,585_Dis_0p5C.csv,9
3.96346,2.99853,24.81741,1560.0,0.0,5.03618,53.17753694581281,585_Dis_0p5C.csv,9
3.98133,2.99853,24.81741,1620.0,0.0,5.2347,55.146798029556656,585_Dis_0p5C.csv,9
3.99869,2.99853,24.71226,1680.0,0.0,5.43411,57.11645320197045,585_Dis_0p5C.csv,9
4.01571,2.99853,24.81741,1740.0,0.0,5.63439,59.086108374384224,585_Dis_0p5C.csv,9
4.0324,2.99853,24.71226,1800.0,0.0,5.8355,61.055763546798026,585_Dis_0p5C.csv,9
4.04909,2.99853,24.81741,1860.0,0.0,6.03745,63.02502463054187,585_Dis_0p5C.csv,9
4.06611,2.99853,24.81741,1920.0,0.0,6.24024,64.99467980295567,585_Dis_0p5C.csv,9
4.08398,2.99853,24.81741,1980.0,0.0,6.44391,66.96433497536945,585_Dis_0p5C.csv,9
4.10303,2.99853,24.81741,2040.0,0.0,6.64848,68.93399014778325,585_Dis_0p5C.csv,9
4.12343,2.99853,24.81741,2100.0,0.0,6.85405,70.90364532019704,585_Dis_0p5C.csv,9
4.14517,2.99853,24.81741,2160.0,0.0,7.06067,72.87290640394089,585_Dis_0p5C.csv,9
4.16742,2.99853,24.81741,2220.0,0.0,7.26839,74.84256157635467,585_Dis_0p5C.csv,9
4.1895,2.99853,25.02773,2280.0,0.0,7.47721,76.81221674876846,585_Dis_0p5C.csv,9
4.19995,2.70225,24.92257,2340.0,0.0,7.68092,78.72472906403941,585_Dis_0p5C.csv,9
4.19995,2.38554,24.81741,2400.0,0.0,7.85815,80.38778325123151,585_Dis_0p5C.csv,9
4.19995,2.16589,24.71226,2460.0,0.0,8.017,81.87822660098522,585_Dis_0p5C.csv,9
4.19979,2.00242,24.71226,2520.0,0.0,8.16264,83.24492610837439,585_Dis_0p5C.csv,9
4.19979,1.87472,24.6071,2580.0,0.0,8.29821,84.51704433497538,585_Dis_0p5C.csv,9
4.19979,1.76745,24.6071,2640.0,0.0,8.42564,85.71270935960591,585_Dis_0p5C.csv,9
4.19979,1.67294,24.50194,2700.0,0.0,8.54597,86.84177339901477,585_Dis_0p5C.csv,9
4.19979,1.58355,24.29162,2760.0,0.0,8.65983,87.91014778325122,585_Dis_0p5C.csv,9
4.19979,1.49671,24.29162,2820.0,0.0,8.7676,88.92137931034483,585_Dis_0p5C.csv,9
4.19979,1.41753,24.29162,2880.0,0.0,8.86963,89.87901477832511,585_Dis_0p5C.csv,9
4.19979,1.3358,24.29162,2940.0,0.0,8.96595,90.78266009852216,585_Dis_0p5C.csv,9
4.19979,1.25407,24.29162,3000.0,0.0,9.05659,91.63349753694582,585_Dis_0p5C.csv,9
4.19979,1.17234,24.18646,3060.0,0.0,9.1415,92.42995073891626,585_Dis_0p5C.csv,9
4.19979,1.08805,24.0813,3120.0,0.0,9.22065,93.1728078817734,585_Dis_0p5C.csv,9
4.19979,1.00632,24.0813,3180.0,0.0,9.29403,93.86128078817734,585_Dis_0p5C.csv,9
4.19979,0.92714,24.0813,3240.0,0.0,9.36168,94.49615763546798,585_Dis_0p5C.csv,9
4.19979,0.84797,24.0813,3300.0,0.0,9.42363,95.0774384236453,585_Dis_0p5C.csv,9
4.19979,0.76879,23.87099,3360.0,0.0,9.48014,95.60748768472908,585_Dis_0p5C.csv,9
4.19979,0.69472,23.87099,3420.0,0.0,9.53135,96.08827586206895,585_Dis_0p5C.csv,9
4.19979,0.62576,23.97615,3480.0,0.0,9.57754,96.52177339901478,585_Dis_0p5C.csv,9
4.19979,0.55935,23.97615,3540.0,0.0,9.61901,96.91073891625616,585_Dis_0p5C.csv,9
4.19979,0.50061,23.87099,3600.0,0.0,9.65614,97.2591133004926,585_Dis_0p5C.csv,9
4.19979,0.44442,23.87099,3660.0,0.0,9.6892,97.5696551724138,585_Dis_0p5C.csv,9
4.19979,0.39589,23.97615,3720.0,0.0,9.7187,97.8463054187192,585_Dis_0p5C.csv,9
4.19979,0.35247,23.87099,3780.0,0.0,9.74496,98.0926108374384,585_Dis_0p5C.csv,9
4.19979,0.31416,23.66067,3840.0,0.0,9.76835,98.312118226601,585_Dis_0p5C.csv,9
4.19979,0.28095,23.87099,3900.0,0.0,9.78917,98.50758620689652,585_Dis_0p5C.csv,9
4.19979,0.2503,23.87099,3960.0,0.0,9.80771,98.68137931034482,585_Dis_0p5C.csv,9
4.19979,0.22221,23.76583,4020.0,0.0,9.82421,98.83625615763546,585_Dis_0p5C.csv,9
4.19979,0.19667,23.66067,4080.0,0.0,9.83888,98.97379310344829,585_Dis_0p5C.csv,9
4.19979,0.17879,23.76583,4140.0,0.0,9.852,99.09714285714286,585_Dis_0p5C.csv,9
4.19979,0.15836,23.87099,4200.0,0.0,9.86378,99.20748768472906,585_Dis_0p5C.csv,9
4.19979,0.14303,23.87099,4260.0,0.0,9.87439,99.3071921182266,585_Dis_0p5C.csv,9
4.19979,0.13026,23.76583,4320.0,0.0,9.884,99.39743842364533,585_Dis_0p5C.csv,9
4.19979,0.11749,23.76583,4380.0,0.0,9.89263,99.47822660098522,585_Dis_0p5C.csv,9
4.19979,0.10727,23.97615,4440.0,0.0,9.90049,99.551921182266,585_Dis_0p5C.csv,9
4.19979,0.09706,23.87099,4500.0,0.0,9.9076,99.61891625615762,585_Dis_0p5C.csv,9
4.19979,0.08939,23.76583,4560.0,0.0,9.91408,99.67960591133004,585_Dis_0p5C.csv,9
4.19979,0.08173,23.66067,4620.0,0.0,9.91998,99.73517241379312,585_Dis_0p5C.csv,9
4.19979,0.07407,23.76583,4680.0,0.0,9.92541,99.78600985221676,585_Dis_0p5C.csv,9
4.19979,0.06896,23.87099,4740.0,0.0,9.93043,99.83290640394088,585_Dis_0p5C.csv,9
4.19979,0.06385,23.97615,4800.0,0.0,9.93504,99.87625615763544,585_Dis_0p5C.csv,9
4.19979,0.05874,23.87099,4860.0,0.0,9.93935,99.9168472906404,585_Dis_0p5C.csv,9
4.19979,0.05364,23.45035,4920.0,0.0,9.94327,99.9534975369458,585_Dis_0p5C.csv,9
4.19979,0.05108,23.66067,4980.0,0.0,9.94697,99.98817733990148,585_Dis_0p5C.csv,9
4.19979,0.04853,23.76583,5002.0,0.0,9.94823,100.0,585_Dis_0p5C.csv,9
3.56733,2.99853,23.76583,0.0,0.0,0.17682,2.1013925042331114,585_Dis_2C.csv,14
3.59717,2.99853,23.97615,60.0,0.0,0.35587,4.206575854835856,585_Dis_2C.csv,14
3.62245,2.99853,24.0813,120.0,0.0,0.53629,6.311759205438601,585_Dis_2C.csv,14
3.64437,2.99853,24.0813,180.0,0.0,0.71788,8.416521350889164,585_Dis_2C.csv,14
3.66442,2.99853,24.18646,240.0,0.0,0.90053,10.521704701491908,585_Dis_2C.csv,14
3.68145,2.99853,24.29162,300.0,0.0,1.08411,12.626888052094651,585_Dis_2C.csv,14
3.69561,2.99853,24.39678,360.0,0.0,1.26876,14.735441043914848,585_Dis_2C.csv,14
3.70791,2.99853,24.39678,420.0,0.0,1.45345,16.836833548147958,585_Dis_2C.csv,14
3.72039,2.99853,24.39678,480.0,0.0,1.63908,18.942016898750705,585_Dis_2C.csv,14
3.7337,2.99853,24.39678,540.0,0.0,1.82534,21.04720024935345,585_Dis_2C.csv,14
3.7477,2.99853,24.50194,600.0,0.0,2.01228,23.151962394804013,585_Dis_2C.csv,14
3.76185,2.99853,24.6071,660.0,0.0,2.19993,25.25714574540676,585_Dis_2C.csv,14
3.77551,2.99853,24.50194,720.0,0.0,2.38828,27.36190789085732,585_Dis_2C.csv,14
3.78916,2.99853,24.6071,780.0,0.0,2.5773,29.467091241460064,585_Dis_2C.csv,14
3.80366,2.99853,24.71226,840.0,0.0,2.76734,31.575644233280254,585_Dis_2C.csv,14
3.819,2.99853,24.71226,900.0,0.0,2.9575,33.67703673751337,585_Dis_2C.csv,14
3.83569,2.99853,24.50194,960.0,0.0,3.14908,35.785589729333566,585_Dis_2C.csv,14
3.85355,2.99853,24.71226,1020.0,0.0,3.3409,37.88698223356668,585_Dis_2C.csv,14
3.87226,2.99853,24.81741,1080.0,0.0,3.53395,39.99216558416943,585_Dis_2C.csv,14
3.89131,2.99853,24.71226,1140.0,0.0,3.72795,42.09734893477216,585_Dis_2C.csv,14
3.9107,2.99853,24.71226,1200.0,0.0,3.9229,44.202111080222735,585_Dis_2C.csv,14
3.93008,2.99853,24.71226,1260.0,0.0,4.11916,46.310664072042925,585_Dis_2C.csv,14
3.94896,2.99853,24.81741,1320.0,0.0,4.31572,48.41247778142822,585_Dis_2C.csv,14
3.96733,2.99853,24.81741,1380.0,0.0,4.51354,50.51723992687877,585_Dis_2C.csv,14
3.9852,2.99853,24.6071,1440.0,0.0,4.71226,52.62242327748153,585_Dis_2C.csv,14
4.00256,2.99853,24.71226,1500.0,0.0,4.91219,54.73097626930172,585_Dis_2C.csv,14
4.01942,2.99853,24.92257,1560.0,0.0,5.11231,56.83236877353484,585_Dis_2C.csv,14
4.03594,2.99853,24.92257,1620.0,0.0,5.31362,58.93755212413758,585_Dis_2C.csv,14
4.0528,2.99853,24.92257,1680.0,0.0,5.51574,61.042735474740326,585_Dis_2C.csv,14
4.07016,2.99853,24.71226,1740.0,0.0,5.71872,63.14791882534306,585_Dis_2C.csv,14
4.08853,2.99853,24.71226,1800.0,0.0,5.92258,65.25268097079363,585_Dis_2C.csv,14
4.10809,2.99853,25.02773,1860.0,0.0,6.12741,67.35786432139638,585_Dis_2C.csv,14
4.12865,2.99853,25.02773,1920.0,0.0,6.3332,69.46262646684694,585_Dis_2C.csv,14
4.1504,2.99853,25.02773,1980.0,0.0,6.54042,71.57117945866713,585_Dis_2C.csv,14
4.17281,2.99853,24.92257,2040.0,0.0,6.74806,73.67299316805244,585_Dis_2C.csv,14
4.1949,2.99853,24.81741,2100.0,0.0,6.95717,75.77817651865517,585_Dis_2C.csv,14
4.19995,2.60009,24.71226,2160.0,0.0,7.15471,77.75952555451657,585_Dis_2C.csv,14
4.19995,2.31658,24.92257,2220.0,0.0,7.32645,79.48183342178642,585_Dis_2C.csv,14
4.19979,2.11481,24.92257,2280.0,0.0,7.48095,81.03144717666186,585_Dis_2C.csv,14
4.19979,1.96411,24.81741,2340.0,0.0,7.62354,82.46143866831778,585_Dis_2C.csv,14
4.19979,1.84152,24.50194,2400.0,0.0,7.75666,83.79623779558072,585_Dis_2C.csv,14
4.19979,1.7368,24.39678,2460.0,0.0,7.88188,85.05227155938572,585_Dis_2C.csv,14
4.19979,1.64229,24.50194,2520.0,0.0,8.0001,86.23796406277641,585_Dis_2C.csv,14
4.19979,1.55546,24.50194,2580.0,0.0,8.11204,87.36047579333989,585_Dis_2C.csv,14
4.19979,1.47372,24.50194,2640.0,0.0,8.21806,88.424018802598,585_Dis_2C.csv,14
4.19979,1.39199,24.29162,2700.0,0.0,8.31835,89.42985670600723,585_Dis_2C.csv,14
4.19979,1.30771,24.18646,2760.0,0.0,8.41283,90.37714709326325,585_Dis_2C.csv,14
4.19979,1.22597,24.18646,2820.0,0.0,8.50161,91.26757478497476,585_Dis_2C.csv,14
4.19979,1.1468,24.29162,2880.0,0.0,8.58483,92.10240339659836,585_Dis_2C.csv,14
4.19979,1.06507,24.18646,2940.0,0.0,8.6623,92.8791056972209,585_Dis_2C.csv,14
4.19979,0.98333,24.0813,3000.0,0.0,8.73393,93.5976816868424,585_Dis_2C.csv,14
4.19979,0.90671,24.0813,3060.0,0.0,8.80002,94.26065859637596,585_Dis_2C.csv,14
4.19979,0.82498,24.0813,3120.0,0.0,8.86058,94.86761522066936,585_Dis_2C.csv,14
4.19979,0.74836,24.0813,3180.0,0.0,8.91574,95.42107879063576,585_Dis_2C.csv,14
4.19979,0.67684,23.97615,3240.0,0.0,8.96555,95.92062810112292,585_Dis_2C.csv,14
4.19979,0.60788,23.97615,3300.0,0.0,9.01054,96.37173881910924,585_Dis_2C.csv,14
4.19979,0.54403,23.97615,3360.0,0.0,9.05097,96.77735938065992,585_Dis_2C.csv,14
4.19979,0.48784,23.87099,3420.0,0.0,9.08712,97.14001701668812,585_Dis_2C.csv,14
4.19979,0.43675,23.87099,3480.0,0.0,9.11951,97.46476618902004,585_Dis_2C.csv,14
4.19979,0.38823,23.97615,3540.0,0.0,9.14831,97.75371292341649,585_Dis_2C.csv,14
4.19979,0.34481,23.87099,3600.0,0.0,9.17393,98.01064806624711,585_Dis_2C.csv,14
4.19979,0.30905,23.87099,3660.0,0.0,9.19678,98.23978366903384,585_Dis_2C.csv,14
4.19979,0.27584,23.87099,3720.0,0.0,9.21716,98.44406816784182,585_Dis_2C.csv,14
4.19979,0.24519,23.97615,3780.0,0.0,9.23528,98.62560758843202,585_Dis_2C.csv,14
4.19979,0.2171,23.87099,3840.0,0.0,9.25144,98.78777157202184,585_Dis_2C.csv,14
4.19979,0.19411,23.76583,3900.0,0.0,9.26587,98.93266614437228,585_Dis_2C.csv,14
4.19979,0.17368,23.87099,3960.0,0.0,9.27879,99.06197612609196,585_Dis_2C.csv,14
4.19979,0.15836,23.87099,4020.0,0.0,9.29043,99.1790711583984,585_Dis_2C.csv,14
4.19979,0.14303,23.76583,4080.0,0.0,9.30097,99.28479365159592,585_Dis_2C.csv,14
4.19979,0.13026,23.97615,4140.0,0.0,9.31039,99.37914360568458,585_Dis_2C.csv,14
4.19979,0.11494,23.97615,4200.0,0.0,9.31892,99.4646482515774,585_Dis_2C.csv,14
4.19979,0.10727,23.76583,4260.0,0.0,9.32667,99.54214999957878,585_Dis_2C.csv,14
4.19979,0.0945,23.76583,4320.0,0.0,9.33369,99.61291246514529,585_Dis_2C.csv,14
4.19979,0.08684,23.87099,4380.0,0.0,9.34004,99.67651444312466,585_Dis_2C.csv,14
4.19979,0.07918,23.87099,4440.0,0.0,9.34588,99.73506195927789,585_Dis_2C.csv,14
4.19979,0.07407,23.87099,4500.0,0.0,9.35124,99.78855501360492,585_Dis_2C.csv,14
4.19979,0.06896,23.66067,4560.0,0.0,9.35623,99.83867842671452,585_Dis_2C.csv,14
4.19979,0.06385,23.76583,4620.0,0.0,9.36085,99.88501099345449,585_Dis_2C.csv,14
4.19979,0.05619,23.97615,4680.0,0.0,9.36511,99.92797391897696,585_Dis_2C.csv,14
4.19979,0.05364,23.97615,4740.0,0.0,9.369,99.96672479297766,585_Dis_2C.csv,14
4.19979,0.04853,23.76583,4794.0,0.0,9.37229,100.0,585_Dis_2C.csv,14
3.42473,2.99853,23.97615,0.0,0.0,0.1666,1.939946280799267,585_HPPC.csv,199
3.51626,2.99853,23.97615,60.0,0.0,0.34036,3.879892561598534,585_HPPC.csv,199
3.54845,2.99853,24.0813,120.0,0.0,0.51705,5.819450697883836,585_HPPC.csv,199
3.57138,2.99853,24.18646,180.0,0.0,0.69496,7.759396978683103,585_HPPC.csv,199
3.59447,2.99853,24.29162,240.0,0.0,0.87403,9.699343259482369,585_HPPC.csv,199
3.61621,2.99853,24.50194,300.0,0.0,1.05423,11.639289540281638,585_HPPC.csv,199
3.63577,2.99853,24.50194,360.0,0.0,1.23544,13.578847676566935,585_HPPC.csv,199
3.65498,2.99853,24.50194,420.0,0.0,1.41763,15.518793957366206,585_HPPC.csv,199
3.67201,2.99853,24.50194,480.0,0.0,1.60072,17.45835209365151,585_HPPC.csv,199
3.68651,2.99853,24.6071,540.0,0.0,1.78462,19.39829837445077,585_HPPC.csv,199
3.69881,2.99853,24.6071,600.0,0.0,1.96917,21.33824465525004,585_HPPC.csv,199
3.71078,2.99853,24.6071,660.0,0.0,2.15432,23.277802791535343,585_HPPC.csv,199
3.72342,2.99853,24.6071,720.0,0.0,2.34009,25.21774907233461,585_HPPC.csv,199
3.73674,2.99853,24.6071,780.0,0.0,2.52651,27.157695353133875,585_HPPC.csv,199
3.75073,2.99853,24.71226,840.0,0.0,2.71361,29.097253489419177,585_HPPC.csv,199
3.76421,2.99853,24.71226,900.0,0.0,2.90139,31.037199770218443,585_HPPC.csv,199
3.77736,2.99853,24.6071,960.0,0.0,3.08985,32.97714605101771,585_HPPC.csv,199
3.79085,2.99853,24.6071,1020.0,0.0,3.27896,34.91670418730302,585_HPPC.csv,199
3.80518,2.99853,24.6071,1080.0,0.0,3.46877,36.85665046810228,585_HPPC.csv,199
3.82068,2.99853,24.71226,1140.0,0.0,3.65933,38.79659674890155,585_HPPC.csv,199
3.83737,2.99853,24.6071,1200.0,0.0,3.85068,40.73615488518685,585_HPPC.csv,199
3.85524,2.99853,24.81741,1260.0,0.0,4.04291,42.67610116598612,585_HPPC.csv,199
3.87378,2.99853,24.81741,1320.0,0.0,4.23605,44.61604744678539,585_HPPC.csv,199
3.893,2.99853,24.71226,1380.0,0.0,4.43012,46.55560558307069,585_HPPC.csv,199
3.91221,2.99853,24.81741,1440.0,0.0,4.62517,48.49555186386995,585_HPPC.csv,199
3.93143,2.99853,24.81741,1500.0,0.0,4.82117,50.435498144669225,585_HPPC.csv,199
3.95014,3.00108,24.81741,1560.0,0.0,5.01813,52.37544442546849,585_HPPC.csv,199
3.96851,2.99853,24.81741,1620.0,0.0,5.21602,54.31539070626775,585_HPPC.csv,199
3.98621,2.99853,24.81741,1680.0,0.0,5.41478,56.254948842553055,585_HPPC.csv,199
4.00341,2.99853,24.81741,1740.0,0.0,5.61443,58.19489512335232,585_HPPC.csv,199
4.02026,2.99853,24.92257,1800.0,0.0,5.81494,60.1348414041516,585_HPPC.csv,199
4.03695,2.99853,24.92257,1860.0,0.0,6.01626,62.074399540436886,585_HPPC.csv,199
4.05364,2.99853,24.92257,1920.0,0.0,6.21844,64.01434582123616,585_HPPC.csv,199
4.071,2.99853,24.92257,1980.0,0.0,6.42147,65.95429210203542,585_HPPC.csv,199
4.08921,2.99853,25.02773,2040.0,0.0,6.62538,67.89423838283469,585_HPPC.csv,199
4.10859,2.99853,25.02773,2100.0,0.0,6.83023,69.83379651912,585_HPPC.csv,199
4.12933,2.99853,25.02773,2160.0,0.0,7.03607,71.77374279991926,585_HPPC.csv,199
4.15107,2.99853,25.02773,2220.0,0.0,7.24298,73.71368908071852,585_HPPC.csv,199
4.17315,2.99853,25.02773,2280.0,0.0,7.45099,75.65324721700382,585_HPPC.csv,199
4.1949,2.99853,24.92257,2340.0,0.0,7.66009,77.5931934978031,585_HPPC.csv,199
4.19995,2.60775,25.02773,2400.0,0.0,7.85786,79.42135415858031,585_HPPC.csv,199
4.19995,2.32424,24.92257,2460.0,0.0,8.02987,81.01080594326879,585_HPPC.csv,199
4.19979,2.11736,24.81741,2520.0,0.0,8.18496,82.44422363334316,585_HPPC.csv,199
4.19979,1.96922,24.71226,2580.0,0.0,8.32775,83.76391498082565,585_HPPC.csv,199
4.19979,1.84662,24.71226,2640.0,0.0,8.46103,84.99549752363798,585_HPPC.csv,199
4.19979,1.74191,24.71226,2700.0,0.0,8.58646,86.15488518685277,585_HPPC.csv,199
4.19979,1.6474,24.50194,2760.0,0.0,8.70498,87.25022900526322,585_HPPC.csv,199
4.19979,1.56056,24.50194,2820.0,0.0,8.81716,88.28696300206492,585_HPPC.csv,199
4.19979,1.47628,24.50194,2880.0,0.0,8.92333,89.26819233336954,585_HPPC.csv,199
4.19979,1.39455,24.39678,2940.0,0.0,9.0238,90.19663401077489,585_HPPC.csv,199
4.19979,1.31281,24.29162,3000.0,0.0,9.11859,91.07267617879488,585_HPPC.csv,199
4.19979,1.23364,24.39678,3060.0,0.0,9.20772,91.89631883742952,585_HPPC.csv,199
4.19979,1.15446,24.39678,3120.0,0.0,9.29131,92.66911456473473,585_HPPC.csv,199
4.19979,1.07017,24.18646,3180.0,0.0,9.36911,93.38795820459876,585_HPPC.csv,199
4.19979,0.98844,24.18646,3240.0,0.0,9.44112,94.05362604604946,585_HPPC.csv,199
4.19979,0.90926,24.0813,3300.0,0.0,9.50753,94.6672825226288,585_HPPC.csv,199
4.19979,0.83009,24.18646,3360.0,0.0,9.56835,95.22931577885078,585_HPPC.csv,199
4.19979,0.75346,24.0813,3420.0,0.0,9.62378,95.74166653728516,585_HPPC.csv,199
4.19979,0.67939,23.97615,3480.0,0.0,9.67394,96.20511108695987,585_HPPC.csv,199
4.19979,0.61299,24.18646,3540.0,0.0,9.71914,96.62314272850068,585_HPPC.csv,199
4.19979,0.54913,24.0813,3600.0,0.0,9.75977,96.99847847350524,585_HPPC.csv,199
4.19979,0.49039,23.97615,3660.0,0.0,9.79613,97.33461162259933,585_HPPC.csv,199
4.19979,0.43675,23.87099,3720.0,0.0,9.82862,97.6346473318946,585_HPPC.csv,199
4.19979,0.39078,24.0813,3780.0,0.0,9.8576,97.90285519104472,585_HPPC.csv,199
4.19979,0.34736,24.0813,3840.0,0.0,9.88338,98.14078777810552,585_HPPC.csv,199
4.19979,0.3116,23.97615,3900.0,0.0,9.90637,98.3534909717586,585_HPPC.csv,199
4.19979,0.27584,23.87099,3960.0,0.0,9.92688,98.54290549457372,585_HPPC.csv,199
4.19979,0.24519,23.76583,4020.0,0.0,9.94511,98.71136021363472,585_HPPC.csv,199
4.19979,0.21965,23.97615,4080.0,0.0,9.96134,98.86157214053937,585_HPPC.csv,199
4.19979,0.19667,23.87099,4140.0,0.0,9.97585,98.99548199785742,585_HPPC.csv,199
4.19979,0.17623,23.87099,4200.0,0.0,9.98887,99.11580679718672,585_HPPC.csv,199
4.19979,0.15836,23.76583,4260.0,0.0,10.00053,99.22371097206911,585_HPPC.csv,199
4.19979,0.14303,23.55551,4320.0,0.0,10.01108,99.32113524507444,585_HPPC.csv,199
4.19979,0.12771,23.87099,4380.0,0.0,10.02058,99.40885590523062,585_HPPC.csv,199
4.19979,0.11749,24.0813,4440.0,0.0,10.02918,99.48842553059352,585_HPPC.csv,199
4.19979,0.10727,24.0813,4500.0,0.0,10.03702,99.56100855470508,585_HPPC.csv,199
4.19979,0.0945,23.66067,4560.0,0.0,10.04412,99.62660497756524,585_HPPC.csv,199
4.19979,0.08939,23.66067,4620.0,0.0,10.05062,99.68676737722988,585_HPPC.csv,199
4.19979,0.08173,23.87099,4680.0,0.0,10.05654,99.74110760918504,585_HPPC.csv,199
4.19979,0.07407,23.97615,4740.0,0.0,10.062,99.79156639600056,585_HPPC.csv,199
4.19979,0.06896,23.97615,4800.0,0.0,10.06699,99.83775559316244,585_HPPC.csv,199
4.19979,0.06385,23.66067,4860.0,0.0,10.07161,99.88045148969864,585_HPPC.csv,199
4.19979,0.05874,23.76583,4920.0,0.0,10.07589,99.9200422301231,585_HPPC.csv,199
4.19979,0.05364,23.76583,4980.0,0.0,10.07983,99.95652781443586,585_HPPC.csv,199
4.19979,0.05108,24.0813,5040.0,0.0,10.0835,99.99029638715086,585_HPPC.csv,199
4.19979,0.04853,23.97615,5057.0,0.0,10.08455,100.0,585_HPPC.csv,199
4.19979,0.189,23.87099,0.0,0.0,0.02031,42.89520426287744,589_Charge1.csv,207
4.19979,0.12004,23.76583,60.0,0.0,0.03077,65.09769094138544,589_Charge1.csv,207
4.19979,0.08429,23.87099,120.0,0.0,0.03782,79.92895204262878,589_Charge1.csv,207
4.19979,0.06385,23.76583,180.0,0.0,0.043,90.94138543516875,589_Charge1.csv,207
4.19979,0.05108,23.76583,240.0,0.0,0.04701,99.3783303730018,589_Charge1.csv,207
4.19979,0.04853,23.76583,245.0,0.0,0.04731,100.0,589_Charge1.csv,207
3.51305,2.99853,23.76583,0.0,0.0,0.17237,2.0180603681536584,589_Charge2.csv,211
3.55671,2.99853,23.87099,60.0,0.0,0.3493,4.036524590693579,589_Charge2.csv,211
3.58284,2.99853,23.97615,120.0,0.0,0.52771,6.054988813233501,589_Charge2.csv,211
3.60745,2.99853,24.0813,180.0,0.0,0.7074,8.073453035773422,589_Charge2.csv,211
3.6297,2.99853,24.18646,240.0,0.0,0.88825,10.09151340392708,589_Charge2.csv,211
3.6501,2.99853,24.29162,300.0,0.0,1.07015,12.109977626467002,589_Charge2.csv,211
3.66847,2.99853,24.29162,360.0,0.0,1.25306,14.12844184900692,589_Charge2.csv,211
3.68398,2.99853,24.39678,420.0,0.0,1.4368,16.14650221716058,589_Charge2.csv,211
3.69679,2.99853,24.39678,480.0,0.0,1.62124,18.164966439700503,589_Charge2.csv,211
3.70893,2.99853,24.39678,540.0,0.0,1.8063,20.183430662240426,589_Charge2.csv,211
3.72157,2.99853,24.39678,600.0,0.0,1.99198,22.201894884780344,589_Charge2.csv,211
3.73488,2.99853,24.50194,660.0,0.0,2.17831,24.220359107320263,589_Charge2.csv,211
3.74888,2.99853,24.50194,720.0,0.0,2.36531,26.23841947547392,589_Charge2.csv,211
3.76287,2.99853,24.6071,780.0,0.0,2.55302,28.25688369801384,589_Charge2.csv,211
3.77618,2.99853,24.6071,840.0,0.0,2.74142,30.275347920553763,589_Charge2.csv,211
3.78967,2.99853,24.6071,900.0,0.0,2.93046,32.29340828870742,589_Charge2.csv,211
3.804,3.00108,24.6071,960.0,0.0,3.12022,34.311872511247344,589_Charge2.csv,211
3.81934,2.99853,24.6071,1020.0,0.0,3.31073,36.33033673378726,589_Charge2.csv,211
3.83602,2.99853,24.6071,1080.0,0.0,3.502,38.34880095632719,589_Charge2.csv,211
3.85389,2.99853,24.6071,1140.0,0.0,3.69417,40.36726517886712,589_Charge2.csv,211
3.8726,2.99853,24.71226,1200.0,0.0,3.88724,42.38532554702077,589_Charge2.csv,211
3.89182,2.99853,24.71226,1260.0,0.0,4.08124,44.40378976956069,589_Charge2.csv,211
3.91103,2.99853,24.81741,1320.0,0.0,4.27623,46.42185013771434,589_Charge2.csv,211
3.93025,2.99853,24.81741,1380.0,0.0,4.47217,48.44031436025426,589_Charge2.csv,211
3.94913,2.99853,24.81741,1440.0,0.0,4.66907,50.45877858279418,589_Charge2.csv,211
3.96767,2.99853,24.71226,1500.0,0.0,4.86691,52.477242805334114,589_Charge2.csv,211
3.98537,2.99853,24.81741,1560.0,0.0,5.06562,54.49530317348776,589_Charge2.csv,211
4.0029,3.00108,24.81741,1620.0,0.0,5.26527,56.51376739602768,589_Charge2.csv,211
4.01976,2.99853,24.92257,1680.0,0.0,5.46573,58.53223161856761,589_Charge2.csv,211
4.03628,2.99853,24.81741,1740.0,0.0,5.66703,60.55029198672126,589_Charge2.csv,211
4.05313,2.99853,24.92257,1800.0,0.0,5.86918,62.56875620926119,589_Charge2.csv,211
4.07016,2.99853,25.02773,1860.0,0.0,6.07217,64.5872204318011,589_Charge2.csv,211
4.08836,2.99853,25.02773,1920.0,0.0,6.27605,66.60568465434103,589_Charge2.csv,211
4.10775,2.99853,25.02773,1980.0,0.0,6.48085,68.62414887688095,589_Charge2.csv,211
4.12848,2.99853,25.02773,2040.0,0.0,6.68667,70.64261309942087,589_Charge2.csv,211
4.15023,2.99853,25.02773,2100.0,0.0,6.89353,72.66067346757453,589_Charge2.csv,211
4.17265,3.00108,24.92257,2160.0,0.0,7.1015,74.67913769011444,589_Charge2.csv,211
4.19456,2.99853,25.13289,2220.0,0.0,7.31062,76.69760191265438,589_Charge2.csv,211
4.19995,2.6103,25.13289,2280.0,0.0,7.50869,78.60258305265452,589_Charge2.csv,211
4.19979,2.32169,24.92257,2340.0,0.0,7.68083,80.25798218194447,589_Charge2.csv,211
4.19979,2.11736,24.92257,2400.0,0.0,7.83584,81.74860872163933,589_Charge2.csv,211
4.19979,1.96411,24.71226,2460.0,0.0,7.9785,83.120502071773,589_Charge2.csv,211
4.19979,1.84662,24.6071,2520.0,0.0,8.11172,84.40152818499762,589_Charge2.csv,211
4.19979,1.73935,24.50194,2580.0,0.0,8.23704,85.6066296736049,589_Charge2.csv,211
4.19979,1.6474,24.6071,2640.0,0.0,8.35552,86.74590289725136,589_Charge2.csv,211
4.19979,1.56056,24.50194,2700.0,0.0,8.46776,87.82500181734473,589_Charge2.csv,211
4.19979,1.47628,24.29162,2760.0,0.0,8.57412,88.84796497774762,589_Charge2.csv,211
4.19979,1.39455,24.18646,2820.0,0.0,8.67459,89.8139846696875,589_Charge2.csv,211
4.19979,1.31281,24.29162,2880.0,0.0,8.76933,90.72508016509568,589_Charge2.csv,211
4.19979,1.23364,24.39678,2940.0,0.0,8.85844,91.58205917274468,589_Charge2.csv,211
4.19979,1.15191,24.18646,3000.0,0.0,8.94195,92.38492169263452,589_Charge2.csv,211
4.19979,1.07017,24.0813,3060.0,0.0,9.01975,93.13286001599262,589_Charge2.csv,211
4.19979,0.98844,24.0813,3120.0,0.0,9.09177,93.8254702884328,589_Charge2.csv,211
4.19979,0.90926,24.29162,3180.0,0.0,9.15816,94.4639640731138,589_Charge2.csv,211
4.19979,0.83009,24.29162,3240.0,0.0,9.21905,95.0495529331944,589_Charge2.csv,211
4.19979,0.75346,23.97615,3300.0,0.0,9.27456,95.58344843183342,589_Charge2.csv,211
4.19979,0.67939,24.0813,3360.0,0.0,9.32471,96.06565056903082,589_Charge2.csv,211
4.19979,0.61299,24.29162,3420.0,0.0,9.36995,96.50060174303552,589_Charge2.csv,211
4.19979,0.54913,24.0813,3480.0,0.0,9.41065,96.89193664332387,589_Charge2.csv,211
4.19979,0.49039,23.76583,3540.0,0.0,9.44705,97.24207839621344,589_Charge2.csv,211
4.19979,0.43931,24.0813,3600.0,0.0,9.47953,97.55425783679436,589_Charge2.csv,211
4.19979,0.39078,24.29162,3660.0,0.0,9.50851,97.83291736331547,589_Charge2.csv,211
4.19979,0.34736,23.97615,3720.0,0.0,9.53432,98.08128781086693,589_Charge2.csv,211
4.19979,0.30905,23.76583,3780.0,0.0,9.55728,98.30219616015248,589_Charge2.csv,211
4.19979,0.2784,24.29162,3840.0,0.0,9.57778,98.49927710064858,589_Charge2.csv,211
4.19979,0.24519,24.0813,3900.0,0.0,9.59605,98.67495375867276,589_Charge2.csv,211
4.19979,0.21965,23.87099,3960.0,0.0,9.61233,98.83124540615636,589_Charge2.csv,211
4.19979,0.19667,23.76583,4020.0,0.0,9.62684,98.97097902380318,589_Charge2.csv,211
4.19979,0.17368,23.97615,4080.0,0.0,9.63981,99.09577002915827,589_Charge2.csv,211
4.19979,0.15836,24.0813,4140.0,0.0,9.65149,99.20804154853926,589_Charge2.csv,211
4.19979,0.14303,23.87099,4200.0,0.0,9.66201,99.30900514510488,589_Charge2.csv,211
4.19979,0.13026,23.76583,4260.0,0.0,9.67153,99.40068009078648,589_Charge2.csv,211
4.19979,0.11494,23.76583,4320.0,0.0,9.68012,99.48306638558402,589_Charge2.csv,211
4.19979,0.10727,23.97615,4380.0,0.0,9.6879,99.55818330142884,589_Charge2.csv,211
4.19979,0.09706,24.0813,4440.0,0.0,9.69499,99.62603083832094,589_Charge2.csv,211
4.19979,0.08684,23.87099,4500.0,0.0,9.70144,99.68822441380536,589_Charge2.csv,211
4.19979,0.08173,23.76583,4560.0,0.0,9.70733,99.7447640278821,589_Charge2.csv,211
4.19979,0.07407,23.66067,4620.0,0.0,9.71274,99.79686124370996,589_Charge2.csv,211
4.19979,0.06641,23.87099,4680.0,0.0,9.71767,99.84451606128894,589_Charge2.csv,211
4.19979,0.06385,23.87099,4740.0,0.0,9.72225,99.88853618939156,589_Charge2.csv,211
4.19979,0.05874,23.76583,4800.0,0.0,9.72649,99.92932548240408,589_Charge2.csv,211
4.19979,0.05364,23.66067,4860.0,0.0,9.73041,99.96688394032648,589_Charge2.csv,211
4.19979,0.04853,23.87099,4916.0,0.0,9.73386,100.0,589_Charge2.csv,211
3.55941,2.99853,23.87099,0.0,0.0,0.17582,2.09933844376772,589_Charge3.csv,215
3.58924,2.99853,23.87099,60.0,0.0,0.35446,4.198256851832405,589_Charge3.csv,215
3.61588,2.99853,23.97615,120.0,0.0,0.53452,6.297595295600127,589_Charge3.csv,215
3.63914,2.99853,24.0813,180.0,0.0,0.71581,8.39651370366481,589_Charge3.csv,215
3.66021,2.99853,24.29162,240.0,0.0,0.89822,10.495852147432531,589_Charge3.csv,215
3.67875,2.99853,24.50194,300.0,0.0,1.08162,12.595190591200254,589_Charge3.csv,215
3.69392,2.99853,24.29162,360.0,0.0,1.26588,14.694529034967973,589_Charge3.csv,215
3.70657,2.99853,24.39678,420.0,0.0,1.4508,16.793447443032658,589_Charge3.csv,215
3.71904,2.99853,24.50194,480.0,0.0,1.63636,18.89278588680038,589_Charge3.csv,215
3.73202,2.99853,24.50194,540.0,0.0,1.82254,20.991704294865063,589_Charge3.csv,215
3.74601,2.99853,24.50194,600.0,0.0,2.0094,23.091042738632787,589_Charge3.csv,215
3.76034,2.99853,24.50194,660.0,0.0,2.19698,25.190381182400507,589_Charge3.csv,215
3.77416,2.99853,24.6071,720.0,0.0,2.38524,27.289299590465188,589_Charge3.csv,215
3.78781,2.99853,24.6071,780.0,0.0,2.57421,29.388638034232912,589_Charge3.csv,215
3.80214,2.99853,24.6071,840.0,0.0,2.76387,31.487976478000636,589_Charge3.csv,215
3.81748,2.99853,24.6071,900.0,0.0,2.95427,33.58731492176835,589_Charge3.csv,215
3.834,2.99853,24.6071,960.0,0.0,3.14545,35.68623332983304,589_Charge3.csv,215
3.8517,2.99853,24.6071,1020.0,0.0,3.3375,37.78557177360076,589_Charge3.csv,215
3.87041,2.99853,24.71226,1080.0,0.0,3.53047,39.88449018166544,589_Charge3.csv,215
3.88963,2.99853,24.81741,1140.0,0.0,3.72439,41.98382862543317,589_Charge3.csv,215
3.90901,2.99853,24.81741,1200.0,0.0,3.91926,44.08316706920088,589_Charge3.csv,215
3.9284,2.99853,24.81741,1260.0,0.0,4.11511,46.18250551296861,589_Charge3.csv,215
3.94744,2.99853,24.81741,1320.0,0.0,4.31191,48.28142392103329,589_Charge3.csv,215
3.96582,2.99853,24.81741,1380.0,0.0,4.50964,50.38034232909797,589_Charge3.csv,215
3.98369,2.99853,24.81741,1440.0,0.0,4.70829,52.47968077286569,589_Charge3.csv,215
4.00122,2.99853,24.81741,1500.0,0.0,4.90782,54.57901921663342,589_Charge3.csv,215
4.01807,2.99853,24.81741,1560.0,0.0,5.10821,56.67835766040113,589_Charge3.csv,215
4.03493,2.99853,24.81741,1620.0,0.0,5.30944,58.777276068465824,589_Charge3.csv,215
4.05162,2.99853,24.81741,1680.0,0.0,5.51149,60.87619447653051,589_Charge3.csv,215
4.06881,2.99853,24.92257,1740.0,0.0,5.7144,62.97553292029823,589_Charge3.csv,215
4.08685,2.99853,25.02773,1800.0,0.0,5.91821,65.07487136406594,589_Charge3.csv,215
4.10606,2.99853,25.02773,1860.0,0.0,6.12293,67.17420980783368,589_Charge3.csv,215
4.1268,2.99853,25.13289,1920.0,0.0,6.32862,69.27312821589835,589_Charge3.csv,215
4.14837,2.99853,25.02773,1980.0,0.0,6.5354,71.37204662396303,589_Charge3.csv,215
4.17096,2.99853,24.92257,2040.0,0.0,6.7433,73.47138506773075,589_Charge3.csv,215
4.19304,2.99853,25.02773,2100.0,0.0,6.95229,75.57072351149849,589_Charge3.csv,215
4.19995,2.63585,25.02773,2160.0,0.0,7.15213,77.5696734222409,589_Charge3.csv,215
4.19995,2.34212,24.92257,2220.0,0.0,7.32567,79.30526094718051,589_Charge3.csv,215
4.19979,2.13013,24.81741,2280.0,0.0,7.4818,80.86695369106374,589_Charge3.csv,215
4.19979,1.97688,24.81741,2340.0,0.0,7.62527,82.30179565263049,589_Charge3.csv,215
4.19979,1.85429,24.81741,2400.0,0.0,7.75919,83.64128950960831,589_Charge3.csv,215
4.19979,1.74957,24.6071,2460.0,0.0,7.88521,84.9013966187126,589_Charge3.csv,215
4.19979,1.65251,24.50194,2520.0,0.0,8.00421,86.0917778011131,589_Charge3.csv,215
4.19979,1.56823,24.6071,2580.0,0.0,8.11681,87.21789352094927,589_Charge3.csv,215
4.19979,1.48394,24.50194,2640.0,0.0,8.22342,88.2839441352515,589_Charge3.csv,215
4.19979,1.39965,24.39678,2700.0,0.0,8.3243,89.292869893941,589_Charge3.csv,215
4.19979,1.31792,24.29162,2760.0,0.0,8.41942,90.2442507613147,589_Charge3.csv,215
4.19979,1.23875,24.29162,2820.0,0.0,8.50887,91.13892680877876,589_Charge3.csv,215
4.19979,1.15701,24.39678,2880.0,0.0,8.59275,91.97773810773916,589_Charge3.csv,215
4.19979,1.07784,24.18646,2940.0,0.0,8.67101,92.76068465819596,589_Charge3.csv,215
4.19979,0.9961,23.87099,3000.0,0.0,8.7436,93.48650635304,589_Charge3.csv,215
4.19979,0.91437,24.18646,3060.0,0.0,8.81048,94.15520319227136,589_Charge3.csv,215
4.19979,0.83775,24.29162,3120.0,0.0,8.8718,94.76887535440513,589_Charge3.csv,215
4.19979,0.76113,24.0813,3180.0,0.0,8.92776,95.32836291084745,589_Charge3.csv,215
4.19979,0.68706,23.87099,3240.0,0.0,8.97849,95.83576604011344,589_Charge3.csv,215
4.19979,0.62065,24.0813,3300.0,0.0,9.02422,96.29318492071826,589_Charge3.csv,215
4.19979,0.5568,24.29162,3360.0,0.0,9.06534,96.7043998739893,589_Charge3.csv,215
4.19979,0.49805,24.18646,3420.0,0.0,9.10222,97.0731912212538,589_Charge3.csv,215
4.19979,0.44442,23.87099,3480.0,0.0,9.13522,97.40333928383912,589_Charge3.csv,215
4.19979,0.39589,23.87099,3540.0,0.0,9.16466,97.6977843116665,589_Charge3.csv,215
4.19979,0.35247,23.87099,3600.0,0.0,9.19081,97.95904651895412,589_Charge3.csv,215
4.19979,0.31416,23.97615,3660.0,0.0,9.21409,98.1921663341384,589_Charge3.csv,215
4.19979,0.2784,23.97615,3720.0,0.0,9.23484,98.39966397143756,589_Charge3.csv,215
4.19979,0.2503,23.87099,3780.0,0.0,9.25334,98.58447968077286,589_Charge3.csv,215
4.19979,0.22221,23.76583,3840.0,0.0,9.26986,98.74997374776856,589_Charge3.csv,215
4.19979,0.19922,23.76583,3900.0,0.0,9.28462,98.89740627953375,589_Charge3.csv,215
4.19979,0.17879,23.97615,3960.0,0.0,9.29779,99.02929749028668,589_Charge3.csv,215
4.19979,0.16091,23.97615,4020.0,0.0,9.30963,99.14774755854246,589_Charge3.csv,215
4.19979,0.14558,23.76583,4080.0,0.0,9.32034,99.25485666281637,589_Charge3.csv,215
4.19979,0.13026,23.87099,4140.0,0.0,9.33001,99.35146487451432,589_Charge3.csv,215
4.19979,0.11749,23.87099,4200.0,0.0,9.33875,99.43883230074556,589_Charge3.csv,215
4.19979,0.10727,23.97615,4260.0,0.0,9.34664,99.51779901291611,589_Charge3.csv,215
4.19979,0.09706,23.87099,4320.0,0.0,9.35383,99.58962511813505,589_Charge3.csv,215
4.19979,0.08939,23.87099,4380.0,0.0,9.36039,99.65515068780846,589_Charge3.csv,215
4.19979,0.08173,23.87099,4440.0,0.0,9.36638,99.71521579334244,589_Charge3.csv,215
4.19979,0.07407,23.97615,4500.0,0.0,9.37186,99.76982043473696,589_Charge3.csv,215
4.19979,0.06896,23.87099,4560.0,0.0,9.37688,99.82022471910112,589_Charge3.csv,215
4.19979,0.06385,23.87099,4620.0,0.0,9.38152,99.86642864643494,589_Charge3.csv,215
4.19979,0.05874,23.87099,4680.0,0.0,9.38582,99.90969232384754,589_Charge3.csv,215
4.19979,0.05364,23.87099,4740.0,0.0,9.3898,99.94959571563584,589_Charge3.csv,215
4.19979,0.05108,23.87099,4800.0,0.0,9.3935,99.9865588575029,589_Charge3.csv,215
4.19979,0.04853,23.76583,4822.0,0.0,9.39485,100.0,589_Charge3.csv,215
3.56143,2.99853,23.76583,0.0,0.0,0.17601,2.107855748103225,589_Charge5.csv,223
3.5911,2.99853,23.87099,60.0,0.0,0.35475,4.21571149620645,589_Charge5.csv,223
3.61756,2.99853,23.97615,120.0,0.0,0.53489,6.323145504464117,589_Charge5.csv,223
3.64049,2.99853,23.97615,180.0,0.0,0.71627,8.431001252567341,589_Charge5.csv,223
3.66156,2.99853,24.0813,240.0,0.0,0.89874,10.538435260825008,589_Charge5.csv,223
3.6801,2.99853,24.29162,300.0,0.0,1.08221,12.646291008928234,589_Charge5.csv,223
3.69527,2.99853,24.29162,360.0,0.0,1.26653,14.754146757031458,589_Charge5.csv,223
3.70791,2.99853,24.39678,420.0,0.0,1.45152,16.862002505134683,589_Charge5.csv,223
3.72022,2.99853,24.50194,480.0,0.0,1.63713,18.96943651339235,589_Charge5.csv,223
3.73354,2.99853,24.39678,540.0,0.0,1.82338,21.07729226149557,589_Charge5.csv,223
3.74753,2.99853,24.50194,600.0,0.0,2.01032,23.1851480095988,589_Charge5.csv,223
3.76185,2.99853,24.50194,660.0,0.0,2.19797,25.292582017856468,589_Charge5.csv,223
3.77585,2.99853,24.50194,720.0,0.0,2.38633,27.40043776595969,589_Charge5.csv,223
3.78967,2.99853,24.50194,780.0,0.0,2.57538,29.50829351406292,589_Charge5.csv,223
3.80416,2.99853,24.6071,840.0,0.0,2.76513,31.615727522320583,589_Charge5.csv,223
3.81967,2.99853,24.81741,900.0,0.0,2.95563,33.72358327042381,589_Charge5.csv,223
3.83653,2.99853,24.6071,960.0,0.0,3.14693,35.83101727868148,589_Charge5.csv,223
3.85457,2.99853,24.6071,1020.0,0.0,3.33912,37.9388730267847,589_Charge5.csv,223
3.87344,2.99853,24.6071,1080.0,0.0,3.53222,40.04672877488792,589_Charge5.csv,223
3.89266,2.99853,24.81741,1140.0,0.0,3.72629,42.15458452299114,589_Charge5.csv,223
3.91205,2.99853,24.92257,1200.0,0.0,3.92132,44.26201853124881,589_Charge5.csv,223
3.93126,2.99853,24.71226,1260.0,0.0,4.1173,46.36987427935204,589_Charge5.csv,223
3.95031,2.99853,24.71226,1320.0,0.0,4.31425,48.47773002745527,589_Charge5.csv,223
3.96868,2.99853,24.81741,1380.0,0.0,4.51214,50.585164035712936,589_Charge5.csv,223
3.98638,2.99853,24.92257,1440.0,0.0,4.71092,52.69301978381616,589_Charge5.csv,223
4.00374,2.99853,24.81741,1500.0,0.0,4.91057,54.800453792073824,589_Charge5.csv,223
4.02094,2.99853,24.71226,1560.0,0.0,5.1111,56.90830954017705,589_Charge5.csv,223
4.03763,2.99853,25.02773,1620.0,0.0,5.31246,59.01616528828028,589_Charge5.csv,223
4.05431,2.99853,25.02773,1680.0,0.0,5.51466,61.12359929653793,589_Charge5.csv,223
4.07168,2.99853,24.6071,1740.0,0.0,5.71771,63.23145504464117,589_Charge5.csv,223
4.09022,2.99853,24.81741,1800.0,0.0,5.92167,65.33931079274439,589_Charge5.csv,223
4.1096,2.99853,25.13289,1860.0,0.0,6.12659,67.44716654084762,589_Charge5.csv,223
4.13034,2.99853,25.23805,1920.0,0.0,6.33248,69.55502228895084,589_Charge5.csv,223
4.15225,2.99853,24.81741,1980.0,0.0,6.53945,71.66287803705407,589_Charge5.csv,223
4.17484,2.99853,24.81741,2040.0,0.0,6.74753,73.77031204531174,589_Charge5.csv,223
4.19709,2.99853,24.92257,2100.0,0.0,6.95672,75.8777460535694,589_Charge5.csv,223
4.19995,2.56944,25.02773,2160.0,0.0,7.15136,77.83251023773475,589_Charge5.csv,223
4.19995,2.2987,24.92257,2220.0,0.0,7.32121,79.53802617317481,589_Charge5.csv,223
4.19995,2.10204,24.81741,2280.0,0.0,7.47484,81.08075052822916,589_Charge5.csv,223
4.19979,1.95134,24.71226,2340.0,0.0,7.61647,82.50285728745366,589_Charge5.csv,223
4.19979,1.8313,24.6071,2400.0,0.0,7.74872,83.83091606111854,589_Charge5.csv,223
4.19979,1.72913,24.6071,2460.0,0.0,7.87327,85.08179644304614,589_Charge5.csv,223
4.19979,1.63719,24.50194,2520.0,0.0,7.99096,86.2635114903021,589_Charge5.csv,223
4.19979,1.54779,24.50194,2580.0,0.0,8.10244,87.38323078026087,589_Charge5.csv,223
4.19979,1.46606,24.39678,2640.0,0.0,8.20795,88.44264127230477,589_Charge5.csv,223
4.19979,1.38433,24.29162,2700.0,0.0,8.30766,89.44385166566153,589_Charge5.csv,223
4.19979,1.3026,24.29162,2760.0,0.0,8.4017,90.38812717986782,589_Charge5.csv,223
4.19979,1.22597,24.29162,2820.0,0.0,8.49012,91.2763112946148,589_Charge5.csv,223
4.19979,1.14169,24.18646,2880.0,0.0,8.57289,92.10713879036577,589_Charge5.csv,223
4.19979,1.05996,24.29162,2940.0,0.0,8.65002,92.88187488665744,589_Charge5.csv,223
4.19979,0.98078,24.18646,3000.0,0.0,8.72142,93.59883262410747,589_Charge5.csv,223
4.19979,0.9016,24.0813,3060.0,0.0,8.78723,94.25969896209824,589_Charge5.csv,223
4.19979,0.82242,24.0813,3120.0,0.0,8.8475,94.8648956404752,589_Charge5.csv,223
4.19979,0.7458,24.18646,3180.0,0.0,8.90233,95.41568787877512,589_Charge5.csv,223
4.19979,0.67429,24.0813,3240.0,0.0,8.95203,95.91460611607124,589_Charge5.csv,223
4.19979,0.60788,24.0813,3300.0,0.0,8.99688,96.36502427112812,589_Charge5.csv,223
4.19979,0.54403,23.97615,3360.0,0.0,9.03714,96.7690510431735,589_Charge5.csv,223
4.19979,0.48528,23.97615,3420.0,0.0,9.07317,97.13132557050858,589_Charge5.csv,223
4.19979,0.4342,23.97615,3480.0,0.0,9.10539,97.45480003205222,589_Charge5.csv,223
4.19979,0.38823,23.87099,3540.0,0.0,9.13413,97.7432700864145,589_Charge5.csv,223
4.19979,0.34481,23.97615,3600.0,0.0,9.15975,98.0005313922054,589_Charge5.csv,223
4.19979,0.30649,23.87099,3660.0,0.0,9.18257,98.22995786818942,589_Charge5.csv,223
4.19979,0.27329,23.87099,3720.0,0.0,9.2029,98.43365821359436,589_Charge5.csv,223
4.19979,0.24519,23.97615,3780.0,0.0,9.22102,98.6158498268758,589_Charge5.csv,223
4.19979,0.2171,23.87099,3840.0,0.0,9.23721,98.77821966741595,589_Charge5.csv,223
4.19979,0.19411,23.76583,3900.0,0.0,9.25162,98.92329817428822,589_Charge5.csv,223
4.19979,0.17623,23.87099,3960.0,0.0,9.26456,99.05319404672034,589_Charge5.csv,223
4.19979,0.15836,23.87099,4020.0,0.0,9.27618,99.1695942440946,589_Charge5.csv,223
4.19979,0.14303,23.87099,4080.0,0.0,9.28667,99.27502920548432,589_Charge5.csv,223
4.19979,0.12771,23.76583,4140.0,0.0,9.29613,99.36992067073504,589_Charge5.csv,223
4.19979,0.11749,23.87099,4200.0,0.0,9.30468,99.45595559922906,589_Charge5.csv,223
4.19979,0.10727,23.87099,4260.0,0.0,9.31244,99.53397747065743,589_Charge5.csv,223
4.19979,0.09706,23.87099,4320.0,0.0,9.31952,99.60482976471134,589_Charge5.csv,223
4.19979,0.08684,23.76583,4380.0,0.0,9.32598,99.66977770092744,589_Charge5.csv,223
4.19979,0.07918,23.76583,4440.0,0.0,9.33187,99.72882127930563,589_Charge5.csv,223
4.19979,0.07407,23.97615,4500.0,0.0,9.33725,99.78280397953718,589_Charge5.csv,223
4.19979,0.06896,23.87099,4560.0,0.0,9.34221,99.8329910211587,589_Charge5.csv,223
4.19979,0.06385,23.76583,4620.0,0.0,9.3468,99.8789606643246,589_Charge5.csv,223
4.19979,0.05874,23.87099,4680.0,0.0,9.35107,99.9219781285716,589_Charge5.csv,223
4.19979,0.05619,23.97615,4740.0,0.0,9.35506,99.96162167405416,589_Charge5.csv,223
4.19979,0.05108,23.76583,4800.0,0.0,9.35871,99.99831304061776,589_Charge5.csv,223
4.19979,0.04853,23.76583,4802.0,0.0,9.35884,100.0,589_Charge5.csv,223
3.56278,2.99853,23.87099,0.0,0.0,0.17637,2.111628535931914,589_Charge7.csv,231
3.59211,2.99853,23.97615,60.0,0.0,0.35516,4.223679651118567,589_Charge7.csv,231
3.61824,2.99853,23.97615,120.0,0.0,0.53537,6.33573076630522,589_Charge7.csv,231
3.64099,2.99853,24.0813,180.0,0.0,0.71678,8.447781881491874,589_Charge7.csv,231
3.66156,2.99853,24.29162,240.0,0.0,0.89926,10.559410417423788,589_Charge7.csv,231
3.68027,2.99853,24.18646,300.0,0.0,1.08272,12.67146153261044,589_Charge7.csv,231
3.69561,2.99853,24.29162,360.0,0.0,1.26704,14.783090068542354,589_Charge7.csv,231
3.70825,2.99853,24.39678,420.0,0.0,1.45206,16.895141183729006,589_Charge7.csv,231
3.72056,2.99853,24.39678,480.0,0.0,1.6377,19.007192298915665,589_Charge7.csv,231
3.7337,2.99853,24.39678,540.0,0.0,1.82396,21.118820834847572,589_Charge7.csv,231
3.74786,2.99853,24.50194,600.0,0.0,2.01091,23.230871950034228,589_Charge7.csv,231
3.76219,2.99853,24.50194,660.0,0.0,2.19857,25.34292306522088,589_Charge7.csv,231
3.77635,2.99853,24.6071,720.0,0.0,2.38696,27.454974180407536,589_Charge7.csv,231
3.79034,2.99853,24.6071,780.0,0.0,2.57604,29.56660271633945,589_Charge7.csv,231
3.80501,2.99853,24.50194,840.0,0.0,2.76583,31.6786538315261,589_Charge7.csv,231
3.82052,2.99853,24.50194,900.0,0.0,2.95637,33.79028236745801,589_Charge7.csv,231
3.83754,2.99853,24.71226,960.0,0.0,3.14773,35.902333482644664,589_Charge7.csv,231
3.85558,2.99853,24.71226,1020.0,0.0,3.33995,38.01438459783133,589_Charge7.csv,231
3.87446,2.99853,24.6071,1080.0,0.0,3.53313,40.12643571301797,589_Charge7.csv,231
3.89384,2.99853,24.6071,1140.0,0.0,3.72723,42.23806424894988,589_Charge7.csv,231
3.91323,2.99853,24.6071,1200.0,0.0,3.92231,44.35011536413654,589_Charge7.csv,231
3.93261,2.99853,24.71226,1260.0,0.0,4.11836,46.461743900068456,589_Charge7.csv,231
3.95149,2.99853,24.71226,1320.0,0.0,4.31538,48.57379501525511,589_Charge7.csv,231
3.96986,2.99853,24.71226,1380.0,0.0,4.51331,50.68584613044176,589_Charge7.csv,231
3.98756,2.99853,24.71226,1440.0,0.0,4.71216,52.79747466637367,589_Charge7.csv,231
4.00492,2.99853,24.81741,1500.0,0.0,4.91189,54.90952578156033,589_Charge7.csv,231
4.02195,2.99853,24.81741,1560.0,0.0,5.11247,57.021576896746986,589_Charge7.csv,231
4.03864,2.99853,24.81741,1620.0,0.0,5.31387,59.13320543267889,589_Charge7.csv,231
4.05549,2.99853,24.81741,1680.0,0.0,5.51614,61.24525654786554,589_Charge7.csv,231
4.07302,2.99853,24.81741,1740.0,0.0,5.71926,63.3573076630522,589_Charge7.csv,231
4.09123,2.99853,24.92257,1800.0,0.0,5.92325,65.46893619898411,589_Charge7.csv,231
4.11095,2.99853,25.02773,1860.0,0.0,6.12822,67.58098731417077,589_Charge7.csv,231
4.13202,2.99853,25.02773,1920.0,0.0,6.3342,69.69303842935743,589_Charge7.csv,231
4.1541,2.99853,25.02773,1980.0,0.0,6.54125,71.80466696528933,589_Charge7.csv,231
4.17652,2.99853,25.02773,2040.0,0.0,6.74941,73.91671808047599,589_Charge7.csv,231
4.19861,2.99853,25.02773,2100.0,0.0,6.95872,76.02876919566265,589_Charge7.csv,231
4.19995,2.5439,24.92257,2160.0,0.0,7.15101,77.96333702385881,589_Charge7.csv,231
4.19979,2.27316,24.81741,2220.0,0.0,7.31905,79.65449920132521,589_Charge7.csv,231
4.19979,2.0816,24.81741,2280.0,0.0,7.47116,81.18465868273594,589_Charge7.csv,231
4.19979,1.93602,24.6071,2340.0,0.0,7.61158,82.59776371058392,589_Charge7.csv,231
4.19979,1.81853,24.50194,2400.0,0.0,7.74289,83.91874646089875,589_Charge7.csv,231
4.19979,1.71636,24.6071,2460.0,0.0,7.86659,85.1636649453605,589_Charge7.csv,231
4.19979,1.62697,24.50194,2520.0,0.0,7.98355,86.34054816980924,589_Charge7.csv,231
4.19979,1.54013,24.39678,2580.0,0.0,8.09431,87.45488966455657,589_Charge7.csv,231
4.19979,1.45584,24.39678,2640.0,0.0,8.19919,88.51007006364043,589_Charge7.csv,231
4.19979,1.37667,24.39678,2700.0,0.0,8.2983,89.50735710482499,589_Charge7.csv,231
4.19979,1.29494,24.29162,2760.0,0.0,8.39174,90.44759594661976,589_Charge7.csv,231
4.19979,1.2132,24.29162,2820.0,0.0,8.47952,91.33078658902475,589_Charge7.csv,231
4.19979,1.13403,24.18646,2880.0,0.0,8.56164,92.15735161129469,589_Charge7.csv,231
4.19979,1.05229,24.29162,2940.0,0.0,8.63814,92.92686843417482,589_Charge7.csv,231
4.19979,0.97312,24.18646,3000.0,0.0,8.70897,93.63975963691988,589_Charge7.csv,231
4.19979,0.89139,24.0813,3060.0,0.0,8.77423,94.29602521952992,589_Charge7.csv,231
4.19979,0.81476,24.18646,3120.0,0.0,8.83389,94.89651034051435,589_Charge7.csv,231
4.19979,0.73814,24.18646,3180.0,0.0,8.88825,95.44332789614693,589_Charge7.csv,231
4.19979,0.66918,24.18646,3240.0,0.0,8.93752,95.93901336195604,589_Charge7.csv,231
4.19979,0.60022,23.87099,3300.0,0.0,8.98196,96.38610221347012,589_Charge7.csv,231
4.19979,0.53892,23.87099,3360.0,0.0,9.02179,96.78712992621766,589_Charge7.csv,231
4.19979,0.48017,24.18646,3420.0,0.0,9.05744,97.14589971349126,589_Charge7.csv,231
4.19979,0.43165,24.0813,3480.0,0.0,9.08934,97.46663736783832,589_Charge7.csv,231
4.19979,0.38312,23.76583,3540.0,0.0,9.11785,97.75356868180629,589_Charge7.csv,231
4.19979,0.34225,23.97615,3600.0,0.0,9.14322,98.00880655166875,589_Charge7.csv,231
4.19979,0.30394,24.18646,3660.0,0.0,9.16584,98.2365767699732,589_Charge7.csv,231
4.19979,0.27329,23.87099,3720.0,0.0,9.18606,98.43983739150276,589_Charge7.csv,231
4.19979,0.24264,23.76583,3780.0,0.0,9.20406,98.6211238917859,589_Charge7.csv,231
4.19979,0.2171,24.0813,3840.0,0.0,9.22011,98.78254916709628,589_Charge7.csv,231
4.19979,0.19411,24.18646,3900.0,0.0,9.23444,98.92664869296236,589_Charge7.csv,231
4.19979,0.17368,23.66067,3960.0,0.0,9.24726,99.05595794491256,589_Charge7.csv,231
4.19979,0.1558,23.87099,4020.0,0.0,9.25879,99.17174466071113,589_Charge7.csv,231
4.19979,0.14048,24.0813,4080.0,0.0,9.2692,99.27654431588644,589_Charge7.csv,231
4.19979,0.12771,24.0813,4140.0,0.0,9.27858,99.37077948969328,589_Charge7.csv,231
4.19979,0.11494,23.66067,4200.0,0.0,9.28712,99.45698565766008,589_Charge7.csv,231
4.19979,0.10472,23.76583,4260.0,0.0,9.29489,99.53516281978683,589_Charge7.csv,231
4.19979,0.09706,23.87099,4320.0,0.0,9.30196,99.60615613458305,589_Charge7.csv,231
4.19979,0.08684,23.97615,4380.0,0.0,9.30839,99.67081076055813,589_Charge7.csv,231
4.19979,0.07918,24.0813,4440.0,0.0,9.31424,99.72954927696688,589_Charge7.csv,231
4.19979,0.07407,23.87099,4500.0,0.0,9.31962,99.78406200082824,589_Charge7.csv,231
4.19979,0.06896,23.76583,4560.0,0.0,9.32458,99.83392635288747,589_Charge7.csv,231
4.19979,0.06385,23.76583,4620.0,0.0,9.32916,99.87998749165403,589_Charge7.csv,231
4.19979,0.05874,23.87099,4680.0,0.0,9.33338,99.92224541712798,589_Charge7.csv,231
4.19979,0.05364,23.87099,4740.0,0.0,9.33733,99.96196786707348,589_Charge7.csv,231
4.19979,0.05108,23.87099,4800.0,0.0,9.34099,99.99873226223578,589_Charge7.csv,231
4.19979,0.04853,23.87099,4802.0,0.0,9.34108,100.0,589_Charge7.csv,231
3.56109,2.99853,23.76583,0.0,0.0,0.17587,2.1113722440146083,589_Charge8.csv,235
3.59093,2.99853,23.97615,60.0,0.0,0.35459,4.224012579467064,589_Charge8.csv,235
3.61723,2.99853,23.97615,120.0,0.0,0.53472,6.336230217773569,589_Charge8.csv,235
3.64032,2.99853,24.0813,180.0,0.0,0.71609,8.448870553226024,589_Charge8.csv,235
3.66105,2.99853,24.29162,240.0,0.0,0.89854,10.56151088867848,589_Charge8.csv,235
3.67976,2.99853,24.29162,300.0,0.0,1.08199,12.673728526984988,589_Charge8.csv,235
3.69527,2.99853,24.39678,360.0,0.0,1.2663,14.786368862437444,589_Charge8.csv,235
3.70808,3.00108,24.39678,420.0,0.0,1.45131,16.899009197889896,589_Charge8.csv,235
3.72056,2.99853,24.39678,480.0,0.0,1.63693,19.0112268361964,589_Charge8.csv,235
3.7337,2.99853,24.50194,540.0,0.0,1.8232,21.123867171648858,589_Charge8.csv,235
3.7477,2.99853,24.50194,600.0,0.0,2.01014,23.23650750710131,589_Charge8.csv,235
3.76236,2.99853,24.50194,660.0,0.0,2.19779,25.34872514540782,589_Charge8.csv,235
3.77652,2.99853,24.50194,720.0,0.0,2.38618,27.461365480860277,589_Charge8.csv,235
3.79051,2.99853,24.50194,780.0,0.0,2.57526,29.573583119166784,589_Charge8.csv,235
3.80501,2.99853,24.71226,840.0,0.0,2.76507,31.686646151765185,589_Charge8.csv,235
3.82068,2.99853,24.6071,900.0,0.0,2.9556,33.79886379007169,589_Charge8.csv,235
3.83754,2.99853,24.6071,960.0,0.0,3.14697,35.91150412552415,589_Charge8.csv,235
3.85558,2.99853,24.6071,1020.0,0.0,3.33921,38.02414446097661,589_Charge8.csv,235
3.87462,2.99853,24.6071,1080.0,0.0,3.53237,40.136362099283104,589_Charge8.csv,235
3.89401,2.99853,24.71226,1140.0,0.0,3.7265,42.24900243473556,589_Charge8.csv,235
3.91339,2.99853,24.71226,1200.0,0.0,3.92159,44.36122007304207,589_Charge8.csv,235
3.93278,2.99853,24.71226,1260.0,0.0,4.11765,46.47386040849453,589_Charge8.csv,235
3.95166,2.99853,24.81741,1320.0,0.0,4.31466,48.58650074394698,589_Charge8.csv,235
3.97003,2.99853,24.81741,1380.0,0.0,4.51262,50.698718382253496,589_Charge8.csv,235
3.9879,2.99853,24.71226,1440.0,0.0,4.71146,52.811358717705936,589_Charge8.csv,235
4.00526,2.99853,24.81741,1500.0,0.0,4.9112,54.92357635601245,589_Charge8.csv,235
4.02229,2.99853,24.81741,1560.0,0.0,5.1118,57.0362166914649,589_Charge8.csv,235
4.03897,2.99853,24.81741,1620.0,0.0,5.31323,59.14885702691736,589_Charge8.csv,235
4.05583,2.99853,24.81741,1680.0,0.0,5.5155,61.26107466522386,589_Charge8.csv,235
4.07336,2.99853,24.92257,1740.0,0.0,5.71865,63.37371500067632,589_Charge8.csv,235
4.09174,2.99853,24.81741,1800.0,0.0,5.92269,65.48635533612878,589_Charge8.csv,235
4.11146,2.99853,24.81741,1860.0,0.0,6.12767,67.59899567158124,589_Charge8.csv,235
4.1327,2.99853,24.92257,1920.0,0.0,6.33366,69.71121330988773,589_Charge8.csv,235
4.15478,2.99853,24.81741,1980.0,0.0,6.54076,71.82385364534018,589_Charge8.csv,235
4.1772,2.99853,24.92257,2040.0,0.0,6.74895,73.93649398079265,589_Charge8.csv,235
4.19928,2.99853,24.92257,2100.0,0.0,6.95828,76.0491343162451,589_Charge8.csv,235
4.19995,2.53368,24.81741,2160.0,0.0,7.14953,77.9736744217503,589_Charge8.csv,235
4.19979,2.26805,24.71226,2220.0,0.0,7.31704,79.65981333694036,589_Charge8.csv,235
4.19979,2.07649,24.81741,2280.0,0.0,7.46878,81.18701812525362,589_Charge8.csv,235
4.19979,1.93346,24.6071,2340.0,0.0,7.60893,82.597558501285,589_Charge8.csv,235
4.19979,1.81597,24.50194,2400.0,0.0,7.74006,83.91721899093737,589_Charge8.csv,235
4.19979,1.71381,24.50194,2460.0,0.0,7.86354,85.15994860002705,589_Charge8.csv,235
4.19979,1.62186,24.39678,2520.0,0.0,7.9803,86.33504666576492,589_Charge8.csv,235
4.19979,1.53758,24.39678,2580.0,0.0,8.09089,87.4480082510483,589_Charge8.csv,235
4.19979,1.45329,24.29162,2640.0,0.0,8.19558,88.50179223589882,589_Charge8.csv,235
4.19979,1.37156,24.29162,2700.0,0.0,8.29452,89.49766671175438,589_Charge8.csv,235
4.19979,1.29238,24.29162,2760.0,0.0,8.3878,90.4364770729068,589_Charge8.csv,235
4.19979,1.2132,24.18646,2820.0,0.0,8.47553,91.319491410794,589_Charge8.csv,235
4.19979,1.13147,24.18646,2880.0,0.0,8.55763,92.14586433112405,589_Charge8.csv,235
4.19979,1.05485,24.18646,2940.0,0.0,8.6341,92.91559583389692,589_Charge8.csv,235
4.19979,0.97056,24.0813,3000.0,0.0,8.70491,93.62826322196672,589_Charge8.csv,235
4.19979,0.89139,24.0813,3060.0,0.0,8.77015,94.28471188962531,589_Charge8.csv,235
4.19979,0.81476,23.97615,3120.0,0.0,8.82985,94.8857872311646,589_Charge8.csv,235
4.19979,0.74069,23.97615,3180.0,0.0,8.88426,95.4331800351684,589_Charge8.csv,235
4.19979,0.67173,23.97615,3240.0,0.0,8.93361,95.92984918165833,589_Charge8.csv,235
4.19979,0.60277,23.97615,3300.0,0.0,8.97808,96.3774854592182,589_Charge8.csv,235
4.19979,0.53892,23.87099,3360.0,0.0,9.01808,96.78031583930746,589_Charge8.csv,235
4.19979,0.48528,23.97615,3420.0,0.0,9.0539,97.14045380765587,589_Charge8.csv,235
4.19979,0.4342,24.0813,3480.0,0.0,9.086,97.46381712430676,589_Charge8.csv,235
4.19979,0.38567,24.0813,3540.0,0.0,9.11467,97.75251927498988,589_Charge8.csv,235
4.19979,0.34481,24.0813,3600.0,0.0,9.14023,98.00951913972678,589_Charge8.csv,235
4.19979,0.30649,23.97615,3660.0,0.0,9.16303,98.239043689977,589_Charge8.csv,235
4.19979,0.27329,24.0813,3720.0,0.0,9.18332,98.44320641147031,589_Charge8.csv,235
4.19979,0.24264,24.0813,3780.0,0.0,9.20139,98.62496618422831,589_Charge8.csv,235
4.19979,0.2171,24.0813,3840.0,0.0,9.2175,98.7872818882727,589_Charge8.csv,235
4.19979,0.19411,24.0813,3900.0,0.0,9.23189,98.9318443121872,589_Charge8.csv,235
4.19979,0.17368,23.97615,3960.0,0.0,9.24477,99.06161233599352,589_Charge8.csv,235
4.19979,0.15836,23.97615,4020.0,0.0,9.25638,99.17869944542134,589_Charge8.csv,235
4.19979,0.14048,23.97615,4080.0,0.0,9.26683,99.28395103476262,589_Charge8.csv,235
4.19979,0.12515,23.76583,4140.0,0.0,9.27621,99.3782124983092,589_Charge8.csv,235
4.19979,0.11494,23.97615,4200.0,0.0,9.28462,99.462751927499,589_Charge8.csv,235
4.19979,0.10472,23.87099,4260.0,0.0,9.29225,99.53968280806168,589_Charge8.csv,235
4.19979,0.0945,23.87099,4320.0,0.0,9.29919,99.60942783714326,589_Charge8.csv,235
4.19979,0.08684,23.87099,4380.0,0.0,9.30554,99.67325510618151,589_Charge8.csv,235
4.19979,0.08173,23.87099,4440.0,0.0,9.3114,99.73243270661438,589_Charge8.csv,235
4.19979,0.07407,23.87099,4500.0,0.0,9.31679,99.78653794129583,589_Charge8.csv,235
4.19979,0.06641,23.76583,4560.0,0.0,9.32176,99.83683890166374,589_Charge8.csv,235
4.19979,0.06385,23.87099,4620.0,0.0,9.32638,99.88291289057216,589_Charge8.csv,235
4.19979,0.05619,23.87099,4680.0,0.0,9.33061,99.925605302313,589_Charge8.csv,235
4.19979,0.05364,23.76583,4740.0,0.0,9.33453,99.9653388340322,589_Charge8.csv,235
4.19979,0.04853,23.76583,4798.0,0.0,9.338,100.0,589_Charge8.csv,235
3.56919,2.99853,23.76583,0.0,0.0,0.17687,2.1333082924997013,590_Charge12.csv,266
3.59919,2.99853,23.97615,60.0,0.0,0.35601,4.266189752607946,590_Charge12.csv,266
3.62532,2.99853,23.97615,120.0,0.0,0.53655,6.399498045107648,590_Charge12.csv,266
3.6479,2.99853,24.18646,180.0,0.0,0.71831,8.532806337607349,590_Charge12.csv,266
3.66864,2.99853,24.18646,240.0,0.0,0.90114,10.665687797715592,590_Charge12.csv,266
3.68651,2.99853,24.39678,300.0,0.0,1.08495,12.798996090215295,590_Charge12.csv,266
3.701,2.99853,24.39678,360.0,0.0,1.26956,14.932304382714994,590_Charge12.csv,266
3.71331,3.00108,24.39678,420.0,0.0,1.45484,17.06518584282324,590_Charge12.csv,266
3.72595,2.99853,24.39678,480.0,0.0,1.64073,19.198494135322942,590_Charge12.csv,266
3.73944,2.99853,24.50194,540.0,0.0,1.82728,21.331802427822645,590_Charge12.csv,266
3.75393,2.99853,24.50194,600.0,0.0,2.01453,23.465110720322343,590_Charge12.csv,266
3.76843,3.00108,24.50194,660.0,0.0,2.20251,25.59799218043059,590_Charge12.csv,266
3.78259,2.99853,24.6071,720.0,0.0,2.3912,27.731300472930293,590_Charge12.csv,266
3.79675,2.99853,24.6071,780.0,0.0,2.5806,29.86460876542999,590_Charge12.csv,266
3.81175,2.99853,24.6071,840.0,0.0,2.77072,31.99749022553824,590_Charge12.csv,266
3.8281,2.99853,24.6071,900.0,0.0,2.96162,34.130798518037935,590_Charge12.csv,266
3.84563,2.99853,24.71226,960.0,0.0,3.15336,36.26410681053764,590_Charge12.csv,266
3.86417,2.99853,24.71226,1020.0,0.0,3.34601,38.396988270645885,590_Charge12.csv,266
3.88339,2.99853,24.71226,1080.0,0.0,3.5396,40.53029656314558,590_Charge12.csv,266
3.90277,2.99853,24.71226,1140.0,0.0,3.73419,42.66360485564529,590_Charge12.csv,266
3.92216,2.99853,24.71226,1200.0,0.0,3.92971,44.79648631575353,590_Charge12.csv,266
3.94138,2.99853,24.71226,1260.0,0.0,4.12621,46.92979460825324,590_Charge12.csv,266
3.96009,2.99853,24.81741,1320.0,0.0,4.32367,49.06310290075294,590_Charge12.csv,266
3.97829,2.99853,24.92257,1380.0,0.0,4.52203,51.19598436086118,590_Charge12.csv,266
3.99582,2.99853,24.92257,1440.0,0.0,4.7213,53.32929265336088,590_Charge12.csv,266
4.01302,2.99853,24.81741,1500.0,0.0,4.92143,55.462600945860586,590_Charge12.csv,266
4.03004,2.99853,24.71226,1560.0,0.0,5.12241,57.59548240596882,590_Charge12.csv,266
4.04673,2.99853,24.92257,1620.0,0.0,5.32424,59.728790698468536,590_Charge12.csv,266
4.06392,2.99853,24.92257,1680.0,0.0,5.5269,61.86209899096823,590_Charge12.csv,266
4.08162,3.00108,24.81741,1740.0,0.0,5.73045,63.995407283467934,590_Charge12.csv,266
4.10084,2.99853,24.81741,1800.0,0.0,5.9349,66.12828874357618,590_Charge12.csv,266
4.12123,2.99853,25.02773,1860.0,0.0,6.14034,68.26159703607587,590_Charge12.csv,266
4.14264,2.99853,25.13289,1920.0,0.0,6.34685,70.39490532857559,590_Charge12.csv,266
4.16506,2.99853,25.13289,1980.0,0.0,6.55444,72.52778678868384,590_Charge12.csv,266
4.18748,2.99853,24.92257,2040.0,0.0,6.76316,74.66109508118353,590_Charge12.csv,266
4.19995,2.72779,24.81741,2100.0,0.0,6.96827,76.74745181062302,590_Charge12.csv,266
4.19995,2.39831,24.92257,2160.0,0.0,7.14675,78.56106264192178,590_Charge12.csv,266
4.19995,2.17355,24.92257,2220.0,0.0,7.30635,80.18302572945656,590_Charge12.csv,266
4.19979,2.00753,24.81741,2280.0,0.0,7.45243,81.66797561933382,590_Charge12.csv,266
4.19979,1.87727,24.6071,2340.0,0.0,7.5882,83.04792474091275,590_Charge12.csv,266
4.19979,1.76745,24.6071,2400.0,0.0,7.71564,84.34293421659184,590_Charge12.csv,266
4.19979,1.67039,24.6071,2460.0,0.0,7.83587,85.56495535333185,590_Charge12.csv,266
4.19979,1.58355,24.50194,2520.0,0.0,7.9497,86.72167113417905,590_Charge12.csv,266
4.19979,1.49671,24.39678,2580.0,0.0,8.05746,87.81692305065647,590_Charge12.csv,266
4.19979,1.41498,24.29162,2640.0,0.0,8.15939,88.85284526472145,590_Charge12.csv,266
4.19979,1.33325,24.29162,2700.0,0.0,8.25558,89.83029144115689,590_Charge12.csv,266
4.19979,1.25407,24.29162,2760.0,0.0,8.34621,90.75139574192008,590_Charge12.csv,266
4.19979,1.17489,24.29162,2820.0,0.0,8.43125,91.61573133461953,590_Charge12.csv,266
4.19979,1.09571,24.18646,2880.0,0.0,8.51068,92.42287138686382,590_Charge12.csv,266
4.19979,1.01398,24.18646,2940.0,0.0,8.58445,93.17281589865291,590_Charge12.csv,266
4.19979,0.93481,24.18646,3000.0,0.0,8.65265,93.86599170237832,590_Charge12.csv,266
4.19979,0.85563,24.0813,3060.0,0.0,8.71524,94.50197196564856,590_Charge12.csv,266
4.19979,0.779,24.0813,3120.0,0.0,8.77246,95.08331768281234,590_Charge12.csv,266
4.19979,0.70494,24.0813,3180.0,0.0,8.82438,95.61130935104404,590_Charge12.csv,266
4.19979,0.63853,24.0813,3240.0,0.0,8.87138,96.0889347970839,590_Charge12.csv,266
4.19979,0.57468,23.97615,3300.0,0.0,8.91377,96.51960868006351,590_Charge12.csv,266
4.19979,0.51338,23.97615,3360.0,0.0,8.95178,96.90589199433168,590_Charge12.csv,266
4.19979,0.45974,23.97615,3420.0,0.0,8.9858,97.25162623141144,590_Charge12.csv,266
4.19979,0.40866,23.97615,3480.0,0.0,9.0162,97.560652882826,590_Charge12.csv,266
4.19979,0.36524,23.87099,3540.0,0.0,9.04327,97.83595977531544,590_Charge12.csv,266
4.19979,0.32693,23.97615,3600.0,0.0,9.06738,98.08096156801147,590_Charge12.csv,266
4.19979,0.29117,23.97615,3660.0,0.0,9.08893,98.29992658482868,590_Charge12.csv,266
4.19979,0.26052,23.87099,3720.0,0.0,9.10818,98.49541582011577,590_Charge12.csv,266
4.19979,0.23242,23.87099,3780.0,0.0,9.12532,98.66956343583,590_Charge12.csv,266
4.19979,0.20688,23.87099,3840.0,0.0,9.1406,98.8249304263202,590_Charge12.csv,266
4.19979,0.18645,23.76583,3900.0,0.0,9.15433,98.96450461832649,590_Charge12.csv,266
4.19979,0.16602,23.76583,3960.0,0.0,9.16666,99.08999334141473,590_Charge12.csv,266
4.19979,0.15069,23.97615,4020.0,0.0,9.17777,99.20267709275925,590_Charge12.csv,266
4.19979,0.13537,23.76583,4080.0,0.0,9.18774,99.30426320192588,590_Charge12.csv,266
4.19979,0.1226,23.66067,4140.0,0.0,9.19678,99.396032166089,590_Charge12.csv,266
4.19979,0.11238,23.76583,4200.0,0.0,9.20495,99.47926448242303,590_Charge12.csv,266
4.19979,0.10216,23.87099,4260.0,0.0,9.21241,99.55481381571086,590_Charge12.csv,266
4.19979,0.09195,23.87099,4320.0,0.0,9.21916,99.62353383073535,590_Charge12.csv,266
4.19979,0.08429,23.76583,4380.0,0.0,9.22534,99.68627819227946,590_Charge12.csv,266
4.19979,0.07918,23.87099,4440.0,0.0,9.23104,99.74432739751757,590_Charge12.csv,266
4.19979,0.07152,23.97615,4500.0,0.0,9.23628,99.79725461405816,590_Charge12.csv,266
4.19979,0.06641,23.97615,4560.0,0.0,9.24109,99.84634033907568,590_Charge12.csv,266
4.19979,0.0613,23.76583,4620.0,0.0,9.24553,99.89158457257004,590_Charge12.csv,266
4.19979,0.05619,23.66067,4680.0,0.0,9.24961,99.93298731454136,590_Charge12.csv,266
4.19979,0.05364,23.87099,4740.0,0.0,9.25342,99.97182906216388,590_Charge12.csv,266
4.19979,0.04853,23.97615,4787.0,0.0,9.25621,100.0,590_Charge12.csv,266
3.56716,2.99853,23.76583,0.0,0.0,0.17668,2.1304529450378946,590_Charge13.csv,270
3.597,2.99853,23.76583,60.0,0.0,0.35573,4.260905890075789,590_Charge13.csv,270
3.62313,2.99853,24.0813,120.0,0.0,0.53616,6.391358835113683,590_Charge13.csv,270
3.64571,2.99853,24.29162,180.0,0.0,0.71781,8.521385519058134,590_Charge13.csv,270
3.66645,2.99853,24.29162,240.0,0.0,0.90054,10.651838464096029,590_Charge13.csv,270
3.68482,2.99853,24.39678,300.0,0.0,1.08425,12.782291409133926,590_Charge13.csv,270
3.69965,2.99853,24.29162,360.0,0.0,1.26879,14.912318093078373,590_Charge13.csv,270
3.71213,2.99853,24.39678,420.0,0.0,1.454,17.042771038116268,590_Charge13.csv,270
3.72477,2.99853,24.50194,480.0,0.0,1.63983,19.173223983154163,590_Charge13.csv,270
3.73826,2.99853,24.6071,540.0,0.0,1.82632,21.30325066709861,590_Charge13.csv,270
3.75258,2.99853,24.50194,600.0,0.0,2.0135,23.433703612136505,590_Charge13.csv,270
3.76725,2.99853,24.50194,660.0,0.0,2.20141,25.5641565571744,590_Charge13.csv,270
3.78141,2.99853,24.6071,720.0,0.0,2.39004,27.694183241118854,590_Charge13.csv,270
3.79574,2.99853,24.71226,780.0,0.0,2.57938,29.824636186156745,590_Charge13.csv,270
3.81057,2.99853,24.71226,840.0,0.0,2.76944,31.95508913119464,590_Charge13.csv,270
3.82675,2.99853,24.71226,900.0,0.0,2.96029,34.085542076232535,590_Charge13.csv,270
3.84428,2.99853,24.71226,960.0,0.0,3.15198,36.215568760176986,590_Charge13.csv,270
3.86266,2.99853,24.81741,1020.0,0.0,3.34455,38.34602170521488,590_Charge13.csv,270
3.88187,2.99853,24.71226,1080.0,0.0,3.53806,40.47604838915933,590_Charge13.csv,270
3.90143,2.99853,24.71226,1140.0,0.0,3.73255,42.60650133419722,590_Charge13.csv,270
3.92081,2.99853,24.71226,1200.0,0.0,3.92802,44.73695427923512,590_Charge13.csv,270
3.93986,2.99853,24.92257,1260.0,0.0,4.12445,46.86698096317957,590_Charge13.csv,270
3.95874,2.99853,24.71226,1320.0,0.0,4.32183,48.99743390821747,590_Charge13.csv,270
3.97711,2.99853,24.71226,1380.0,0.0,4.52013,51.12788685325536,590_Charge13.csv,270
3.99464,2.99853,24.92257,1440.0,0.0,4.71933,53.25833979829325,590_Charge13.csv,270
4.01184,2.99853,25.02773,1500.0,0.0,4.91942,55.38836648223771,590_Charge13.csv,270
4.02869,2.99853,24.92257,1560.0,0.0,5.12034,57.51881942727559,590_Charge13.csv,270
4.04555,2.99853,24.71226,1620.0,0.0,5.32209,59.64927237231349,590_Charge13.csv,270
4.06274,2.99853,24.92257,1680.0,0.0,5.52471,61.779725317351385,590_Charge13.csv,270
4.08061,2.99853,25.13289,1740.0,0.0,5.72819,63.90975200129583,590_Charge13.csv,270
4.09932,2.99853,25.02773,1800.0,0.0,5.9326,66.04020494633373,590_Charge13.csv,270
4.11955,2.99853,25.02773,1860.0,0.0,6.13797,68.17065789137162,590_Charge13.csv,270
4.14129,2.99853,24.81741,1920.0,0.0,6.34438,70.30068457531607,590_Charge13.csv,270
4.16371,2.99853,24.92257,1980.0,0.0,6.5519,72.43113752035397,590_Charge13.csv,270
4.18613,3.00108,25.02773,2040.0,0.0,6.76055,74.56159046539187,590_Charge13.csv,270
4.19995,2.76355,25.02773,2100.0,0.0,6.96687,76.65751626186072,590_Charge13.csv,270
4.19995,2.41619,24.92257,2160.0,0.0,7.1471,78.48660261383303,590_Charge13.csv,270
4.19995,2.18377,24.81741,2220.0,0.0,7.30768,80.11662503516655,590_Charge13.csv,270
4.19979,2.01264,24.81741,2280.0,0.0,7.45429,81.60470251238289,590_Charge13.csv,270
4.19979,1.88238,24.71226,2340.0,0.0,7.59052,82.98706723842488,590_Charge13.csv,270
4.19979,1.77511,24.71226,2400.0,0.0,7.71841,84.28545852905822,590_Charge13.csv,270
4.19979,1.6755,24.6071,2460.0,0.0,7.83909,85.51010665052559,590_Charge13.csv,270
4.19979,1.58866,24.50194,2520.0,0.0,7.95331,86.66953682469585,590_Charge13.csv,270
4.19979,1.50182,24.39678,2580.0,0.0,8.06138,87.76630661812975,590_Charge13.csv,270
4.19979,1.42009,24.50194,2640.0,0.0,8.1636,88.80382611957477,590_Charge13.csv,270
4.19979,1.33836,24.29162,2700.0,0.0,8.2602,89.78422663449818,590_Charge13.csv,270
4.19979,1.26173,24.18646,2760.0,0.0,8.35118,90.70750816289994,590_Charge13.csv,270
4.19979,1.18,24.18646,2820.0,0.0,8.43653,91.57409696587354,590_Charge13.csv,270
4.19979,1.09827,24.29162,2880.0,0.0,8.5163,92.38356678232552,590_Charge13.csv,270
4.19979,1.01909,24.0813,2940.0,0.0,8.59039,93.13549135116244,590_Charge13.csv,270
4.19979,0.93736,24.0813,3000.0,0.0,8.65888,93.83072319457114,590_Charge13.csv,270
4.19979,0.85818,24.18646,3060.0,0.0,8.72178,94.46883605145824,590_Charge13.csv,270
4.19979,0.78411,24.39678,3120.0,0.0,8.77927,95.05238748838438,590_Charge13.csv,270
4.19979,0.71004,24.0813,3180.0,0.0,8.83156,95.58308254972336,590_Charge13.csv,270
4.19979,0.64364,23.87099,3240.0,0.0,8.87882,96.06305254094238,590_Charge13.csv,270
4.19979,0.57468,23.97615,3300.0,0.0,8.92139,96.49485502860212,590_Charge13.csv,270
4.19979,0.51593,24.0813,3360.0,0.0,8.95958,96.88275262363705,590_Charge13.csv,270
4.19979,0.46229,24.18646,3420.0,0.0,8.99384,97.23015541479468,590_Charge13.csv,270
4.19979,0.41377,23.76583,3480.0,0.0,9.02448,97.5413260130095,590_Charge13.csv,270
4.19979,0.36779,23.76583,3540.0,0.0,9.05185,97.8192482459356,590_Charge13.csv,270
4.19979,0.32693,23.87099,3600.0,0.0,9.07618,98.06605341904022,590_Charge13.csv,270
4.19979,0.29372,24.0813,3660.0,0.0,9.09788,98.28643040435128,590_Charge13.csv,270
4.19979,0.26052,24.0813,3720.0,0.0,9.11726,98.4829367684294,590_Charge13.csv,270
4.19979,0.23498,23.76583,3780.0,0.0,9.13454,98.65855633892872,590_Charge13.csv,270
4.19979,0.20688,23.76583,3840.0,0.0,9.14995,98.814994160223,590_Charge13.csv,270
4.19979,0.18645,24.0813,3900.0,0.0,9.16376,98.95480779887296,590_Charge13.csv,270
4.19979,0.16857,24.0813,3960.0,0.0,9.17617,99.08098108253267,590_Charge13.csv,270
4.19979,0.15069,23.87099,4020.0,0.0,9.18738,99.19479279448248,590_Charge13.csv,270
4.19979,0.13792,23.87099,4080.0,0.0,9.19746,99.29709545690926,590_Charge13.csv,270
4.19979,0.12515,24.0813,4140.0,0.0,9.20657,99.38959411418682,590_Charge13.csv,270
4.19979,0.11238,23.87099,4200.0,0.0,9.21482,99.47314128850203,590_Charge13.csv,270
4.19979,0.10216,23.66067,4260.0,0.0,9.22232,99.54944202422868,590_Charge13.csv,270
4.19979,0.09195,23.97615,4320.0,0.0,9.2291,99.61807006027333,590_Charge13.csv,270
4.19979,0.08429,24.0813,4380.0,0.0,9.23531,99.68115670210317,590_Charge13.csv,270
4.19979,0.07918,23.87099,4440.0,0.0,9.24103,99.73912821081169,590_Charge13.csv,270
4.19979,0.07152,23.66067,4500.0,0.0,9.24634,99.7932633696792,590_Charge13.csv,270
4.19979,0.06641,23.87099,4560.0,0.0,9.2512,99.84270965651882,590_Charge13.csv,270
4.19979,0.0613,23.97615,4620.0,0.0,9.25566,99.887893332424,590_Charge13.csv,270
4.19979,0.05619,23.87099,4680.0,0.0,9.25977,99.92966691958158,590_Charge13.csv,270
4.19979,0.05364,23.76583,4740.0,0.0,9.26363,99.96845667908508,590_Charge13.csv,270
4.19979,0.04853,23.76583,4791.0,0.0,9.26673,100.0,590_Charge13.csv,270
3.56447,2.99853,23.87099,0.0,0.0,0.17615,2.129372819182249,590_Charge15.csv,278
3.5943,2.99853,23.87099,60.0,0.0,0.35505,4.258745638364498,590_Charge15.csv,278
3.62093,2.99853,24.0813,120.0,0.0,0.53536,6.387692412564919,590_Charge15.csv,278
3.64403,2.99853,24.29162,180.0,0.0,0.71691,8.517065231747168,590_Charge15.csv,278
3.6651,2.99853,24.29162,240.0,0.0,0.89956,10.646438050929415,590_Charge15.csv,278
3.68364,2.99853,24.29162,300.0,0.0,1.08321,12.775384825129835,590_Charge15.csv,278
3.69881,2.99853,24.39678,360.0,0.0,1.2677,14.904757644312085,590_Charge15.csv,278
3.71145,2.99853,24.50194,420.0,0.0,1.45287,17.034130463494336,590_Charge15.csv,278
3.72393,2.99853,24.6071,480.0,0.0,1.63867,19.163503282676583,590_Charge15.csv,278
3.73741,2.99853,24.50194,540.0,0.0,1.82512,21.292450056877,590_Charge15.csv,278
3.75191,2.99853,24.50194,600.0,0.0,2.01226,23.42182287605925,590_Charge15.csv,278
3.76657,2.99853,24.6071,660.0,0.0,2.20013,25.551195695241503,590_Charge15.csv,278
3.7809,2.99853,24.71226,720.0,0.0,2.38873,27.680142469441925,590_Charge15.csv,278
3.79523,2.99853,24.71226,780.0,0.0,2.57805,29.80951528862417,590_Charge15.csv,278
3.81006,2.99853,24.71226,840.0,0.0,2.76808,31.938888107806417,590_Charge15.csv,278
3.82625,2.99853,24.6071,900.0,0.0,2.95891,34.06826092698867,590_Charge15.csv,278
3.84361,2.99853,24.71226,960.0,0.0,3.15055,36.197207701189086,590_Charge15.csv,278
3.86215,2.99853,24.71226,1020.0,0.0,3.34311,38.32658052037134,590_Charge15.csv,278
3.88137,2.99853,24.81741,1080.0,0.0,3.53659,40.45552729457176,590_Charge15.csv,278
3.90075,2.99853,24.81741,1140.0,0.0,3.73105,42.584900113754,590_Charge15.csv,278
3.92031,2.99853,24.81741,1200.0,0.0,3.92649,44.714272932936254,590_Charge15.csv,278
3.93952,2.99853,24.81741,1260.0,0.0,4.12289,46.84321970713668,590_Charge15.csv,278
3.9584,2.99853,24.81741,1320.0,0.0,4.32025,48.97259252631893,590_Charge15.csv,278
3.97661,2.99853,24.81741,1380.0,0.0,4.51853,51.10196534550116,590_Charge15.csv,278
3.99431,2.99853,24.81741,1440.0,0.0,4.71773,53.23133816468343,590_Charge15.csv,278
4.01167,2.99853,24.81741,1500.0,0.0,4.91778,55.36028493888385,590_Charge15.csv,278
4.02852,2.99853,24.92257,1560.0,0.0,5.11868,57.489657758066095,590_Charge15.csv,278
4.04538,2.99853,24.92257,1620.0,0.0,5.32044,59.61903057724833,590_Charge15.csv,278
4.06241,2.99853,24.92257,1680.0,0.0,5.52302,61.74797735144876,590_Charge15.csv,278
4.08027,2.99853,25.02773,1740.0,0.0,5.7265,63.87735017063101,590_Charge15.csv,278
4.09915,2.99853,25.02773,1800.0,0.0,5.93089,66.00672298981326,590_Charge15.csv,278
4.11955,2.99853,25.02773,1860.0,0.0,6.13626,68.13566976401367,590_Charge15.csv,278
4.14112,2.99853,24.92257,1920.0,0.0,6.34266,70.26504258319592,590_Charge15.csv,278
4.16354,2.99853,25.13289,1980.0,0.0,6.55017,72.39398935739635,590_Charge15.csv,278
4.18596,2.99853,25.02773,2040.0,0.0,6.75881,74.5233621765786,590_Charge15.csv,278
4.19995,2.76355,24.92257,2100.0,0.0,6.96514,76.6186513972145,590_Charge15.csv,278
4.19995,2.41619,24.92257,2160.0,0.0,7.14531,78.44638436926171,590_Charge15.csv,278
4.19979,2.18377,25.02773,2220.0,0.0,7.30586,80.07472828981284,590_Charge15.csv,278
4.19979,2.0152,24.81741,2280.0,0.0,7.45255,81.56290341134216,590_Charge15.csv,278
4.19979,1.88494,24.71226,2340.0,0.0,7.58886,82.94584542235968,590_Charge15.csv,278
4.19979,1.77255,24.6071,2400.0,0.0,7.71672,84.24272634704771,590_Charge15.csv,278
4.19979,1.67294,24.6071,2460.0,0.0,7.83724,85.46547544489746,590_Charge15.csv,278
4.19979,1.5861,24.6071,2520.0,0.0,7.95131,86.62261361554553,590_Charge15.csv,278
4.19979,1.50182,24.39678,2580.0,0.0,8.05945,87.71967944375567,590_Charge15.csv,278
4.19979,1.42009,24.18646,2640.0,0.0,8.16174,88.7570989745097,590_Charge15.csv,278
4.19979,1.34091,24.50194,2700.0,0.0,8.25827,89.736576387735,590_Charge15.csv,278
4.19979,1.26173,24.6071,2760.0,0.0,8.34933,90.66024190834068,590_Charge15.csv,278
4.19979,1.18255,24.18646,2820.0,0.0,8.43492,91.52852158130857,590_Charge15.csv,278
4.19979,1.10338,24.0813,2880.0,0.0,8.51486,92.3397112267113,590_Charge15.csv,278
4.19979,1.02165,24.50194,2940.0,0.0,8.58911,93.09253270960347,590_Charge15.csv,278
4.19979,0.94247,24.50194,3000.0,0.0,8.65788,93.79039438983968,590_Charge15.csv,278
4.19979,0.86329,23.87099,3060.0,0.0,8.72115,94.43244417745623,590_Charge15.csv,278
4.19979,0.78667,23.97615,3120.0,0.0,8.77884,95.01740393750772,590_Charge15.csv,278
4.19979,0.7126,24.39678,3180.0,0.0,8.83129,95.54953411981238,590_Charge15.csv,278
4.19979,0.64619,24.39678,3240.0,0.0,8.87884,96.031817039243,590_Charge15.csv,278
4.19979,0.58234,24.18646,3300.0,0.0,8.9218,96.46766105565425,590_Charge15.csv,278
4.19979,0.52359,23.97615,3360.0,0.0,8.96039,96.85919639395526,590_Charge15.csv,278
4.19979,0.46485,23.97615,3420.0,0.0,8.99489,97.20897932403705,590_Charge15.csv,278
4.19979,0.41632,23.97615,3480.0,0.0,9.02572,97.52212238568148,590_Charge15.csv,278
4.19979,0.37035,23.97615,3540.0,0.0,9.05321,97.80075580379776,590_Charge15.csv,278
4.19979,0.32948,23.97615,3600.0,0.0,9.07772,98.049566073186,590_Charge15.csv,278
4.19979,0.29372,23.97615,3660.0,0.0,9.09962,98.271535508719,590_Charge15.csv,278
4.19979,0.26307,23.87099,3720.0,0.0,9.11916,98.46964642526956,590_Charge15.csv,278
4.19979,0.23753,23.87099,3780.0,0.0,9.13659,98.64645509272869,590_Charge15.csv,278
4.19979,0.21199,23.87099,3840.0,0.0,9.15221,98.80494382596912,590_Charge15.csv,278
4.19979,0.189,23.97615,3900.0,0.0,9.16618,98.94681680491824,590_Charge15.csv,278
4.19979,0.16857,23.87099,3960.0,0.0,9.17869,99.07377820950336,590_Charge15.csv,278
4.19979,0.15325,23.87099,4020.0,0.0,9.18995,99.18795826463358,590_Charge15.csv,278
4.19979,0.13792,23.87099,4080.0,0.0,9.20011,99.29106115023625,590_Charge15.csv,278
4.19979,0.12515,23.87099,4140.0,0.0,9.20929,99.383938956275,590_Charge15.csv,278
4.19979,0.11238,23.87099,4200.0,0.0,9.21762,99.468721907659,590_Charge15.csv,278
4.19979,0.10216,23.97615,4260.0,0.0,9.22516,99.54498395940642,590_Charge15.csv,278
4.19979,0.0945,23.87099,4320.0,0.0,9.23206,99.61528138140824,590_Charge15.csv,278
4.19979,0.08684,23.87099,4380.0,0.0,9.23835,99.6787620837008,590_Charge15.csv,278
4.19979,0.07918,23.76583,4440.0,0.0,9.24411,99.7375562911932,590_Charge15.csv,278
4.19979,0.07152,23.87099,4500.0,0.0,9.24939,99.79081191392186,590_Charge15.csv,278
4.19979,0.06641,23.76583,4560.0,0.0,9.25427,99.84023313181405,590_Charge15.csv,278
4.19979,0.0613,23.87099,4620.0,0.0,9.25876,99.88581994486977,590_Charge15.csv,278
4.19979,0.05619,23.87099,4680.0,0.0,9.2629,99.92799839807086,590_Charge15.csv,278
4.19979,0.05364,23.87099,4740.0,0.0,9.26675,99.96719453639916,590_Charge15.csv,278
4.19979,0.04853,23.87099,4794.0,0.0,9.26999,100.0,590_Charge15.csv,278
4.18158,2.99853,23.97615,0.0,0.0,0.20846,13.188379027363643,590_Charge16.csv,282
4.19473,2.99853,24.0813,60.0,0.0,0.41777,26.37675805472729,590_Charge16.csv,282
4.19995,2.69714,24.0813,120.0,0.0,0.6206,39.12183022402829,590_Charge16.csv,282
4.19995,2.28849,24.29162,180.0,0.0,0.79493,50.07520384199277,590_Charge16.csv,282
4.19995,1.89515,24.39678,240.0,0.0,0.9412,59.26326622160067,590_Charge16.csv,282
4.19995,1.54268,24.50194,300.0,0.0,1.06131,66.81003773385757,590_Charge16.csv,282
4.19995,1.23619,24.18646,360.0,0.0,1.15819,72.89759083832494,590_Charge16.csv,282
4.19979,0.98844,23.97615,420.0,0.0,1.2357,77.76605008312005,590_Charge16.csv,282
4.19979,0.79433,24.18646,480.0,0.0,1.29771,81.66345621025411,590_Charge16.csv,282
4.19979,0.64108,24.29162,540.0,0.0,1.34765,84.80090772356651,590_Charge16.csv,282
4.19979,0.52104,24.0813,600.0,0.0,1.38814,87.34464469483075,590_Charge16.csv,282
4.19979,0.42654,23.87099,660.0,0.0,1.42113,89.41868749505238,590_Charge16.csv,282
4.19979,0.35247,24.0813,720.0,0.0,1.44824,91.1206691822572,590_Charge16.csv,282
4.19979,0.29372,24.18646,780.0,0.0,1.47076,92.53502915798086,590_Charge16.csv,282
4.19979,0.24775,23.76583,840.0,0.0,1.48964,93.7224582420772,590_Charge16.csv,282
4.19979,0.20944,23.76583,900.0,0.0,1.50557,94.72253740401617,590_Charge16.csv,282
4.19979,0.17623,23.97615,960.0,0.0,1.51908,95.57220888196956,590_Charge16.csv,282
4.19979,0.15325,24.0813,1020.0,0.0,1.53066,96.30049872021532,590_Charge16.csv,282
4.19979,0.13537,24.0813,1080.0,0.0,1.5407,96.9311555004354,590_Charge16.csv,282
4.19979,0.11749,23.87099,1140.0,0.0,1.54945,97.48001161041772,590_Charge16.csv,282
4.19979,0.10216,23.87099,1200.0,0.0,1.55711,97.96026070665224,590_Charge16.csv,282
4.19979,0.08939,23.97615,1260.0,0.0,1.56387,98.38509644562896,590_Charge16.csv,282
4.19979,0.07918,23.97615,1320.0,0.0,1.56983,98.7597962899438,590_Charge16.csv,282
4.19979,0.07152,23.97615,1380.0,0.0,1.5751,99.09227643349078,590_Charge16.csv,282
4.19979,0.06385,23.87099,1440.0,0.0,1.57979,99.38517560756787,590_Charge16.csv,282
4.19979,0.05874,23.76583,1500.0,0.0,1.58405,99.65432619996308,590_Charge16.csv,282
4.19979,0.05108,23.76583,1560.0,0.0,1.58793,99.89708947937834,590_Charge16.csv,282
4.19979,0.04853,23.76583,1587.0,0.0,1.58957,100.0,590_Charge16.csv,282
3.50699,2.99853,23.76583,0.0,0.0,0.17187,1.995876387523675,567_Charge6.csv,305
3.55334,2.99853,23.87099,60.0,0.0,0.34858,3.992551924752064,567_Charge6.csv,305
3.57896,2.99853,23.97615,120.0,0.0,0.52681,5.98962703683281,567_Charge6.csv,305
3.60307,2.99853,23.97615,180.0,0.0,0.70628,7.986302574061198,567_Charge6.csv,305
3.62481,2.99853,24.0813,240.0,0.0,0.88691,9.983377686141944,567_Charge6.csv,305
3.6447,2.99853,24.18646,300.0,0.0,1.06858,11.980452798222691,567_Charge6.csv,305
3.66308,2.99853,24.29162,360.0,0.0,1.25118,13.977527910303436,567_Charge6.csv,305
3.67926,2.99853,24.39678,420.0,0.0,1.43467,15.974203447531826,567_Charge6.csv,305
3.69257,2.99853,24.39678,480.0,0.0,1.61893,17.971678134464927,567_Charge6.csv,305
3.70454,2.99853,24.39678,540.0,0.0,1.80376,19.96835367169332,567_Charge6.csv,305
3.71668,2.99853,24.50194,600.0,0.0,1.98921,21.965428783774065,567_Charge6.csv,305
3.72966,2.99853,24.39678,660.0,0.0,2.17528,23.96250389585481,567_Charge6.csv,305
3.74298,2.99853,24.50194,720.0,0.0,2.36202,25.95957900793556,567_Charge6.csv,305
3.75663,2.99853,24.50194,780.0,0.0,2.5494,27.956254545163944,567_Charge6.csv,305
3.76995,2.99853,24.6071,840.0,0.0,2.73749,29.95332965724469,567_Charge6.csv,305
3.78309,2.99853,24.6071,900.0,0.0,2.92623,31.950404769325434,567_Charge6.csv,305
3.79692,2.99853,24.6071,960.0,0.0,3.11563,33.94708030655382,567_Charge6.csv,305
3.81158,2.99853,24.50194,1020.0,0.0,3.30575,35.94415541863457,567_Charge6.csv,305
3.82759,2.99853,24.6071,1080.0,0.0,3.49666,37.94123053071532,567_Charge6.csv,305
3.84462,2.99853,24.6071,1140.0,0.0,3.68836,39.93830564279606,567_Charge6.csv,305
3.86266,2.99853,24.71226,1200.0,0.0,3.88095,41.93498118002446,567_Charge6.csv,305
3.88154,2.99853,24.6071,1260.0,0.0,4.07446,43.9320562921052,567_Charge6.csv,305
3.90058,2.99853,24.81741,1320.0,0.0,4.26894,45.929131404185945,567_Charge6.csv,305
3.9198,2.99853,24.81741,1380.0,0.0,4.46437,47.92620651626669,567_Charge6.csv,305
3.93868,2.99853,24.71226,1440.0,0.0,4.66074,49.92328162834743,567_Charge6.csv,305
3.95722,2.99853,24.6071,1500.0,0.0,4.85806,51.92035674042819,567_Charge6.csv,305
3.97526,2.99853,24.71226,1560.0,0.0,5.05626,53.91703227765656,567_Charge6.csv,305
3.99245,2.99853,24.92257,1620.0,0.0,5.25537,55.914107389737325,567_Charge6.csv,305
4.00948,3.00108,24.71226,1680.0,0.0,5.45534,57.91118250181806,567_Charge6.csv,305
4.02616,2.99853,24.71226,1740.0,0.0,5.65614,59.908257613898805,567_Charge6.csv,305
4.04285,2.99853,24.71226,1800.0,0.0,5.85777,61.9049331511272,567_Charge6.csv,305
4.05971,2.99853,25.02773,1860.0,0.0,6.06024,63.90200826320795,567_Charge6.csv,305
4.07707,2.99853,24.81741,1920.0,0.0,6.26355,65.8990833752887,567_Charge6.csv,305
4.09578,2.99853,24.71226,1980.0,0.0,6.46778,67.89575891251708,567_Charge6.csv,305
4.11584,2.99853,24.71226,2040.0,0.0,6.67297,69.89283402459783,567_Charge6.csv,305
4.13708,2.99853,24.92257,2100.0,0.0,6.8792,71.88990913667858,567_Charge6.csv,305
4.15899,2.99853,25.02773,2160.0,0.0,7.0865,73.88658467390695,567_Charge6.csv,305
4.18124,2.99853,24.81741,2220.0,0.0,7.29492,75.88365978598772,567_Charge6.csv,305
4.19995,2.8887,24.6071,2280.0,0.0,7.5039,77.87593999984017,567_Charge6.csv,305
4.19995,2.48771,24.92257,2340.0,0.0,7.69039,79.65005234430565,567_Charge6.csv,305
4.19995,2.24762,24.92257,2400.0,0.0,7.85558,81.2215802386261,567_Charge6.csv,305
4.19979,2.06628,24.81741,2460.0,0.0,8.00614,82.65405608432627,567_Charge6.csv,305
4.19979,1.9258,24.6071,2520.0,0.0,8.14566,83.98144374385654,567_Charge6.csv,305
4.19979,1.80831,24.39678,2580.0,0.0,8.27622,85.22372195983473,567_Charge6.csv,305
4.19979,1.70615,24.6071,2640.0,0.0,8.39917,86.3936771275363,567_Charge6.csv,305
4.19979,1.61675,24.71226,2700.0,0.0,8.51548,87.50009989371308,567_Charge6.csv,305
4.19979,1.52991,24.50194,2760.0,0.0,8.6256,88.54778515659338,567_Charge6.csv,305
4.19979,1.44307,24.29162,2820.0,0.0,8.72967,89.53793164073424,567_Charge6.csv,305
4.19979,1.35879,24.0813,2880.0,0.0,8.82781,90.47173807069278,567_Charge6.csv,305
4.19979,1.27706,24.18646,2940.0,0.0,8.92014,91.35000359617366,567_Charge6.csv,305
4.19979,1.19788,24.29162,3000.0,0.0,9.00676,92.17432651658636,567_Charge6.csv,305
4.19979,1.11615,24.29162,3060.0,0.0,9.08762,92.94350810737376,567_Charge6.csv,305
4.19979,1.02931,24.18646,3120.0,0.0,9.16265,93.65754836853588,567_Charge6.csv,305
4.19979,0.94502,23.97615,3180.0,0.0,9.2318,94.31524857551564,567_Charge6.csv,305
4.19979,0.86329,24.0813,3240.0,0.0,9.29515,94.9182070277225,567_Charge6.csv,305
4.19979,0.78667,24.0813,3300.0,0.0,9.35285,95.46682330000878,567_Charge6.csv,305
4.19979,0.71004,23.97615,3360.0,0.0,9.40521,95.96509314089808,567_Charge6.csv,305
4.19979,0.64364,23.97615,3420.0,0.0,9.45249,96.41501442465216,567_Charge6.csv,305
4.19979,0.57468,23.97615,3480.0,0.0,9.49502,96.81978375008993,567_Charge6.csv,305
4.19979,0.51338,23.97615,3540.0,0.0,9.53304,97.18139899147306,567_Charge6.csv,305
4.19979,0.45463,23.87099,3600.0,0.0,9.56692,97.50385589732524,567_Charge6.csv,305
4.19979,0.4061,23.87099,3660.0,0.0,9.59706,97.79035106646528,567_Charge6.csv,305
4.19979,0.36013,23.87099,3720.0,0.0,9.62383,98.0452798222691,567_Charge6.csv,305
4.19979,0.32182,23.76583,3780.0,0.0,9.64767,98.27183876355558,567_Charge6.csv,305
4.19979,0.28606,23.87099,3840.0,0.0,9.66892,98.47402363884828,567_Charge6.csv,305
4.19979,0.25541,23.97615,3900.0,0.0,9.68785,98.65423189726133,567_Charge6.csv,305
4.19979,0.22732,23.87099,3960.0,0.0,9.70466,98.81406183820415,567_Charge6.csv,305
4.19979,0.20177,23.87099,4020.0,0.0,9.71964,98.95671006049564,567_Charge6.csv,305
4.19979,0.18134,23.87099,4080.0,0.0,9.73302,99.0837748635452,567_Charge6.csv,305
4.19979,0.16091,23.76583,4140.0,0.0,9.74497,99.19765369646696,567_Charge6.csv,305
4.19979,0.14558,23.87099,4200.0,0.0,9.75573,99.29994485867036,567_Charge6.csv,305
4.19979,0.13281,23.87099,4260.0,0.0,9.76546,99.39264622441722,567_Charge6.csv,305
4.19979,0.12004,23.87099,4320.0,0.0,9.77425,99.47615736855984,567_Charge6.csv,305
4.19979,0.10727,23.76583,4380.0,0.0,9.78223,99.5520765905077,567_Charge6.csv,305
4.19979,0.09961,23.76583,4440.0,0.0,9.78947,99.62120303996548,567_Charge6.csv,305
4.19979,0.08939,23.76583,4500.0,0.0,9.79601,99.68313714208082,567_Charge6.csv,305
4.19979,0.08173,23.76583,4560.0,0.0,9.80198,99.7402763459679,567_Charge6.csv,305
4.19979,0.07407,23.66067,4620.0,0.0,9.80745,99.7922210767743,567_Charge6.csv,305
4.19979,0.06896,23.66067,4680.0,0.0,9.81249,99.84017005905716,567_Charge6.csv,305
4.19979,0.06641,23.87099,4740.0,0.0,9.81717,99.8845228676688,567_Charge6.csv,305
4.19979,0.0613,23.87099,4800.0,0.0,9.82156,99.9264782271663,567_Charge6.csv,305
4.19979,0.05364,23.76583,4860.0,0.0,9.82562,99.96483741299258,567_Charge6.csv,305
4.19979,0.04853,23.66067,4920.0,0.0,9.8293,100.0,567_Charge6.csv,305
3.50614,2.99853,23.76583,0.0,0.0,0.17188,1.9998319468952184,567_Charge8.csv,313
3.55385,3.00108,23.97615,60.0,0.0,0.34861,3.999663893790437,567_Charge8.csv,313
3.57947,2.99853,24.18646,120.0,0.0,0.52685,5.999095714245701,567_Charge8.csv,313
3.60374,2.99853,23.97615,180.0,0.0,0.70637,7.99892766114092,567_Charge8.csv,313
3.62549,2.99853,24.0813,240.0,0.0,0.88706,9.999159734476097,567_Charge8.csv,313
3.64538,3.00108,24.39678,300.0,0.0,1.06876,11.998991681371312,567_Charge8.csv,313
3.66392,2.99853,24.50194,360.0,0.0,1.2514,13.998423501826576,567_Charge8.csv,313
3.67993,2.99853,24.50194,420.0,0.0,1.43493,15.998255448721796,567_Charge8.csv,313
3.69325,2.99853,24.39678,480.0,0.0,1.61919,17.998087395617013,567_Charge8.csv,313
3.70539,2.99853,24.39678,540.0,0.0,1.80405,19.99751921607228,567_Charge8.csv,313
3.71752,2.99853,24.50194,600.0,0.0,1.98954,21.997351162967497,567_Charge8.csv,313
3.73033,2.99853,24.6071,660.0,0.0,2.17565,23.99678298342276,567_Charge8.csv,313
3.74382,2.99853,24.6071,720.0,0.0,2.36242,25.99661493031798,567_Charge8.csv,313
3.75747,2.99853,24.50194,780.0,0.0,2.54987,27.9964468772132,567_Charge8.csv,313
3.77079,2.99853,24.50194,840.0,0.0,2.738,29.99627882410841,567_Charge8.csv,313
3.78411,2.99853,24.6071,900.0,0.0,2.92677,31.99571064456368,567_Charge8.csv,313
3.79776,3.00108,24.71226,960.0,0.0,3.11623,33.9955425914589,567_Charge8.csv,313
3.81259,2.99853,24.6071,1020.0,0.0,3.30639,35.99537453835411,567_Charge8.csv,313
3.82877,2.99853,24.6071,1080.0,0.0,3.49735,37.99520648524933,567_Charge8.csv,313
3.84597,2.99853,24.71226,1140.0,0.0,3.68912,39.9946383057046,567_Charge8.csv,313
3.86417,2.99853,24.71226,1200.0,0.0,3.88178,41.99447025259982,567_Charge8.csv,313
3.88305,2.99853,24.71226,1260.0,0.0,4.07537,43.99430219949504,567_Charge8.csv,313
3.90227,2.99853,24.71226,1320.0,0.0,4.26992,45.99413414639025,567_Charge8.csv,313
3.92132,2.99853,24.81741,1380.0,0.0,4.46541,47.99356596684552,567_Charge8.csv,313
3.9402,2.99853,24.81741,1440.0,0.0,4.66186,49.99339791374074,567_Charge8.csv,313
3.95857,2.99853,24.81741,1500.0,0.0,4.85925,51.99322986063596,567_Charge8.csv,313
3.97644,2.99853,24.81741,1560.0,0.0,5.05759,53.99346193397113,567_Charge8.csv,313
3.99397,2.99853,24.81741,1620.0,0.0,5.25676,55.9928937544264,567_Charge8.csv,313
4.01082,2.99853,24.81741,1680.0,0.0,5.45679,57.99272570132161,567_Charge8.csv,313
4.02751,2.99853,24.71226,1740.0,0.0,5.65767,59.99255764821682,567_Charge8.csv,313
4.0442,2.99853,24.81741,1800.0,0.0,5.85936,61.99238959511205,567_Charge8.csv,313
4.06123,2.99853,24.81741,1860.0,0.0,6.0619,63.99182141556732,567_Charge8.csv,313
4.07876,2.99853,24.92257,1920.0,0.0,6.26531,65.99165336246253,567_Charge8.csv,313
4.09747,2.99853,24.81741,1980.0,0.0,6.46961,67.99148530935774,567_Charge8.csv,313
4.11769,2.99853,24.92257,2040.0,0.0,6.67489,69.99091712981301,567_Charge8.csv,313
4.13893,2.99853,25.02773,2100.0,0.0,6.88121,71.99074907670823,567_Charge8.csv,313
4.16102,2.99853,25.02773,2160.0,0.0,7.08863,73.99058102360345,567_Charge8.csv,313
4.18327,2.99853,24.92257,2220.0,0.0,7.29713,75.99041297049867,567_Charge8.csv,313
4.19995,2.84528,24.81741,2280.0,0.0,7.50538,77.97744087131532,567_Charge8.csv,313
4.19995,2.46727,24.81741,2340.0,0.0,7.68981,79.73439606915784,567_Charge8.csv,313
4.19995,2.22463,24.81741,2400.0,0.0,7.85351,81.29408893210254,567_Charge8.csv,313
4.19979,2.0484,24.81741,2460.0,0.0,8.00276,82.7161382997027,567_Charge8.csv,313
4.19979,1.91303,24.71226,2520.0,0.0,8.14119,84.03495504579446,567_Charge8.csv,313
4.19979,1.7981,24.6071,2580.0,0.0,8.2709,85.27054549237559,567_Charge8.csv,313
4.19979,1.69593,24.6071,2640.0,0.0,8.39315,86.43531355908468,567_Charge8.csv,313
4.19979,1.60654,24.39678,2700.0,0.0,8.5087,87.53606139540095,567_Charge8.csv,313
4.19979,1.5197,24.29162,2760.0,0.0,8.61799,88.57759051860387,567_Charge8.csv,313
4.19979,1.43541,24.39678,2820.0,0.0,8.72139,89.56270181377315,567_Charge8.csv,313
4.19979,1.35368,24.29162,2880.0,0.0,8.8191,90.49339591310854,567_Charge8.csv,313
4.19979,1.27195,24.18646,2940.0,0.0,8.91104,91.36927269017008,567_Charge8.csv,313
4.19979,1.19022,24.29162,3000.0,0.0,8.9972,92.1903321449578,567_Charge8.csv,313
4.19979,1.10849,24.29162,3060.0,0.0,9.07754,92.95577402459178,567_Charge8.csv,313
4.19979,1.02165,23.97615,3120.0,0.0,9.15208,93.66599845551194,567_Charge8.csv,313
4.19979,0.93991,24.0813,3180.0,0.0,9.22079,94.32060531127836,567_Charge8.csv,313
4.19979,0.86074,24.0813,3240.0,0.0,9.28379,94.92079497121088,567_Charge8.csv,313
4.19979,0.78411,24.0813,3300.0,0.0,9.34129,95.46856806750932,567_Charge8.csv,313
4.19979,0.71004,23.97615,3360.0,0.0,9.39353,95.9663253588134,567_Charge8.csv,313
4.19979,0.63597,23.97615,3420.0,0.0,9.44062,96.41486709800296,567_Charge8.csv,313
4.19979,0.57212,23.97615,3480.0,0.0,9.48293,96.81779442303768,567_Charge8.csv,313
4.19979,0.51082,23.97615,3540.0,0.0,9.52077,97.1787084718771,567_Charge8.csv,313
4.19979,0.45719,23.76583,3600.0,0.0,9.55458,97.50081025604092,567_Charge8.csv,313
4.19979,0.4061,23.87099,3660.0,0.0,9.58465,97.7873007870487,567_Charge8.csv,313
4.19979,0.36268,23.87099,3720.0,0.0,9.61145,98.04258145574,567_Charge8.csv,313
4.19979,0.32182,23.87099,3780.0,0.0,9.63532,98.26985327363448,567_Charge8.csv,313
4.19979,0.28861,23.66067,3840.0,0.0,9.6566,98.47271737869168,567_Charge8.csv,313
4.19979,0.25541,23.66067,3900.0,0.0,9.67548,98.65237415023148,567_Charge8.csv,313
4.19979,0.22732,23.97615,3960.0,0.0,9.6923,98.81282485265342,567_Charge8.csv,313
4.19979,0.20177,23.97615,4020.0,0.0,9.70727,98.95526986527744,567_Charge8.csv,313
4.19979,0.18134,23.66067,4080.0,0.0,9.72063,99.08251007318312,567_Charge8.csv,313
4.19979,0.16346,23.66067,4140.0,0.0,9.73264,99.19694623501026,567_Charge8.csv,313
4.19979,0.14814,23.97615,4200.0,0.0,9.7435,99.30057898295864,567_Charge8.csv,313
4.19979,0.13281,23.97615,4260.0,0.0,9.75326,99.39340831702816,567_Charge8.csv,313
4.19979,0.12004,23.66067,4320.0,0.0,9.76213,99.47783499585869,567_Charge8.csv,313
4.19979,0.10727,23.55551,4380.0,0.0,9.77009,99.55385901945014,567_Charge8.csv,313
4.19979,0.09961,23.87099,4440.0,0.0,9.77727,99.62228064068243,567_Charge8.csv,313
4.19979,0.08939,23.97615,4500.0,0.0,9.78381,99.68470036531544,567_Charge8.csv,313
4.19979,0.08173,23.76583,4560.0,0.0,9.7898,99.74151831978904,567_Charge8.csv,313
4.19979,0.07662,23.76583,4620.0,0.0,9.79535,99.7943350098631,567_Charge8.csv,313
4.19979,0.06896,23.55551,4680.0,0.0,9.8005,99.84355056197757,567_Charge8.csv,313
4.19979,0.06385,23.66067,4740.0,0.0,9.80521,99.88836472325254,567_Charge8.csv,313
4.19979,0.05874,23.87099,4800.0,0.0,9.80951,99.92957774656792,567_Charge8.csv,313
4.19979,0.05364,23.76583,4860.0,0.0,9.81348,99.96718963192367,567_Charge8.csv,313
4.19979,0.04853,23.76583,4916.0,0.0,9.81692,100.0,567_Charge8.csv,313
3.56227,2.99853,23.76583,0.0,0.0,0.17642,2.0982015415358264,571_Charge11.csv,335
3.59177,2.99853,23.87099,60.0,0.0,0.3552,4.196403083071653,571_Charge11.csv,335
3.61807,2.99853,23.97615,120.0,0.0,0.53538,6.29418481637588,571_Charge11.csv,335
3.64066,2.99853,24.0813,180.0,0.0,0.71678,8.392386357911706,571_Charge11.csv,335
3.66122,2.99853,24.0813,240.0,0.0,0.89924,10.490168091215931,571_Charge11.csv,335
3.67943,2.99853,24.18646,300.0,0.0,1.08269,12.58836963275176,571_Charge11.csv,335
3.69443,3.00108,24.29162,360.0,0.0,1.26696,14.686571174287586,571_Charge11.csv,335
3.7069,2.99853,24.29162,420.0,0.0,1.45192,16.78477271582341,571_Charge11.csv,335
3.71921,2.99853,24.39678,480.0,0.0,1.63748,18.88297425735924,571_Charge11.csv,335
3.73219,3.00108,24.39678,540.0,0.0,1.82367,20.980755990663464,571_Charge11.csv,335
3.74601,2.99853,24.29162,600.0,0.0,2.01054,23.07895753219929,571_Charge11.csv,335
3.76017,2.99853,24.39678,660.0,0.0,2.1981,25.17673926550352,571_Charge11.csv,335
3.77382,2.99853,24.39678,720.0,0.0,2.38636,27.27494080703935,571_Charge11.csv,335
3.78748,2.99853,24.50194,780.0,0.0,2.57533,29.37314234857517,571_Charge11.csv,335
3.80164,2.99853,24.6071,840.0,0.0,2.76497,31.471343890111,571_Charge11.csv,335
3.81698,2.99853,24.6071,900.0,0.0,2.95534,33.56954543164682,571_Charge11.csv,335
3.83349,2.99853,24.6071,960.0,0.0,3.14651,35.667327164951054,571_Charge11.csv,335
3.85103,2.99853,24.6071,1020.0,0.0,3.33852,37.76552870648688,571_Charge11.csv,335
3.86957,2.99853,24.6071,1080.0,0.0,3.53147,39.86373024802271,571_Charge11.csv,335
3.88878,2.99853,24.6071,1140.0,0.0,3.72533,41.96193178955853,571_Charge11.csv,335
3.90783,2.99853,24.71226,1200.0,0.0,3.92015,44.05971352286276,571_Charge11.csv,335
3.92705,2.99853,24.71226,1260.0,0.0,4.11594,46.15791506439858,571_Charge11.csv,335
3.94593,2.99853,24.71226,1320.0,0.0,4.31266,48.256116605934416,571_Charge11.csv,335
3.96413,2.99853,24.81741,1380.0,0.0,4.51034,50.35431814747023,571_Charge11.csv,335
3.982,2.99853,24.71226,1440.0,0.0,4.70891,52.45209988077446,571_Charge11.csv,335
3.99936,2.99853,24.81741,1500.0,0.0,4.90837,54.55030142231029,571_Charge11.csv,335
4.01622,2.99853,24.71226,1560.0,0.0,5.10866,56.64850296384613,571_Charge11.csv,335
4.03291,2.99853,24.81741,1620.0,0.0,5.30979,58.74628469715034,571_Charge11.csv,335
4.04959,2.99853,24.81741,1680.0,0.0,5.51177,60.844486238686166,571_Charge11.csv,335
4.06679,2.99853,24.81741,1740.0,0.0,5.71459,62.942687780222,571_Charge11.csv,335
4.08482,2.99853,24.92257,1800.0,0.0,5.91828,65.04088932175782,571_Charge11.csv,335
4.10404,3.00108,24.92257,1860.0,0.0,6.12291,67.13909086329365,571_Charge11.csv,335
4.12477,2.99853,24.92257,1920.0,0.0,6.32853,69.23687259659788,571_Charge11.csv,335
4.14652,2.99853,24.92257,1980.0,0.0,6.5352,71.3350741381337,571_Charge11.csv,335
4.16877,2.99853,24.92257,2040.0,0.0,6.74299,73.43327567966953,571_Charge11.csv,335
4.19068,2.99853,24.92257,2100.0,0.0,6.95187,75.53105741297375,571_Charge11.csv,335
4.19995,2.67926,25.02773,2160.0,0.0,7.15446,77.55705193867442,571_Charge11.csv,335
4.19995,2.37277,24.92257,2220.0,0.0,7.33063,79.31814747023559,571_Charge11.csv,335
4.19979,2.15567,24.81741,2280.0,0.0,7.48877,80.89872546220886,571_Charge11.csv,335
4.19979,1.99732,24.71226,2340.0,0.0,7.63388,82.34916290238618,571_Charge11.csv,335
4.19979,1.86961,24.71226,2400.0,0.0,7.76903,83.70010579167436,571_Charge11.csv,335
4.19979,1.76234,24.6071,2460.0,0.0,7.89599,84.96918607580058,571_Charge11.csv,335
4.19979,1.66273,24.6071,2520.0,0.0,8.01583,86.16731876878643,571_Charge11.csv,335
4.19979,1.57333,24.6071,2580.0,0.0,8.12914,87.2999613776427,571_Charge11.csv,335
4.19979,1.48905,24.50194,2640.0,0.0,8.23635,88.37131198468539,571_Charge11.csv,335
4.19979,1.40476,24.50194,2700.0,0.0,8.33768,89.38430924753573,571_Charge11.csv,335
4.19979,1.32558,24.39678,2760.0,0.0,8.43322,90.33937297442527,571_Charge11.csv,335
4.19979,1.2413,24.39678,2820.0,0.0,8.52305,91.23734278181726,571_Charge11.csv,335
4.19979,1.16212,24.39678,2880.0,0.0,8.60713,92.07779886148008,571_Charge11.csv,335
4.19979,1.07528,24.18646,2940.0,0.0,8.68542,92.8603214051821,571_Charge11.csv,335
4.19979,0.99355,24.29162,3000.0,0.0,8.75787,93.58449060469178,571_Charge11.csv,335
4.19979,0.91437,24.29162,3060.0,0.0,8.82463,94.25198569293546,571_Charge11.csv,335
4.19979,0.83264,24.18646,3120.0,0.0,8.88573,94.86280666991318,571_Charge11.csv,335
4.19979,0.75602,24.18646,3180.0,0.0,8.94136,95.41863276855132,571_Charge11.csv,335
4.19979,0.68195,23.97615,3240.0,0.0,8.99169,95.9219828382395,571_Charge11.csv,335
4.19979,0.61299,23.97615,3300.0,0.0,9.03705,96.37537572836727,571_Charge11.csv,335
4.19979,0.54913,24.0813,3360.0,0.0,9.07774,96.7821699047875,571_Charge11.csv,335
4.19979,0.49039,23.97615,3420.0,0.0,9.11413,97.14572383335292,571_Charge11.csv,335
4.19979,0.43675,23.87099,3480.0,0.0,9.14659,97.47023559637957,571_Charge11.csv,335
4.19979,0.38823,23.97615,3540.0,0.0,9.17549,97.75906365972024,571_Charge11.csv,335
4.19979,0.34736,23.97615,3600.0,0.0,9.2012,98.0159862974593,571_Charge11.csv,335
4.19979,0.30905,23.97615,3660.0,0.0,9.22409,98.24478178368122,571_Charge11.csv,335
4.19979,0.27329,23.97615,3720.0,0.0,9.24449,98.44880858423872,571_Charge11.csv,335
4.19979,0.24519,23.87099,3780.0,0.0,9.26262,98.63016574028984,571_Charge11.csv,335
4.19979,0.2171,23.87099,3840.0,0.0,9.27877,98.79137210122416,571_Charge11.csv,335
4.19979,0.19411,23.87099,3900.0,0.0,9.29317,98.9353663246629,571_Charge11.csv,335
4.19979,0.17368,23.76583,3960.0,0.0,9.30606,99.06424745176405,571_Charge11.csv,335
4.19979,0.1558,23.87099,4020.0,0.0,9.31766,99.18011452368556,571_Charge11.csv,335
4.19979,0.14048,23.87099,4080.0,0.0,9.32813,99.28464677335394,571_Charge11.csv,335
4.19979,0.12515,23.76583,4140.0,0.0,9.33746,99.37826400900067,571_Charge11.csv,335
4.19979,0.11494,23.76583,4200.0,0.0,9.34587,99.46222565532064,571_Charge11.csv,335
4.19979,0.10472,23.76583,4260.0,0.0,9.35348,99.5382109452402,571_Charge11.csv,335
4.19979,0.09706,23.66067,4320.0,0.0,9.36043,99.60789911168578,571_Charge11.csv,335
4.19979,0.08939,23.66067,4380.0,0.0,9.36686,99.67212977112054,571_Charge11.csv,335
4.19979,0.08173,23.97615,4440.0,0.0,9.37283,99.73174254000772,571_Charge11.csv,335
4.19979,0.07407,23.87099,4500.0,0.0,9.37828,99.78631761011567,571_Charge11.csv,335
4.19979,0.06896,23.76583,4560.0,0.0,9.38326,99.83585498144448,571_Charge11.csv,335
4.19979,0.0613,23.76583,4620.0,0.0,9.38781,99.88119427045726,571_Charge11.csv,335
4.19979,0.05619,23.87099,4680.0,0.0,9.39198,99.92317509361725,571_Charge11.csv,335
4.19979,0.05364,23.87099,4740.0,0.0,9.39584,99.96179745092442,571_Charge11.csv,335
4.19979,0.05108,23.76583,4800.0,0.0,9.3995,99.9983207670736,571_Charge11.csv,335
4.19979,0.04853,23.76583,4803.0,0.0,9.39967,100.0,571_Charge11.csv,335
3.55806,2.99853,23.66067,0.0,0.0,0.17565,2.0950001676670804,571_Charge14.csv,347
3.58756,2.99853,23.87099,60.0,0.0,0.35422,4.190000335334161,571_Charge14.csv,347
3.61385,2.99853,23.97615,120.0,0.0,0.5342,6.285000503001241,571_Charge14.csv,347
3.63695,2.99853,24.18646,180.0,0.0,0.71539,8.379581502967708,571_Charge14.csv,347
3.65785,2.99853,24.18646,240.0,0.0,0.89767,10.474162502934174,571_Charge14.csv,347
3.67673,2.99853,24.29162,300.0,0.0,1.08098,12.569581838301868,571_Charge14.csv,347
3.69224,2.99853,24.39678,360.0,0.0,1.26512,14.664162838268336,571_Charge14.csv,347
3.70522,2.99853,24.29162,420.0,0.0,1.44998,16.759163005935417,571_Charge14.csv,347
3.71752,2.99853,24.39678,480.0,0.0,1.63545,18.853744005901884,571_Charge14.csv,347
3.7305,2.99853,24.50194,540.0,0.0,1.82156,20.94874417356896,571_Charge14.csv,347
3.74432,2.99853,24.50194,600.0,0.0,2.00835,23.04374434123604,571_Charge14.csv,347
3.75848,2.99853,24.50194,660.0,0.0,2.19583,25.138744508903123,571_Charge14.csv,347
3.77247,2.99853,24.6071,720.0,0.0,2.38403,27.233744676570204,571_Charge14.csv,347
3.78596,2.99853,24.71226,780.0,0.0,2.5729,29.32832567653667,571_Charge14.csv,347
3.80029,2.99853,24.6071,840.0,0.0,2.76247,31.423325844203752,571_Charge14.csv,347
3.81546,2.99853,24.6071,900.0,0.0,2.95276,33.51832601187083,571_Charge14.csv,347
3.83181,2.99853,24.71226,960.0,0.0,3.14385,35.612907011837294,571_Charge14.csv,347
3.84934,2.99853,24.81741,1020.0,0.0,3.33579,37.70790717950438,571_Charge14.csv,347
3.86788,2.99853,24.6071,1080.0,0.0,3.52862,39.80290734717146,571_Charge14.csv,347
3.88693,2.99853,24.6071,1140.0,0.0,3.72239,41.89748834713792,571_Charge14.csv,347
3.90631,2.99853,24.71226,1200.0,0.0,3.91716,43.99248851480501,571_Charge14.csv,347
3.92553,2.99853,24.92257,1260.0,0.0,4.11289,46.0879078501727,571_Charge14.csv,347
3.94424,2.99853,24.81741,1320.0,0.0,4.30953,48.18248885013917,571_Charge14.csv,347
3.96261,2.99853,24.71226,1380.0,0.0,4.50713,50.277489017806246,571_Charge14.csv,347
3.98065,2.99853,24.71226,1440.0,0.0,4.7056,52.37207001777272,571_Charge14.csv,347
3.99818,2.99853,24.81741,1500.0,0.0,4.90499,54.4670701854398,571_Charge14.csv,347
4.01504,2.99853,25.02773,1560.0,0.0,5.10524,56.56207035310688,571_Charge14.csv,347
4.03173,2.99853,24.92257,1620.0,0.0,5.30631,58.65707052077396,571_Charge14.csv,347
4.04841,2.99853,24.71226,1680.0,0.0,5.50821,60.75165152074042,571_Charge14.csv,347
4.06578,2.99853,24.71226,1740.0,0.0,5.71096,62.84665168840751,571_Charge14.csv,347
4.08381,2.99853,25.02773,1800.0,0.0,5.91459,64.94123268837397,571_Charge14.csv,347
4.10286,2.99853,25.13289,1860.0,0.0,6.11917,67.03623285604104,571_Charge14.csv,347
4.12326,3.00108,24.92257,1920.0,0.0,6.32472,69.13123302370813,571_Charge14.csv,347
4.14517,2.99853,24.6071,1980.0,0.0,6.53135,71.22623319137521,571_Charge14.csv,347
4.16759,2.99853,24.92257,2040.0,0.0,6.73907,73.3212333590423,571_Charge14.csv,347
4.18984,2.99853,25.13289,2100.0,0.0,6.94791,75.41581435900876,571_Charge14.csv,347
4.19995,2.70225,25.13289,2160.0,0.0,7.15151,77.44919687468564,571_Charge14.csv,347
4.19995,2.3881,24.92257,2220.0,0.0,7.32887,79.21934207437712,571_Charge14.csv,347
4.19995,2.16589,24.71226,2280.0,0.0,7.48787,80.80589182119982,571_Charge14.csv,347
4.19979,1.99987,24.50194,2340.0,0.0,7.63334,82.25788873612555,571_Charge14.csv,347
4.19979,1.86961,24.50194,2400.0,0.0,7.76859,83.60802789980217,571_Charge14.csv,347
4.19979,1.76234,24.6071,2460.0,0.0,7.89558,84.87517185875724,571_Charge14.csv,347
4.19979,1.66784,24.6071,2520.0,0.0,8.01555,86.07273397941049,571_Charge14.csv,347
4.19979,1.57844,24.50194,2580.0,0.0,8.12913,87.20616344186983,571_Charge14.csv,347
4.19979,1.4916,24.39678,2640.0,0.0,8.23664,88.2792327554408,571_Charge14.csv,347
4.19979,1.40987,24.29162,2700.0,0.0,8.33826,89.29361859092586,571_Charge14.csv,347
4.19979,1.32814,24.39678,2760.0,0.0,8.43408,90.24974011602563,571_Charge14.csv,347
4.19979,1.24641,24.39678,2820.0,0.0,8.5242,91.14927400154254,571_Charge14.csv,347
4.19979,1.16468,24.29162,2880.0,0.0,8.60864,91.99222024747662,571_Charge14.csv,347
4.19979,1.08294,24.18646,2940.0,0.0,8.68737,92.77774051842664,571_Charge14.csv,347
4.19979,1.00121,23.97615,3000.0,0.0,8.76032,93.50583481439256,571_Charge14.csv,347
4.19979,0.91948,24.0813,3060.0,0.0,8.82751,94.17650313537442,571_Charge14.csv,347
4.19979,0.83775,24.0813,3120.0,0.0,8.88902,94.79058381677342,571_Charge14.csv,347
4.19979,0.76368,24.18646,3180.0,0.0,8.9451,95.35017269709266,571_Charge14.csv,347
4.19979,0.68961,23.87099,3240.0,0.0,8.99594,95.8577847825358,571_Charge14.csv,347
4.19979,0.62065,23.97615,3300.0,0.0,9.04178,96.3150967439053,571_Charge14.csv,347
4.19979,0.5568,24.0813,3360.0,0.0,9.08298,96.72630025820732,571_Charge14.csv,347
4.19979,0.49805,23.97615,3420.0,0.0,9.11984,97.09432949934612,571_Charge14.csv,347
4.19979,0.44442,23.87099,3480.0,0.0,9.15276,97.4229569766272,571_Charge14.csv,347
4.19979,0.39589,23.76583,3540.0,0.0,9.18213,97.71595519935616,571_Charge14.csv,347
4.19979,0.35247,23.87099,3600.0,0.0,9.20827,97.97667750913789,571_Charge14.csv,347
4.19979,0.31416,23.97615,3660.0,0.0,9.23154,98.20931558297843,571_Charge14.csv,347
4.19979,0.2784,23.87099,3720.0,0.0,9.25226,98.41596525938098,571_Charge14.csv,347
4.19979,0.24775,23.87099,3780.0,0.0,9.27069,98.59997987995035,571_Charge14.csv,347
4.19979,0.22221,23.87099,3840.0,0.0,9.28715,98.76429361859093,571_Charge14.csv,347
4.19979,0.19667,23.87099,3900.0,0.0,9.30183,98.9105831461051,571_Charge14.csv,347
4.19979,0.17623,23.87099,3960.0,0.0,9.31495,99.0417826363972,571_Charge14.csv,347
4.19979,0.16091,23.87099,4020.0,0.0,9.32676,99.1595687602696,571_Charge14.csv,347
4.19979,0.14303,23.76583,4080.0,0.0,9.33742,99.2660373562255,571_Charge14.csv,347
4.19979,0.13026,23.87099,4140.0,0.0,9.34703,99.3616075919654,571_Charge14.csv,347
4.19979,0.11749,23.97615,4200.0,0.0,9.35569,99.44837530599244,571_Charge14.csv,347
4.19979,0.10727,23.76583,4260.0,0.0,9.36355,99.52675966600718,571_Charge14.csv,347
4.19979,0.09706,23.76583,4320.0,0.0,9.37069,99.59801817511152,571_Charge14.csv,347
4.19979,0.08939,23.76583,4380.0,0.0,9.37716,99.66257000100602,571_Charge14.csv,347
4.19979,0.08173,23.87099,4440.0,0.0,9.38309,99.72167264679253,571_Charge14.csv,347
4.19979,0.07407,23.76583,4500.0,0.0,9.38852,99.77574528017168,571_Charge14.csv,347
4.19979,0.06896,23.76583,4560.0,0.0,9.39349,99.82562623654474,571_Charge14.csv,347
4.19979,0.06385,23.66067,4620.0,0.0,9.39813,99.87173468361225,571_Charge14.csv,347
4.19979,0.05874,23.76583,4680.0,0.0,9.4024,99.91448978907484,571_Charge14.csv,347
4.19979,0.05364,23.76583,4740.0,0.0,9.40638,99.95431072063312,571_Charge14.csv,347
4.19979,0.05108,23.76583,4800.0,0.0,9.41006,99.99077831058652,571_Charge14.csv,347
4.19979,0.04853,23.87099,4815.0,0.0,9.41096,100.0,571_Charge14.csv,347
3.55772,2.99853,23.66067,0.0,0.0,0.1755,2.0943747484234536,571_Charge15.csv,351
3.58705,2.99853,23.76583,60.0,0.0,0.35405,4.190007379578693,571_Charge15.csv,351
3.61335,2.99853,23.97615,120.0,0.0,0.53399,6.285220716490005,571_Charge15.csv,351
3.63644,2.99853,23.97615,180.0,0.0,0.71516,8.380853347645244,571_Charge15.csv,351
3.65734,2.99853,24.0813,240.0,0.0,0.89743,10.476485978800484,571_Charge15.csv,351
3.67622,2.99853,24.18646,300.0,0.0,1.08068,12.571699315711792,571_Charge15.csv,351
3.69207,2.99853,24.29162,360.0,0.0,1.26482,14.667331946867035,571_Charge15.csv,351
3.70505,2.99853,24.29162,420.0,0.0,1.44967,16.76296457802227,571_Charge15.csv,351
3.71735,2.99853,24.18646,480.0,0.0,1.63514,18.858597209177518,571_Charge15.csv,351
3.73033,2.99853,24.29162,540.0,0.0,1.82125,20.953810546088825,571_Charge15.csv,351
3.74416,2.99853,24.39678,600.0,0.0,2.00801,23.049443177244065,571_Charge15.csv,351
3.75831,2.99853,24.39678,660.0,0.0,2.19549,25.1450758083993,571_Charge15.csv,351
3.77214,2.99853,24.50194,720.0,0.0,2.38367,27.240708439554545,571_Charge15.csv,351
3.78596,2.99853,24.50194,780.0,0.0,2.57252,29.33592177646585,571_Charge15.csv,351
3.80012,2.99853,24.50194,840.0,0.0,2.7621,31.431554407621093,571_Charge15.csv,351
3.81529,2.99853,24.6071,900.0,0.0,2.95238,33.52718703877633,571_Charge15.csv,351
3.83181,2.99853,24.50194,960.0,0.0,3.14348,35.62240037568764,571_Charge15.csv,351
3.84951,2.99853,24.6071,1020.0,0.0,3.3354,37.71803300684288,571_Charge15.csv,351
3.86805,2.99853,24.6071,1080.0,0.0,3.52824,39.81366563799813,571_Charge15.csv,351
3.8871,2.99853,24.71226,1140.0,0.0,3.72204,41.90929826915336,571_Charge15.csv,351
3.90631,2.99853,24.6071,1200.0,0.0,3.91678,44.00451160606468,571_Charge15.csv,351
3.9257,2.99853,24.71226,1260.0,0.0,4.11249,46.10014423721991,571_Charge15.csv,351
3.94458,2.99853,24.81741,1320.0,0.0,4.30916,48.19577686837516,571_Charge15.csv,351
3.96295,2.99853,24.81741,1380.0,0.0,4.50677,50.2914094995304,571_Charge15.csv,351
3.98082,2.99853,24.71226,1440.0,0.0,4.70528,52.38704213068562,571_Charge15.csv,351
3.99818,2.99853,24.71226,1500.0,0.0,4.90465,54.48225546759694,571_Charge15.csv,351
4.01521,2.99853,24.71226,1560.0,0.0,5.10491,56.57788809875217,571_Charge15.csv,351
4.03189,2.99853,24.81741,1620.0,0.0,5.30598,58.67310143566349,571_Charge15.csv,351
4.04875,2.99853,24.81741,1680.0,0.0,5.50789,60.76873406681873,571_Charge15.csv,351
4.06578,2.99853,24.92257,1740.0,0.0,5.71067,62.86436669797397,571_Charge15.csv,351
4.08381,3.00108,24.92257,1800.0,0.0,5.91434,64.9599993291292,571_Charge15.csv,351
4.10303,2.99853,24.92257,1860.0,0.0,6.1189,67.05521266604052,571_Charge15.csv,351
4.12359,2.99853,24.92257,1920.0,0.0,6.32447,69.15084529719576,571_Charge15.csv,351
4.14551,3.00108,24.92257,1980.0,0.0,6.53111,71.246477928351,571_Charge15.csv,351
4.16776,2.99853,24.92257,2040.0,0.0,6.73886,73.34211055950624,571_Charge15.csv,351
4.19001,2.99853,24.81741,2100.0,0.0,6.94771,75.4377431906615,571_Charge15.csv,351
4.19995,2.69459,24.92257,2160.0,0.0,7.15096,77.46796591976386,571_Charge15.csv,351
4.19995,2.38043,24.81741,2220.0,0.0,7.32779,79.23319468670334,571_Charge15.csv,351
4.19979,2.16078,24.81741,2280.0,0.0,7.48636,80.81644975177781,571_Charge15.csv,351
4.19979,1.99987,24.81741,2340.0,0.0,7.63175,82.26804642425869,571_Charge15.csv,351
4.19979,1.87217,24.71226,2400.0,0.0,7.76717,83.61985106668456,571_Charge15.csv,351
4.19979,1.76489,24.6071,2460.0,0.0,7.8944,84.88989333154434,571_Charge15.csv,351
4.19979,1.66528,24.6071,2520.0,0.0,8.01439,86.08823628069234,571_Charge15.csv,351
4.19979,1.57589,24.50194,2580.0,0.0,8.12787,87.22116932778748,571_Charge15.csv,351
4.19979,1.4916,24.50194,2640.0,0.0,8.23525,88.29330470951295,571_Charge15.csv,351
4.19979,1.40732,24.39678,2700.0,0.0,8.33677,89.30673889708842,571_Charge15.csv,351
4.19979,1.32558,24.39678,2760.0,0.0,8.43253,90.26272977324568,571_Charge15.csv,351
4.19979,1.24385,24.29162,2820.0,0.0,8.52256,91.16127733798471,571_Charge15.csv,351
4.19979,1.16212,24.29162,2880.0,0.0,8.60686,92.00322017979336,571_Charge15.csv,351
4.19979,1.08039,24.29162,2940.0,0.0,8.68536,92.78688112169596,571_Charge15.csv,351
4.19979,0.99866,24.18646,3000.0,0.0,8.75807,93.5126794579364,571_Charge15.csv,351
4.19979,0.91693,24.18646,3060.0,0.0,8.82515,94.1822923654904,571_Charge15.csv,351
4.19979,0.8403,23.87099,3120.0,0.0,8.88661,94.79613913860192,571_Charge15.csv,351
4.19979,0.76113,24.0813,3180.0,0.0,8.9426,95.35505836575877,571_Charge15.csv,351
4.19979,0.68961,24.0813,3240.0,0.0,8.99341,95.8624044009124,571_Charge15.csv,351
4.19979,0.6232,23.97615,3300.0,0.0,9.03927,96.32027371528244,571_Charge15.csv,351
4.19979,0.55935,23.97615,3360.0,0.0,9.08051,96.73202066282036,571_Charge15.csv,351
4.19979,0.49805,24.0813,3420.0,0.0,9.11735,97.09974171474572,571_Charge15.csv,351
4.19979,0.44442,23.97615,3480.0,0.0,9.15029,97.42846840198578,571_Charge15.csv,351
4.19979,0.39589,23.87099,3540.0,0.0,9.17963,97.72155507849187,571_Charge15.csv,351
4.19979,0.35247,23.87099,3600.0,0.0,9.20575,97.98235609821548,571_Charge15.csv,351
4.19979,0.31416,23.97615,3660.0,0.0,9.22899,98.214225815108,571_Charge15.csv,351
4.19979,0.28095,23.97615,3720.0,0.0,9.24973,98.42135717160872,571_Charge15.csv,351
4.19979,0.24775,23.76583,3780.0,0.0,9.2682,98.60584663893736,571_Charge15.csv,351
4.19979,0.22221,23.76583,3840.0,0.0,9.28468,98.77020998255736,571_Charge15.csv,351
4.19979,0.19667,24.0813,3900.0,0.0,9.29936,98.91696296793238,571_Charge15.csv,351
4.19979,0.17623,23.97615,3960.0,0.0,9.31249,99.0477827720381,571_Charge15.csv,351
4.19979,0.16091,23.66067,4020.0,0.0,9.32432,99.16602374882598,571_Charge15.csv,351
4.19979,0.14558,23.66067,4080.0,0.0,9.33494,99.27210519253993,571_Charge15.csv,351
4.19979,0.13026,23.87099,4140.0,0.0,9.3445,99.36770428015564,571_Charge15.csv,351
4.19979,0.11749,23.97615,4200.0,0.0,9.35316,99.45407889440494,571_Charge15.csv,351
4.19979,0.10727,23.87099,4260.0,0.0,9.36105,99.53290621226353,571_Charge15.csv,351
4.19979,0.09706,23.76583,4320.0,0.0,9.36824,99.60460552797532,571_Charge15.csv,351
4.19979,0.08939,23.66067,4380.0,0.0,9.37477,99.66959613578425,571_Charge15.csv,351
4.19979,0.08173,23.76583,4440.0,0.0,9.3807,99.7291359184221,571_Charge15.csv,351
4.19979,0.07407,23.87099,4500.0,0.0,9.38614,99.7832248758889,571_Charge15.csv,351
4.19979,0.06896,23.87099,4560.0,0.0,9.39112,99.83312089091642,571_Charge15.csv,351
4.19979,0.06385,23.66067,4620.0,0.0,9.3957,99.87882396350464,571_Charge15.csv,351
4.19979,0.05874,23.66067,4680.0,0.0,9.39994,99.92117268214142,571_Charge15.csv,351
4.19979,0.05364,23.76583,4740.0,0.0,9.4039,99.96058634107072,571_Charge15.csv,351
4.19979,0.05108,23.76583,4800.0,0.0,9.40757,99.9970649402925,571_Charge15.csv,351
4.19979,0.04853,23.76583,4805.0,0.0,9.40786,100.0,571_Charge15.csv,351
4.17989,2.99853,23.87099,0.0,0.0,0.20837,12.941146008648143,571_Charge16.csv,355
4.19304,2.99853,24.0813,60.0,0.0,0.41759,25.882292017296287,571_Charge16.csv,355
4.19995,2.761,24.29162,120.0,0.0,0.62309,38.556743740452085,571_Charge16.csv,355
4.19995,2.35489,24.18646,180.0,0.0,0.80211,49.5921907770384,571_Charge16.csv,355
4.19995,1.96156,24.0813,240.0,0.0,0.95307,58.89800885528599,571_Charge16.csv,355
4.19995,1.59632,24.18646,300.0,0.0,1.07734,66.5596437171487,571_Charge16.csv,355
4.19995,1.28727,24.29162,360.0,0.0,1.17791,72.76093317107272,571_Charge16.csv,355
4.19995,1.03186,24.29162,420.0,0.0,1.25876,77.74526811838119,571_Charge16.csv,355
4.19995,0.82753,24.0813,480.0,0.0,1.32358,81.74050387095104,571_Charge16.csv,355
4.19995,0.66918,23.87099,540.0,0.0,1.37565,84.95119235649,571_Charge16.csv,355
4.19979,0.53892,23.87099,600.0,0.0,1.41767,87.5404572641827,571_Charge16.csv,355
4.19979,0.43931,24.0813,660.0,0.0,1.45182,89.64811889904456,571_Charge16.csv,355
4.19979,0.36268,24.0813,720.0,0.0,1.47979,91.3725693275679,571_Charge16.csv,355
4.19979,0.30139,23.76583,780.0,0.0,1.50291,92.79666502679888,571_Charge16.csv,355
4.19979,0.2503,23.76583,840.0,0.0,1.52214,93.98254835452217,571_Charge16.csv,355
4.19979,0.21199,23.97615,900.0,0.0,1.53828,94.97682607907616,571_Charge16.csv,355
4.19979,0.18134,24.0813,960.0,0.0,1.55195,95.82092643898396,571_Charge16.csv,355
4.19979,0.15325,23.66067,1020.0,0.0,1.56365,96.54074208332256,571_Charge16.csv,355
4.19979,0.13281,23.66067,1080.0,0.0,1.57371,97.1621656611688,571_Charge16.csv,355
4.19979,0.11494,23.97615,1140.0,0.0,1.58241,97.69814349706118,571_Charge16.csv,355
4.19979,0.09961,24.18646,1200.0,0.0,1.58995,98.16421118044588,571_Charge16.csv,355
4.19979,0.08684,23.97615,1260.0,0.0,1.59656,98.57072577095362,571_Charge16.csv,355
4.19979,0.07918,23.55551,1320.0,0.0,1.60238,98.9306335931229,571_Charge16.csv,355
4.19979,0.06896,23.66067,1380.0,0.0,1.60752,99.24652391186142,571_Charge16.csv,355
4.19979,0.0613,24.0813,1440.0,0.0,1.6121,99.52875378679992,571_Charge16.csv,355
4.19979,0.05619,24.0813,1500.0,0.0,1.61619,99.77991248284611,571_Charge16.csv,355
4.19979,0.04853,23.87099,1558.0,0.0,1.61973,100.0,571_Charge16.csv,355
2.99489,0.14303,9.04363,0.0,0.0,-9.87008,0.0,575_C20DisCh.csv,379
3.01545,0.14303,9.14879,60.0,0.0,-9.86291,0.0,575_C20DisCh.csv,379
3.03349,0.14303,9.14879,120.0,0.0,-9.85568,0.0,575_C20DisCh.csv,379
3.05018,0.14303,9.14879,180.0,0.0,-9.84841,0.0,575_C20DisCh.csv,379
3.06551,0.14303,9.14879,240.0,0.0,-9.8411,0.0,575_C20DisCh.csv,379
3.07984,0.14303,9.04363,300.0,0.0,-9.83376,0.0,575_C20DisCh.csv,379
3.09333,0.14303,8.93848,360.0,0.0,-9.82638,0.0,575_C20DisCh.csv,379
3.10614,0.14558,8.93848,420.0,0.0,-9.81899,0.0,575_C20DisCh.csv,379
3.11811,0.14303,9.04363,480.0,0.0,-9.81155,0.0,575_C20DisCh.csv,379
3.12957,0.14303,8.93848,540.0,0.0,-9.8041,0.0,575_C20DisCh.csv,379
3.14053,0.14303,9.04363,600.0,0.0,-9.79662,0.0,575_C20DisCh.csv,379
3.15098,0.14303,9.04363,660.0,0.0,-9.78911,0.0,575_C20DisCh.csv,379
3.16109,0.14303,9.04363,720.0,0.0,-9.78159,0.0,575_C20DisCh.csv,379
3.17087,0.14303,9.04363,780.0,0.0,-9.77403,0.0,575_C20DisCh.csv,379
3.18014,0.14303,9.04363,840.0,0.0,-9.76644,0.0,575_C20DisCh.csv,379
3.18907,0.14303,9.14879,900.0,0.0,-9.75883,0.0,575_C20DisCh.csv,379
3.19767,0.14303,9.04363,960.0,0.0,-9.75116,0.0,575_C20DisCh.csv,379
3.2061,0.14303,9.04363,1020.0,0.0,-9.7435,0.0,575_C20DisCh.csv,379
3.21419,0.14303,9.04363,1080.0,0.0,-9.73583,0.0,575_C20DisCh.csv,379
3.22211,0.14303,9.04363,1140.0,0.0,-9.72813,0.0,575_C20DisCh.csv,379
3.2297,0.14303,9.04363,1200.0,0.0,-9.72042,0.0,575_C20DisCh.csv,379
3.23711,0.14303,9.04363,1260.0,0.0,-9.71271,0.0,575_C20DisCh.csv,379
3.24436,0.14303,9.04363,1320.0,0.0,-9.70498,0.0,575_C20DisCh.csv,379
3.25127,0.14303,8.93848,1380.0,0.0,-9.69721,0.0,575_C20DisCh.csv,379
3.25802,0.14303,9.04363,1440.0,0.0,-9.68945,0.0,575_C20DisCh.csv,379
3.26459,0.14558,9.04363,1500.0,0.0,-9.68166,0.0,575_C20DisCh.csv,379
3.27099,0.14558,9.04363,1560.0,0.0,-9.67384,0.0,575_C20DisCh.csv,379
3.27723,0.14558,9.04363,1620.0,0.0,-9.66601,0.0,575_C20DisCh.csv,379
3.28313,0.14558,9.04363,1680.0,0.0,-9.65816,0.0,575_C20DisCh.csv,379
3.28903,0.14558,9.04363,1740.0,0.0,-9.65031,0.0,575_C20DisCh.csv,379
3.29459,0.14303,9.04363,1800.0,0.0,-9.64245,0.0,575_C20DisCh.csv,379
3.30016,0.14558,9.04363,1860.0,0.0,-9.63457,0.0,575_C20DisCh.csv,379
3.30555,0.14558,8.93848,1920.0,0.0,-9.62666,0.0,575_C20DisCh.csv,379
3.31094,0.14303,8.93848,1980.0,0.0,-9.61876,0.0,575_C20DisCh.csv,379
3.316,0.14303,9.04363,2040.0,0.0,-9.61081,0.0,575_C20DisCh.csv,379
3.32089,0.14303,9.14879,2100.0,0.0,-9.6029,0.0,575_C20DisCh.csv,379
3.32578,0.14303,9.04363,2160.0,0.0,-9.59489,0.0,575_C20DisCh.csv,379
3.3305,0.14303,9.04363,2220.0,0.0,-9.58695,0.0,575_C20DisCh.csv,379
3.33505,0.14303,9.14879,2280.0,0.0,-9.57899,0.0,575_C20DisCh.csv,379
3.33943,0.14303,9.14879,2340.0,0.0,-9.57102,0.0,575_C20DisCh.csv,379
3.34365,0.14303,9.14879,2400.0,0.0,-9.56305,0.0,575_C20DisCh.csv,379
3.34786,0.14303,9.04363,2460.0,0.0,-9.55505,0.0,575_C20DisCh.csv,379
3.35191,0.14303,9.04363,2520.0,0.0,-9.54704,0.0,575_C20DisCh.csv,379
3.35578,0.14303,9.04363,2580.0,0.0,-9.53904,0.0,575_C20DisCh.csv,379
3.35949,0.14303,9.14879,2640.0,0.0,-9.53102,0.0,575_C20DisCh.csv,379
3.36303,0.14303,9.14879,2700.0,0.0,-9.52297,0.0,575_C20DisCh.csv,379
3.3664,0.14303,9.04363,2760.0,0.0,-9.51493,0.0,575_C20DisCh.csv,379
3.3696,0.14303,9.14879,2820.0,0.0,-9.50688,0.0,575_C20DisCh.csv,379
3.37264,0.14303,9.04363,2880.0,0.0,-9.49883,0.0,575_C20DisCh.csv,379
3.3755,0.14558,9.14879,2940.0,0.0,-9.49078,0.0,575_C20DisCh.csv,379
3.37837,0.14303,9.04363,3000.0,0.0,-9.48272,0.0,575_C20DisCh.csv,379
3.3809,0.14303,9.14879,3060.0,0.0,-9.47465,0.0,575_C20DisCh.csv,379
3.38343,0.14303,9.14879,3120.0,0.0,-9.46655,0.0,575_C20DisCh.csv,379
3.38562,0.14303,9.25395,3180.0,0.0,-9.45847,0.0,575_C20DisCh.csv,379
3.38781,0.14303,9.25395,3240.0,0.0,-9.45037,0.0,575_C20DisCh.csv,379
3.38983,0.14558,9.14879,3300.0,0.0,-9.44224,0.0,575_C20DisCh.csv,379
3.39202,0.14303,8.93848,3360.0,0.0,-9.43409,0.0,575_C20DisCh.csv,379
3.39405,0.14558,8.83332,3420.0,0.0,-9.42598,0.0,575_C20DisCh.csv,379
3.39607,0.14303,9.04363,3480.0,0.0,-9.41787,0.0,575_C20DisCh.csv,379
3.39809,0.14303,9.04363,3540.0,0.0,-9.40976,0.0,575_C20DisCh.csv,379
3.39995,0.14303,9.14879,3600.0,0.0,-9.40165,0.0,575_C20DisCh.csv,379
3.4018,0.14303,9.14879,3660.0,0.0,-9.39352,0.0,575_C20DisCh.csv,379
3.40365,0.14303,9.35911,3720.0,0.0,-9.3854,0.0,575_C20DisCh.csv,379
3.40568,0.14303,9.35911,3780.0,0.0,-9.37729,0.0,575_C20DisCh.csv,379
3.40753,0.14303,9.04363,3840.0,0.0,-9.36912,0.0,575_C20DisCh.csv,379
3.40955,0.14558,8.93848,3900.0,0.0,-9.36097,0.0,575_C20DisCh.csv,379
3.41158,0.14303,8.93848,3960.0,0.0,-9.35283,0.0,575_C20DisCh.csv,379
3.41343,0.14303,9.04363,4020.0,0.0,-9.34465,0.0,575_C20DisCh.csv,379
3.41545,0.14303,9.14879,4080.0,0.0,-9.33648,0.0,575_C20DisCh.csv,379
3.41731,0.14303,9.14879,4140.0,0.0,-9.32832,0.0,575_C20DisCh.csv,379
3.41899,0.14303,9.14879,4200.0,0.0,-9.32015,0.0,575_C20DisCh.csv,379
3.42102,0.14303,9.14879,4260.0,0.0,-9.31198,0.0,575_C20DisCh.csv,379
3.42287,0.14303,9.04363,4320.0,0.0,-9.3038,0.0,575_C20DisCh.csv,379
3.42473,0.14558,9.14879,4380.0,0.0,-9.29562,0.0,575_C20DisCh.csv,379
3.42658,0.14303,9.14879,4440.0,0.0,-9.28743,0.0,575_C20DisCh.csv,379
3.42843,0.14558,9.14879,4500.0,0.0,-9.27924,0.0,575_C20DisCh.csv,379
3.43029,0.14303,9.25395,4560.0,0.0,-9.27105,0.0,575_C20DisCh.csv,379
3.43214,0.14303,9.14879,4620.0,0.0,-9.26285,0.0,575_C20DisCh.csv,379
3.43383,0.14303,9.14879,4680.0,0.0,-9.25465,0.0,575_C20DisCh.csv,379
3.43568,0.14303,9.25395,4740.0,0.0,-9.24645,0.0,575_C20DisCh.csv,379
3.43754,0.14303,9.14879,4800.0,0.0,-9.23824,0.0,575_C20DisCh.csv,379
3.43939,0.14303,9.04363,4860.0,0.0,-9.23002,0.0,575_C20DisCh.csv,379
3.44108,0.14303,9.14879,4920.0,0.0,-9.2218,0.0,575_C20DisCh.csv,379
3.44276,0.14303,9.25395,4980.0,0.0,-9.21355,0.0,575_C20DisCh.csv,379
3.44445,0.14303,9.25395,5040.0,0.0,-9.20531,0.0,575_C20DisCh.csv,379
3.4463,0.14303,9.25395,5100.0,0.0,-9.19709,0.0,575_C20DisCh.csv,379
3.44799,0.14303,9.25395,5160.0,0.0,-9.18885,0.0,575_C20DisCh.csv,379
3.44967,0.14558,9.04363,5220.0,0.0,-9.18061,0.0,575_C20DisCh.csv,379
3.45119,0.14303,9.14879,5280.0,0.0,-9.17235,0.0,575_C20DisCh.csv,379
3.45288,0.14303,9.14879,5340.0,0.0,-9.16412,0.0,575_C20DisCh.csv,379
3.45439,0.14303,9.14879,5400.0,0.0,-9.15588,0.0,575_C20DisCh.csv,379
3.45591,0.14303,9.25395,5460.0,0.0,-9.14763,0.0,575_C20DisCh.csv,379
3.45743,0.14303,9.14879,5520.0,0.0,-9.13937,0.0,575_C20DisCh.csv,379
3.45878,0.14303,9.14879,5580.0,0.0,-9.13111,0.0,575_C20DisCh.csv,379
3.46012,0.14303,9.14879,5640.0,0.0,-9.12284,0.0,575_C20DisCh.csv,379
3.4613,0.14303,9.14879,5700.0,0.0,-9.11457,0.0,575_C20DisCh.csv,379
3.46248,0.14303,9.14879,5760.0,0.0,-9.1063,0.0,575_C20DisCh.csv,379
3.4635,0.14558,9.14879,5820.0,0.0,-9.09802,0.0,575_C20DisCh.csv,379
3.46451,0.14558,9.14879,5880.0,0.0,-9.08974,0.0,575_C20DisCh.csv,379
3.46552,0.14303,9.25395,5940.0,0.0,-9.08144,0.0,575_C20DisCh.csv,379
3.46636,0.14303,9.25395,6000.0,0.0,-9.07316,0.0,575_C20DisCh.csv,379
3.4672,0.14303,9.25395,6060.0,0.0,-9.06487,0.0,575_C20DisCh.csv,379
3.46805,0.14303,9.25395,6120.0,0.0,-9.05658,0.0,575_C20DisCh.csv,379
3.46872,0.14303,9.14879,6180.0,0.0,-9.04831,0.0,575_C20DisCh.csv,379
3.46956,0.14303,9.04363,6240.0,0.0,-9.04001,0.0,575_C20DisCh.csv,379
3.47024,0.14303,9.14879,6300.0,0.0,-9.03172,0.0,575_C20DisCh.csv,379
3.47108,0.14303,9.14879,6360.0,0.0,-9.02343,0.0,575_C20DisCh.csv,379
3.47176,0.14303,9.25395,6420.0,0.0,-9.01514,0.0,575_C20DisCh.csv,379
3.47243,0.14303,9.25395,6480.0,0.0,-9.00684,0.0,575_C20DisCh.csv,379
3.4731,0.14303,9.25395,6540.0,0.0,-8.99848,0.0,575_C20DisCh.csv,379
3.47378,0.14558,9.14879,6600.0,0.0,-8.9901,0.0,575_C20DisCh.csv,379
3.47428,0.14303,9.04363,6660.0,0.0,-8.98178,0.0,575_C20DisCh.csv,379
3.47496,0.14303,9.14879,6720.0,0.0,-8.97349,0.0,575_C20DisCh.csv,379
3.47563,0.14303,9.04363,6780.0,0.0,-8.96519,0.0,575_C20DisCh.csv,379
3.47631,0.14303,9.14879,6840.0,0.0,-8.95689,0.0,575_C20DisCh.csv,379
3.47698,0.14303,9.14879,6900.0,0.0,-8.94858,0.0,575_C20DisCh.csv,379
3.47749,0.14303,9.14879,6960.0,0.0,-8.94028,0.0,575_C20DisCh.csv,379
3.47816,0.14303,9.25395,7020.0,0.0,-8.93197,0.0,575_C20DisCh.csv,379
3.47883,0.14303,9.14879,7080.0,0.0,-8.92366,0.0,575_C20DisCh.csv,379
3.47934,0.14303,9.14879,7140.0,0.0,-8.91535,0.0,575_C20DisCh.csv,379
3.48001,0.14303,9.14879,7200.0,0.0,-8.90704,0.0,575_C20DisCh.csv,379
3.48069,0.14303,9.04363,7260.0,0.0,-8.89872,0.0,575_C20DisCh.csv,379
3.48119,0.14303,9.14879,7320.0,0.0,-8.89043,0.0,575_C20DisCh.csv,379
3.48187,0.14303,9.14879,7380.0,0.0,-8.88211,0.0,575_C20DisCh.csv,379
3.48237,0.14303,9.14879,7440.0,0.0,-8.8738,0.0,575_C20DisCh.csv,379
3.48305,0.14303,9.14879,7500.0,0.0,-8.86547,0.0,575_C20DisCh.csv,379
3.48372,0.14303,9.25395,7560.0,0.0,-8.85717,0.0,575_C20DisCh.csv,379
3.48423,0.14303,9.14879,7620.0,0.0,-8.84884,0.0,575_C20DisCh.csv,379
3.4849,0.14303,9.04363,7680.0,0.0,-8.84047,0.0,575_C20DisCh.csv,379
3.48541,0.14303,9.04363,7740.0,0.0,-8.83214,0.0,575_C20DisCh.csv,379
3.48608,0.14303,9.14879,7800.0,0.0,-8.82383,0.0,575_C20DisCh.csv,379
3.48659,0.14303,9.14879,7860.0,0.0,-8.81552,0.0,575_C20DisCh.csv,379
3.48726,0.14303,9.14879,7920.0,0.0,-8.80716,0.0,575_C20DisCh.csv,379
3.48777,0.14303,9.25395,7980.0,0.0,-8.79884,0.0,575_C20DisCh.csv,379
3.48844,0.14303,9.04363,8040.0,0.0,-8.7905,0.0,575_C20DisCh.csv,379
3.48912,0.14303,9.04363,8100.0,0.0,-8.78219,0.0,575_C20DisCh.csv,379
3.48962,0.14303,9.04363,8160.0,0.0,-8.77385,0.0,575_C20DisCh.csv,379
3.4903,0.14303,8.93848,8220.0,0.0,-8.76551,0.0,575_C20DisCh.csv,379
3.4908,0.14303,9.04363,8280.0,0.0,-8.75718,0.0,575_C20DisCh.csv,379
3.49148,0.14303,9.14879,8340.0,0.0,-8.74883,0.0,575_C20DisCh.csv,379
3.49198,0.14303,9.25395,8400.0,0.0,-8.7405,0.0,575_C20DisCh.csv,379
3.49266,0.14303,9.25395,8460.0,0.0,-8.73217,0.0,575_C20DisCh.csv,379
3.49316,0.14303,9.25395,8520.0,0.0,-8.72384,0.0,575_C20DisCh.csv,379
3.49384,0.14303,9.14879,8580.0,0.0,-8.71543,0.0,575_C20DisCh.csv,379
3.49451,0.14303,9.04363,8640.0,0.0,-8.70709,0.0,575_C20DisCh.csv,379
3.49502,0.14303,9.04363,8700.0,0.0,-8.69874,0.0,575_C20DisCh.csv,379
3.49569,0.14303,9.04363,8760.0,0.0,-8.6904,0.0,575_C20DisCh.csv,379
3.4962,0.14558,9.04363,8820.0,0.0,-8.68206,0.0,575_C20DisCh.csv,379
3.49687,0.14303,9.14879,8880.0,0.0,-8.67369,0.0,575_C20DisCh.csv,379
3.49755,0.14303,9.14879,8940.0,0.0,-8.66536,0.0,575_C20DisCh.csv,379
3.49805,0.14303,9.25395,9000.0,0.0,-8.657,0.0,575_C20DisCh.csv,379
3.49873,0.14558,9.14879,9060.0,0.0,-8.64866,0.0,575_C20DisCh.csv,379
3.4994,0.14303,8.93848,9120.0,0.0,-8.6403,0.0,575_C20DisCh.csv,379
3.50007,0.14303,8.83332,9180.0,0.0,-8.63194,0.0,575_C20DisCh.csv,379
3.50075,0.14303,8.93848,9240.0,0.0,-8.62355,0.0,575_C20DisCh.csv,379
3.50142,0.14558,8.93848,9300.0,0.0,-8.61518,0.0,575_C20DisCh.csv,379
3.5021,0.14303,9.04363,9360.0,0.0,-8.60681,0.0,575_C20DisCh.csv,379
3.50277,0.14303,9.25395,9420.0,0.0,-8.59846,0.0,575_C20DisCh.csv,379
3.50328,0.14303,9.25395,9480.0,0.0,-8.59008,0.0,575_C20DisCh.csv,379
3.50395,0.14303,9.14879,9540.0,0.0,-8.58171,0.0,575_C20DisCh.csv,379
3.50479,0.14303,9.04363,9600.0,0.0,-8.57334,0.0,575_C20DisCh.csv,379
3.50547,0.14303,9.04363,9660.0,0.0,-8.56497,0.0,575_C20DisCh.csv,379
3.50614,0.14558,9.14879,9720.0,0.0,-8.5566,0.0,575_C20DisCh.csv,379
3.50682,0.14558,9.14879,9780.0,0.0,-8.54822,0.0,575_C20DisCh.csv,379
3.50749,0.14303,9.14879,9840.0,0.0,-8.53984,0.0,575_C20DisCh.csv,379
3.50816,0.14303,9.25395,9900.0,0.0,-8.53148,0.0,575_C20DisCh.csv,379
3.50901,0.14303,9.25395,9960.0,0.0,-8.52309,0.0,575_C20DisCh.csv,379
3.50968,0.14303,8.93848,10020.0,0.0,-8.51471,0.0,575_C20DisCh.csv,379
3.51052,0.14558,8.93848,10080.0,0.0,-8.50633,0.0,575_C20DisCh.csv,379
3.51137,0.14303,8.93848,10140.0,0.0,-8.49794,0.0,575_C20DisCh.csv,379
3.51204,0.14303,8.93848,10200.0,0.0,-8.48955,0.0,575_C20DisCh.csv,379
3.51288,0.14558,9.04363,10260.0,0.0,-8.48116,0.0,575_C20DisCh.csv,379
3.51373,0.14303,9.14879,10320.0,0.0,-8.47277,0.0,575_C20DisCh.csv,379
3.51457,0.14303,9.14879,10380.0,0.0,-8.46438,0.0,575_C20DisCh.csv,379
3.51541,0.14303,9.25395,10440.0,0.0,-8.45598,0.0,575_C20DisCh.csv,379
3.51626,0.14303,9.25395,10500.0,0.0,-8.44759,0.0,575_C20DisCh.csv,379
3.51693,0.14303,9.04363,10560.0,0.0,-8.43918,0.0,575_C20DisCh.csv,379
3.51794,0.14303,8.83332,10620.0,0.0,-8.43077,0.0,575_C20DisCh.csv,379
3.51878,0.14303,8.83332,10680.0,0.0,-8.42237,0.0,575_C20DisCh.csv,379
3.5198,0.14303,8.72816,10740.0,0.0,-8.41397,0.0,575_C20DisCh.csv,379
3.52064,0.14303,8.93848,10800.0,0.0,-8.40555,0.0,575_C20DisCh.csv,379
3.52165,0.14303,9.04363,10860.0,0.0,-8.39714,0.0,575_C20DisCh.csv,379
3.52249,0.14303,9.04363,10920.0,0.0,-8.38872,0.0,575_C20DisCh.csv,379
3.5235,0.14303,9.25395,10980.0,0.0,-8.3803,0.0,575_C20DisCh.csv,379
3.52452,0.14558,9.25395,11040.0,0.0,-8.37188,0.0,575_C20DisCh.csv,379
3.52536,0.14303,9.14879,11100.0,0.0,-8.36345,0.0,575_C20DisCh.csv,379
3.52637,0.14303,9.14879,11160.0,0.0,-8.35503,0.0,575_C20DisCh.csv,379
3.52738,0.14303,9.04363,11220.0,0.0,-8.3466,0.0,575_C20DisCh.csv,379
3.52839,0.14303,8.93848,11280.0,0.0,-8.33819,0.0,575_C20DisCh.csv,379
3.5294,0.14303,9.04363,11340.0,0.0,-8.32971,0.0,575_C20DisCh.csv,379
3.53042,0.14303,9.04363,11400.0,0.0,-8.3213,0.0,575_C20DisCh.csv,379
3.53143,0.14303,9.14879,11460.0,0.0,-8.31286,0.0,575_C20DisCh.csv,379
3.53244,0.14303,9.25395,11520.0,0.0,-8.30443,0.0,575_C20DisCh.csv,379
3.53345,0.14303,9.35911,11580.0,0.0,-8.29599,0.0,575_C20DisCh.csv,379
3.53446,0.14303,9.25395,11640.0,0.0,-8.28755,0.0,575_C20DisCh.csv,379
3.53547,0.14303,9.14879,11700.0,0.0,-8.2791,0.0,575_C20DisCh.csv,379
3.53665,0.14303,9.04363,11760.0,0.0,-8.27065,0.0,575_C20DisCh.csv,379
3.53766,0.14303,8.93848,11820.0,0.0,-8.26219,0.0,575_C20DisCh.csv,379
3.53868,0.14558,9.04363,11880.0,0.0,-8.25374,0.0,575_C20DisCh.csv,379
3.53969,0.14303,9.04363,11940.0,0.0,-8.24528,0.0,575_C20DisCh.csv,379
3.5407,0.14558,9.14879,12000.0,0.0,-8.23682,0.0,575_C20DisCh.csv,379
3.54171,0.14303,9.25395,12060.0,0.0,-8.22835,0.0,575_C20DisCh.csv,379
3.54289,0.14303,9.25395,12120.0,0.0,-8.21989,0.0,575_C20DisCh.csv,379
3.5439,0.14303,9.35911,12180.0,0.0,-8.21136,0.0,575_C20DisCh.csv,379
3.54491,0.14303,9.14879,12240.0,0.0,-8.20287,0.0,575_C20DisCh.csv,379
3.54592,0.14303,9.04363,12300.0,0.0,-8.19439,0.0,575_C20DisCh.csv,379
3.54693,0.14303,8.93848,12360.0,0.0,-8.18592,0.0,575_C20DisCh.csv,379
3.54795,0.14303,8.93848,12420.0,0.0,-8.17744,0.0,575_C20DisCh.csv,379
3.54896,0.14303,9.04363,12480.0,0.0,-8.16898,0.0,575_C20DisCh.csv,379
3.54997,0.14303,9.04363,12540.0,0.0,-8.16051,0.0,575_C20DisCh.csv,379
3.55098,0.14303,9.14879,12600.0,0.0,-8.15203,0.0,575_C20DisCh.csv,379
3.55199,0.14303,9.25395,12660.0,0.0,-8.14354,0.0,575_C20DisCh.csv,379
3.553,0.14303,9.35911,12720.0,0.0,-8.13505,0.0,575_C20DisCh.csv,379
3.55385,0.14303,9.25395,12780.0,0.0,-8.12656,0.0,575_C20DisCh.csv,379
3.55486,0.14558,9.04363,12840.0,0.0,-8.11807,0.0,575_C20DisCh.csv,379
3.55587,0.14303,8.93848,12900.0,0.0,-8.10958,0.0,575_C20DisCh.csv,379
3.55688,0.14303,9.04363,12960.0,0.0,-8.10108,0.0,575_C20DisCh.csv,379
3.55789,0.14303,9.04363,13020.0,0.0,-8.09259,0.0,575_C20DisCh.csv,379
3.55873,0.14303,9.14879,13080.0,0.0,-8.0841,0.0,575_C20DisCh.csv,379
3.55975,0.14303,9.25395,13140.0,0.0,-8.0756,0.0,575_C20DisCh.csv,379
3.56059,0.14303,9.25395,13200.0,0.0,-8.06708,0.0,575_C20DisCh.csv,379
3.5616,0.14303,9.04363,13260.0,0.0,-8.05857,0.0,575_C20DisCh.csv,379
3.56244,0.14303,8.83332,13320.0,0.0,-8.05006,0.0,575_C20DisCh.csv,379
3.56345,0.14303,8.93848,13380.0,0.0,-8.04155,0.0,575_C20DisCh.csv,379
3.56447,0.14303,8.93848,13440.0,0.0,-8.03303,0.0,575_C20DisCh.csv,379
3.56531,0.14303,9.04363,13500.0,0.0,-8.02452,0.0,575_C20DisCh.csv,379
3.56632,0.14303,9.14879,13560.0,0.0,-8.01599,0.0,575_C20DisCh.csv,379
3.56716,0.14303,9.25395,13620.0,0.0,-8.00747,0.0,575_C20DisCh.csv,379
3.56817,0.14303,9.25395,13680.0,0.0,-7.99894,0.0,575_C20DisCh.csv,379
3.56902,0.14303,9.25395,13740.0,0.0,-7.99041,0.0,575_C20DisCh.csv,379
3.57003,0.14303,9.04363,13800.0,0.0,-7.9819,0.0,575_C20DisCh.csv,379
3.57104,0.14303,9.04363,13860.0,0.0,-7.97335,0.0,575_C20DisCh.csv,379
3.57188,0.14303,8.93848,13920.0,0.0,-7.96478,0.0,575_C20DisCh.csv,379
3.57289,0.14303,9.04363,13980.0,0.0,-7.95626,0.0,575_C20DisCh.csv,379
3.57391,0.14558,9.14879,14040.0,0.0,-7.94772,0.0,575_C20DisCh.csv,379
3.57475,0.14303,9.14879,14100.0,0.0,-7.93919,0.0,575_C20DisCh.csv,379
3.57576,0.14303,9.25395,14160.0,0.0,-7.93065,0.0,575_C20DisCh.csv,379
3.57677,0.14303,9.25395,14220.0,0.0,-7.92213,0.0,575_C20DisCh.csv,379
3.57778,0.14303,9.25395,14280.0,0.0,-7.91358,0.0,575_C20DisCh.csv,379
3.57862,0.14303,8.93848,14340.0,0.0,-7.90504,0.0,575_C20DisCh.csv,379
3.57964,0.14303,8.93848,14400.0,0.0,-7.89649,0.0,575_C20DisCh.csv,379
3.58065,0.14558,9.04363,14460.0,0.0,-7.88793,0.0,575_C20DisCh.csv,379
3.58149,0.14303,9.04363,14520.0,0.0,-7.87938,0.0,575_C20DisCh.csv,379
3.5825,0.14558,9.14879,14580.0,0.0,-7.87081,0.0,575_C20DisCh.csv,379
3.58334,0.14303,9.25395,14640.0,0.0,-7.86224,0.0,575_C20DisCh.csv,379
3.58419,0.14303,9.25395,14700.0,0.0,-7.8537,0.0,575_C20DisCh.csv,379
3.5852,0.14303,9.25395,14760.0,0.0,-7.84507,0.0,575_C20DisCh.csv,379
3.58604,0.14303,8.83332,14820.0,0.0,-7.83651,0.0,575_C20DisCh.csv,379
3.58705,0.14558,8.93848,14880.0,0.0,-7.8279,0.0,575_C20DisCh.csv,379
3.5879,0.14303,8.93848,14940.0,0.0,-7.81932,0.0,575_C20DisCh.csv,379
3.58874,0.14303,8.93848,15000.0,0.0,-7.81075,0.0,575_C20DisCh.csv,379
3.58958,0.14303,9.04363,15060.0,0.0,-7.80213,0.0,575_C20DisCh.csv,379
3.59042,0.14303,9.25395,15120.0,0.0,-7.79355,0.0,575_C20DisCh.csv,379
3.5911,0.14558,9.14879,15180.0,0.0,-7.78497,0.0,575_C20DisCh.csv,379
3.59194,0.14303,8.93848,15240.0,0.0,-7.7764,0.0,575_C20DisCh.csv,379
3.59278,0.14303,8.83332,15300.0,0.0,-7.76782,0.0,575_C20DisCh.csv,379
3.59363,0.14303,8.93848,15360.0,0.0,-7.75924,0.0,575_C20DisCh.csv,379
3.59447,0.14303,9.04363,15420.0,0.0,-7.75066,0.0,575_C20DisCh.csv,379
3.59514,0.14558,9.14879,15480.0,0.0,-7.74203,0.0,575_C20DisCh.csv,379
3.59599,0.14303,9.14879,15540.0,0.0,-7.73343,0.0,575_C20DisCh.csv,379
3.59683,0.14303,9.25395,15600.0,0.0,-7.72484,0.0,575_C20DisCh.csv,379
3.5975,0.14303,9.14879,15660.0,0.0,-7.7162,0.0,575_C20DisCh.csv,379
3.59835,0.14558,9.04363,15720.0,0.0,-7.7076,0.0,575_C20DisCh.csv,379
3.59919,0.14303,8.83332,15780.0,0.0,-7.69902,0.0,575_C20DisCh.csv,379
3.60003,0.14303,9.04363,15840.0,0.0,-7.69044,0.0,575_C20DisCh.csv,379
3.60088,0.14303,9.14879,15900.0,0.0,-7.68184,0.0,575_C20DisCh.csv,379
3.60172,0.14303,9.14879,15960.0,0.0,-7.67323,0.0,575_C20DisCh.csv,379
3.60239,0.14303,9.25395,16020.0,0.0,-7.66463,0.0,575_C20DisCh.csv,379
3.60324,0.14303,9.25395,16080.0,0.0,-7.65603,0.0,575_C20DisCh.csv,379
3.60408,0.14303,9.14879,16140.0,0.0,-7.64743,0.0,575_C20DisCh.csv,379
3.60492,0.14303,8.93848,16200.0,0.0,-7.63883,0.0,575_C20DisCh.csv,379
3.60576,0.14303,8.93848,16260.0,0.0,-7.63023,0.0,575_C20DisCh.csv,379
3.60678,0.14558,9.04363,16320.0,0.0,-7.62163,0.0,575_C20DisCh.csv,379
3.60762,0.14303,9.04363,16380.0,0.0,-7.61301,0.0,575_C20DisCh.csv,379
3.60846,0.14558,9.14879,16440.0,0.0,-7.60439,0.0,575_C20DisCh.csv,379
3.6093,0.14303,9.25395,16500.0,0.0,-7.59577,0.0,575_C20DisCh.csv,379
3.61032,0.14303,9.25395,16560.0,0.0,-7.58715,0.0,575_C20DisCh.csv,379
3.61116,0.14303,9.25395,16620.0,0.0,-7.57852,0.0,575_C20DisCh.csv,379
3.612,0.14303,9.04363,16680.0,0.0,-7.56986,0.0,575_C20DisCh.csv,379
3.61301,0.14303,8.93848,16740.0,0.0,-7.56123,0.0,575_C20DisCh.csv,379
3.61402,0.14303,8.93848,16800.0,0.0,-7.55259,0.0,575_C20DisCh.csv,379
3.61487,0.14558,8.93848,16860.0,0.0,-7.54395,0.0,575_C20DisCh.csv,379
3.61588,0.14303,9.04363,16920.0,0.0,-7.53531,0.0,575_C20DisCh.csv,379
3.61672,0.14303,9.14879,16980.0,0.0,-7.52667,0.0,575_C20DisCh.csv,379
3.61756,0.14303,9.25395,17040.0,0.0,-7.51802,0.0,575_C20DisCh.csv,379
3.61857,0.14303,9.25395,17100.0,0.0,-7.50937,0.0,575_C20DisCh.csv,379
3.61942,0.14303,9.25395,17160.0,0.0,-7.50073,0.0,575_C20DisCh.csv,379
3.62043,0.14303,8.93848,17220.0,0.0,-7.4921,0.0,575_C20DisCh.csv,379
3.62127,0.14303,9.04363,17280.0,0.0,-7.48344,0.0,575_C20DisCh.csv,379
3.62211,0.14303,8.93848,17340.0,0.0,-7.47479,0.0,575_C20DisCh.csv,379
3.62296,0.14303,8.93848,17400.0,0.0,-7.46614,0.0,575_C20DisCh.csv,379
3.6238,0.14303,9.14879,17460.0,0.0,-7.45749,0.0,575_C20DisCh.csv,379
3.62447,0.14303,9.25395,17520.0,0.0,-7.44883,0.0,575_C20DisCh.csv,379
3.62515,0.14558,9.25395,17580.0,0.0,-7.44017,0.0,575_C20DisCh.csv,379
3.62582,0.14303,9.35911,17640.0,0.0,-7.43151,0.0,575_C20DisCh.csv,379
3.6265,0.14303,9.14879,17700.0,0.0,-7.42285,0.0,575_C20DisCh.csv,379
3.62734,0.14303,9.04363,17760.0,0.0,-7.4142,0.0,575_C20DisCh.csv,379
3.62785,0.14303,8.93848,17820.0,0.0,-7.40545,0.0,575_C20DisCh.csv,379
3.62869,0.14303,8.93848,17880.0,0.0,-7.39679,0.0,575_C20DisCh.csv,379
3.62919,0.14303,9.04363,17940.0,0.0,-7.3881,0.0,575_C20DisCh.csv,379
3.62987,0.14558,9.04363,18000.0,0.0,-7.37944,0.0,575_C20DisCh.csv,379
3.63037,0.14558,9.14879,18060.0,0.0,-7.37076,0.0,575_C20DisCh.csv,379
3.63105,0.14303,9.25395,18120.0,0.0,-7.36209,0.0,575_C20DisCh.csv,379
3.63155,0.14558,9.25395,18180.0,0.0,-7.35342,0.0,575_C20DisCh.csv,379
3.63206,0.14558,9.04363,18240.0,0.0,-7.34475,0.0,575_C20DisCh.csv,379
3.63257,0.14303,9.04363,18300.0,0.0,-7.33607,0.0,575_C20DisCh.csv,379
3.63307,0.14303,9.04363,18360.0,0.0,-7.3274,0.0,575_C20DisCh.csv,379
3.63375,0.14303,9.04363,18420.0,0.0,-7.31871,0.0,575_C20DisCh.csv,379
3.63425,0.14303,9.14879,18480.0,0.0,-7.31004,0.0,575_C20DisCh.csv,379
3.63459,0.14303,9.14879,18540.0,0.0,-7.30136,0.0,575_C20DisCh.csv,379
3.63509,0.14303,9.25395,18600.0,0.0,-7.29269,0.0,575_C20DisCh.csv,379
3.6356,0.14303,9.35911,18660.0,0.0,-7.284,0.0,575_C20DisCh.csv,379
3.63611,0.14303,9.46427,18720.0,0.0,-7.27534,0.0,575_C20DisCh.csv,379
3.63644,0.14303,9.35911,18780.0,0.0,-7.26665,0.0,575_C20DisCh.csv,379
3.63695,0.14303,9.14879,18840.0,0.0,-7.25796,0.0,575_C20DisCh.csv,379
3.63745,0.14303,9.04363,18900.0,0.0,-7.24926,0.0,575_C20DisCh.csv,379
3.63796,0.14303,9.14879,18960.0,0.0,-7.24057,0.0,575_C20DisCh.csv,379
3.63847,0.14303,9.04363,19020.0,0.0,-7.23188,0.0,575_C20DisCh.csv,379
3.6388,0.14303,9.14879,19080.0,0.0,-7.22318,0.0,575_C20DisCh.csv,379
3.63931,0.14303,9.14879,19140.0,0.0,-7.21448,0.0,575_C20DisCh.csv,379
3.63965,0.14303,9.25395,19200.0,0.0,-7.20579,0.0,575_C20DisCh.csv,379
3.64015,0.14303,9.25395,19260.0,0.0,-7.19709,0.0,575_C20DisCh.csv,379
3.64066,0.14303,9.04363,19320.0,0.0,-7.1884,0.0,575_C20DisCh.csv,379
3.64099,0.14558,8.93848,19380.0,0.0,-7.1797,0.0,575_C20DisCh.csv,379
3.6415,0.14303,8.93848,19440.0,0.0,-7.17101,0.0,575_C20DisCh.csv,379
3.64201,0.14303,8.93848,19500.0,0.0,-7.16232,0.0,575_C20DisCh.csv,379
3.64234,0.14558,9.04363,19560.0,0.0,-7.15362,0.0,575_C20DisCh.csv,379
3.64285,0.14303,9.14879,19620.0,0.0,-7.14492,0.0,575_C20DisCh.csv,379
3.64319,0.14303,9.25395,19680.0,0.0,-7.13622,0.0,575_C20DisCh.csv,379
3.64369,0.14303,9.35911,19740.0,0.0,-7.12751,0.0,575_C20DisCh.csv,379
3.64403,0.14303,9.35911,19800.0,0.0,-7.11881,0.0,575_C20DisCh.csv,379
3.64453,0.14558,9.25395,19860.0,0.0,-7.1101,0.0,575_C20DisCh.csv,379
3.64487,0.14303,9.04363,19920.0,0.0,-7.10139,0.0,575_C20DisCh.csv,379
3.64538,0.14303,8.93848,19980.0,0.0,-7.0927,0.0,575_C20DisCh.csv,379
3.64571,0.14303,8.93848,20040.0,0.0,-7.08399,0.0,575_C20DisCh.csv,379
3.64622,0.14303,8.93848,20100.0,0.0,-7.07529,0.0,575_C20DisCh.csv,379
3.64656,0.14303,9.04363,20160.0,0.0,-7.06659,0.0,575_C20DisCh.csv,379
3.64706,0.14303,9.14879,20220.0,0.0,-7.05789,0.0,575_C20DisCh.csv,379
3.6474,0.14303,9.25395,20280.0,0.0,-7.04918,0.0,575_C20DisCh.csv,379
3.6479,0.14303,9.35911,20340.0,0.0,-7.04046,0.0,575_C20DisCh.csv,379
3.64824,0.14303,9.25395,20400.0,0.0,-7.03176,0.0,575_C20DisCh.csv,379
3.64875,0.14303,9.14879,20460.0,0.0,-7.02306,0.0,575_C20DisCh.csv,379
3.64908,0.14303,9.14879,20520.0,0.0,-7.01435,0.0,575_C20DisCh.csv,379
3.64942,0.14303,9.25395,20580.0,0.0,-7.00564,0.0,575_C20DisCh.csv,379
3.64993,0.14303,9.25395,20640.0,0.0,-6.99694,0.0,575_C20DisCh.csv,379
3.65043,0.14303,9.35911,20700.0,0.0,-6.98822,0.0,575_C20DisCh.csv,379
3.65077,0.14303,9.35911,20760.0,0.0,-6.97949,0.0,575_C20DisCh.csv,379
3.65128,0.14303,9.35911,20820.0,0.0,-6.97077,0.0,575_C20DisCh.csv,379
3.65161,0.14303,9.14879,20880.0,0.0,-6.96204,0.0,575_C20DisCh.csv,379
3.65212,0.14303,8.93848,20940.0,0.0,-6.95331,0.0,575_C20DisCh.csv,379
3.65246,0.14303,9.04363,21000.0,0.0,-6.94458,0.0,575_C20DisCh.csv,379
3.65296,0.14303,8.93848,21060.0,0.0,-6.93585,0.0,575_C20DisCh.csv,379
3.65347,0.14303,9.04363,21120.0,0.0,-6.92715,0.0,575_C20DisCh.csv,379
3.6538,0.14558,9.14879,21180.0,0.0,-6.9184,0.0,575_C20DisCh.csv,379
3.65431,0.14558,9.14879,21240.0,0.0,-6.90967,0.0,575_C20DisCh.csv,379
3.65465,0.14303,9.14879,21300.0,0.0,-6.90094,0.0,575_C20DisCh.csv,379
3.65515,0.14303,9.25395,21360.0,0.0,-6.89222,0.0,575_C20DisCh.csv,379
3.65549,0.14303,9.35911,21420.0,0.0,-6.88347,0.0,575_C20DisCh.csv,379
3.65583,0.14303,9.14879,21480.0,0.0,-6.87474,0.0,575_C20DisCh.csv,379
3.65633,0.14303,9.14879,21540.0,0.0,-6.86597,0.0,575_C20DisCh.csv,379
3.65684,0.14303,9.04363,21600.0,0.0,-6.85723,0.0,575_C20DisCh.csv,379
3.65718,0.14303,8.93848,21660.0,0.0,-6.84849,0.0,575_C20DisCh.csv,379
3.65768,0.14303,8.93848,21720.0,0.0,-6.83975,0.0,575_C20DisCh.csv,379
3.65819,0.14303,9.04363,21780.0,0.0,-6.83101,0.0,575_C20DisCh.csv,379
3.65852,0.14303,9.14879,21840.0,0.0,-6.82226,0.0,575_C20DisCh.csv,379
3.65903,0.14303,9.25395,21900.0,0.0,-6.81352,0.0,575_C20DisCh.csv,379
3.65937,0.14303,9.25395,21960.0,0.0,-6.8048,0.0,575_C20DisCh.csv,379
3.65987,0.14303,9.25395,22020.0,0.0,-6.79607,0.0,575_C20DisCh.csv,379
3.66038,0.14303,9.14879,22080.0,0.0,-6.78729,0.0,575_C20DisCh.csv,379
3.66072,0.14303,9.04363,22140.0,0.0,-6.77855,0.0,575_C20DisCh.csv,379
3.66122,0.14303,8.93848,22200.0,0.0,-6.76981,0.0,575_C20DisCh.csv,379
3.66173,0.14303,8.93848,22260.0,0.0,-6.76106,0.0,575_C20DisCh.csv,379
3.66223,0.14303,9.04363,22320.0,0.0,-6.75233,0.0,575_C20DisCh.csv,379
3.66257,0.14303,9.04363,22380.0,0.0,-6.74359,0.0,575_C20DisCh.csv,379
3.66308,0.14558,9.14879,22440.0,0.0,-6.73485,0.0,575_C20DisCh.csv,379
3.66358,0.14303,9.25395,22500.0,0.0,-6.72611,0.0,575_C20DisCh.csv,379
3.66392,0.14303,9.25395,22560.0,0.0,-6.71735,0.0,575_C20DisCh.csv,379
3.66442,0.14303,9.35911,22620.0,0.0,-6.7086,0.0,575_C20DisCh.csv,379
3.66493,0.14303,9.14879,22680.0,0.0,-6.69984,0.0,575_C20DisCh.csv,379
3.66527,0.14558,9.14879,22740.0,0.0,-6.69108,0.0,575_C20DisCh.csv,379
3.66577,0.14303,8.93848,22800.0,0.0,-6.68233,0.0,575_C20DisCh.csv,379
3.66628,0.14303,8.93848,22860.0,0.0,-6.67357,0.0,575_C20DisCh.csv,379
3.66678,0.14303,8.83332,22920.0,0.0,-6.66482,0.0,575_C20DisCh.csv,379
3.66712,0.14558,8.93848,22980.0,0.0,-6.65603,0.0,575_C20DisCh.csv,379
3.66763,0.14303,9.04363,23040.0,0.0,-6.64729,0.0,575_C20DisCh.csv,379
3.66813,0.14303,9.04363,23100.0,0.0,-6.63854,0.0,575_C20DisCh.csv,379
3.66864,0.14303,9.25395,23160.0,0.0,-6.62976,0.0,575_C20DisCh.csv,379
3.66914,0.14558,9.25395,23220.0,0.0,-6.62098,0.0,575_C20DisCh.csv,379
3.66948,0.14303,9.25395,23280.0,0.0,-6.61221,0.0,575_C20DisCh.csv,379
3.66999,0.14303,9.14879,23340.0,0.0,-6.60345,0.0,575_C20DisCh.csv,379
3.67049,0.14303,9.04363,23400.0,0.0,-6.59468,0.0,575_C20DisCh.csv,379
3.671,0.14303,8.93848,23460.0,0.0,-6.58591,0.0,575_C20DisCh.csv,379
3.6715,0.14303,9.04363,23520.0,0.0,-6.57713,0.0,575_C20DisCh.csv,379
3.67201,0.14303,9.04363,23580.0,0.0,-6.56837,0.0,575_C20DisCh.csv,379
3.67252,0.14303,9.04363,23640.0,0.0,-6.55958,0.0,575_C20DisCh.csv,379
3.67302,0.14303,9.25395,23700.0,0.0,-6.55081,0.0,575_C20DisCh.csv,379
3.67353,0.14558,9.14879,23760.0,0.0,-6.54204,0.0,575_C20DisCh.csv,379
3.67386,0.14303,9.14879,23820.0,0.0,-6.53326,0.0,575_C20DisCh.csv,379
3.67454,0.14303,9.25395,23880.0,0.0,-6.52448,0.0,575_C20DisCh.csv,379
3.67488,0.14303,9.25395,23940.0,0.0,-6.51571,0.0,575_C20DisCh.csv,379
3.67538,0.14303,9.35911,24000.0,0.0,-6.5069,0.0,575_C20DisCh.csv,379
3.67589,0.14303,9.25395,24060.0,0.0,-6.49813,0.0,575_C20DisCh.csv,379
3.67639,0.14303,9.25395,24120.0,0.0,-6.48934,0.0,575_C20DisCh.csv,379
3.6769,0.14303,9.14879,24180.0,0.0,-6.48057,0.0,575_C20DisCh.csv,379
3.6774,0.14303,9.25395,24240.0,0.0,-6.47179,0.0,575_C20DisCh.csv,379
3.67791,0.14303,9.25395,24300.0,0.0,-6.463,0.0,575_C20DisCh.csv,379
3.67842,0.14303,9.14879,24360.0,0.0,-6.45422,0.0,575_C20DisCh.csv,379
3.67892,0.14558,9.25395,24420.0,0.0,-6.44543,0.0,575_C20DisCh.csv,379
3.67943,0.14303,9.14879,24480.0,0.0,-6.43664,0.0,575_C20DisCh.csv,379
3.67993,0.14303,9.25395,24540.0,0.0,-6.42787,0.0,575_C20DisCh.csv,379
3.68061,0.14558,9.25395,24600.0,0.0,-6.41907,0.0,575_C20DisCh.csv,379
3.68111,0.14303,9.14879,24660.0,0.0,-6.41028,0.0,575_C20DisCh.csv,379
3.68162,0.14303,9.14879,24720.0,0.0,-6.40149,0.0,575_C20DisCh.csv,379
3.68212,0.14303,9.14879,24780.0,0.0,-6.3927,0.0,575_C20DisCh.csv,379
3.68263,0.14303,8.93848,24840.0,0.0,-6.38391,0.0,575_C20DisCh.csv,379
3.68313,0.14303,9.04363,24900.0,0.0,-6.37512,0.0,575_C20DisCh.csv,379
3.68381,0.14303,9.04363,24960.0,0.0,-6.36625,0.0,575_C20DisCh.csv,379
3.68431,0.14303,9.14879,25020.0,0.0,-6.35746,0.0,575_C20DisCh.csv,379
3.68482,0.14303,9.14879,25080.0,0.0,-6.34867,0.0,575_C20DisCh.csv,379
3.68533,0.14303,9.14879,25140.0,0.0,-6.33988,0.0,575_C20DisCh.csv,379
3.686,0.14303,9.04363,25200.0,0.0,-6.33107,0.0,575_C20DisCh.csv,379
3.68651,0.14303,8.83332,25260.0,0.0,-6.32225,0.0,575_C20DisCh.csv,379
3.68701,0.14303,8.83332,25320.0,0.0,-6.31344,0.0,575_C20DisCh.csv,379
3.68769,0.14558,8.93848,25380.0,0.0,-6.30463,0.0,575_C20DisCh.csv,379
3.68819,0.14303,8.93848,25440.0,0.0,-6.29582,0.0,575_C20DisCh.csv,379
3.6887,0.14303,9.04363,25500.0,0.0,-6.28703,0.0,575_C20DisCh.csv,379
3.6892,0.14303,9.25395,25560.0,0.0,-6.27823,0.0,575_C20DisCh.csv,379
3.68988,0.14558,9.25395,25620.0,0.0,-6.26941,0.0,575_C20DisCh.csv,379
3.69038,0.14303,9.35911,25680.0,0.0,-6.2606,0.0,575_C20DisCh.csv,379
3.69089,0.14303,9.25395,25740.0,0.0,-6.25178,0.0,575_C20DisCh.csv,379
3.69156,0.14303,9.04363,25800.0,0.0,-6.24297,0.0,575_C20DisCh.csv,379
3.69207,0.14303,8.93848,25860.0,0.0,-6.23415,0.0,575_C20DisCh.csv,379
3.69274,0.14303,9.04363,25920.0,0.0,-6.22529,0.0,575_C20DisCh.csv,379
3.69325,0.14303,9.14879,25980.0,0.0,-6.21648,0.0,575_C20DisCh.csv,379
3.69392,0.14303,9.04363,26040.0,0.0,-6.20765,0.0,575_C20DisCh.csv,379
3.69443,0.14303,9.14879,26100.0,0.0,-6.19882,0.0,575_C20DisCh.csv,379
3.6951,0.14303,9.04363,26160.0,0.0,-6.18999,0.0,575_C20DisCh.csv,379
3.69561,0.14303,9.04363,26220.0,0.0,-6.18115,0.0,575_C20DisCh.csv,379
3.69628,0.14303,9.04363,26280.0,0.0,-6.17234,0.0,575_C20DisCh.csv,379
3.69679,0.14303,9.14879,26340.0,0.0,-6.16351,0.0,575_C20DisCh.csv,379
3.69746,0.14303,9.25395,26400.0,0.0,-6.15468,0.0,575_C20DisCh.csv,379
3.69797,0.14303,9.35911,26460.0,0.0,-6.14584,0.0,575_C20DisCh.csv,379
3.69864,0.14303,9.25395,26520.0,0.0,-6.13698,0.0,575_C20DisCh.csv,379
3.69915,0.14303,9.14879,26580.0,0.0,-6.12815,0.0,575_C20DisCh.csv,379
3.69982,0.14303,9.25395,26640.0,0.0,-6.11928,0.0,575_C20DisCh.csv,379
3.7005,0.14303,9.04363,26700.0,0.0,-6.11045,0.0,575_C20DisCh.csv,379
3.70117,0.14303,8.93848,26760.0,0.0,-6.10163,0.0,575_C20DisCh.csv,379
3.70168,0.14303,9.04363,26820.0,0.0,-6.09278,0.0,575_C20DisCh.csv,379
3.70235,0.14303,9.14879,26880.0,0.0,-6.08393,0.0,575_C20DisCh.csv,379
3.70303,0.14303,9.14879,26940.0,0.0,-6.0751,0.0,575_C20DisCh.csv,379
3.7037,0.14303,9.14879,27000.0,0.0,-6.06624,0.0,575_C20DisCh.csv,379
3.70421,0.14303,9.04363,27060.0,0.0,-6.05738,0.0,575_C20DisCh.csv,379
3.70488,0.14303,9.14879,27120.0,0.0,-6.04853,0.0,575_C20DisCh.csv,379
3.70555,0.14303,9.04363,27180.0,0.0,-6.03968,0.0,575_C20DisCh.csv,379
3.70623,0.14303,9.04363,27240.0,0.0,-6.03082,0.0,575_C20DisCh.csv,379
3.7069,0.14303,9.04363,27300.0,0.0,-6.02196,0.0,575_C20DisCh.csv,379
3.70741,0.14303,9.14879,27360.0,0.0,-6.01311,0.0,575_C20DisCh.csv,379
3.70808,0.14303,9.14879,27420.0,0.0,-6.00425,0.0,575_C20DisCh.csv,379
3.70876,0.14303,9.14879,27480.0,0.0,-5.9954,0.0,575_C20DisCh.csv,379
3.70943,0.14303,9.14879,27540.0,0.0,-5.98655,0.0,575_C20DisCh.csv,379
3.71011,0.14303,9.14879,27600.0,0.0,-5.97766,0.0,575_C20DisCh.csv,379
3.71078,0.14558,9.14879,27660.0,0.0,-5.96879,0.0,575_C20DisCh.csv,379
3.71145,0.14303,9.14879,27720.0,0.0,-5.95993,0.0,575_C20DisCh.csv,379
3.71213,0.14303,9.25395,27780.0,0.0,-5.95106,0.0,575_C20DisCh.csv,379
3.7128,0.14303,9.14879,27840.0,0.0,-5.94218,0.0,575_C20DisCh.csv,379
3.71348,0.14558,9.04363,27900.0,0.0,-5.93333,0.0,575_C20DisCh.csv,379
3.71415,0.14303,9.04363,27960.0,0.0,-5.92445,0.0,575_C20DisCh.csv,379
3.71483,0.14303,9.14879,28020.0,0.0,-5.91558,0.0,575_C20DisCh.csv,379
3.7155,0.14303,9.25395,28080.0,0.0,-5.90671,0.0,575_C20DisCh.csv,379
3.71617,0.14303,9.25395,28140.0,0.0,-5.89783,0.0,575_C20DisCh.csv,379
3.71685,0.14303,9.04363,28200.0,0.0,-5.88896,0.0,575_C20DisCh.csv,379
3.71769,0.14558,8.93848,28260.0,0.0,-5.8801,0.0,575_C20DisCh.csv,379
3.71836,0.14303,9.04363,28320.0,0.0,-5.87121,0.0,575_C20DisCh.csv,379
3.71904,0.14303,9.14879,28380.0,0.0,-5.86234,0.0,575_C20DisCh.csv,379
3.71971,0.14303,9.14879,28440.0,0.0,-5.85343,0.0,575_C20DisCh.csv,379
3.72039,0.14303,9.25395,28500.0,0.0,-5.84451,0.0,575_C20DisCh.csv,379
3.72106,0.14303,8.93848,28560.0,0.0,-5.83563,0.0,575_C20DisCh.csv,379
3.72174,0.14303,8.72816,28620.0,0.0,-5.82673,0.0,575_C20DisCh.csv,379
3.72258,0.14558,9.04363,28680.0,0.0,-5.81785,0.0,575_C20DisCh.csv,379
3.72325,0.14558,9.25395,28740.0,0.0,-5.80892,0.0,575_C20DisCh.csv,379
3.72393,0.14558,9.35911,28800.0,0.0,-5.80002,0.0,575_C20DisCh.csv,379
3.72477,0.14303,9.04363,28860.0,0.0,-5.79111,0.0,575_C20DisCh.csv,379
3.72544,0.14303,8.93848,28920.0,0.0,-5.78222,0.0,575_C20DisCh.csv,379
3.72612,0.14303,9.04363,28980.0,0.0,-5.77331,0.0,575_C20DisCh.csv,379
3.72696,0.14303,9.04363,29040.0,0.0,-5.76441,0.0,575_C20DisCh.csv,379
3.72764,0.14558,9.14879,29100.0,0.0,-5.7555,0.0,575_C20DisCh.csv,379
3.72831,0.14303,9.25395,29160.0,0.0,-5.74659,0.0,575_C20DisCh.csv,379
3.72915,0.14303,9.14879,29220.0,0.0,-5.73768,0.0,575_C20DisCh.csv,379
3.72983,0.14303,9.04363,29280.0,0.0,-5.72877,0.0,575_C20DisCh.csv,379
3.73067,0.14303,9.04363,29340.0,0.0,-5.71986,0.0,575_C20DisCh.csv,379
3.73134,0.14303,9.14879,29400.0,0.0,-5.71093,0.0,575_C20DisCh.csv,379
3.73202,0.14303,9.25395,29460.0,0.0,-5.70201,0.0,575_C20DisCh.csv,379
3.73286,0.14303,9.14879,29520.0,0.0,-5.69311,0.0,575_C20DisCh.csv,379
3.73354,0.14303,9.14879,29580.0,0.0,-5.68419,0.0,575_C20DisCh.csv,379
3.73438,0.14558,9.04363,29640.0,0.0,-5.67528,0.0,575_C20DisCh.csv,379
3.73505,0.14303,9.04363,29700.0,0.0,-5.66636,0.0,575_C20DisCh.csv,379
3.7359,0.14303,9.25395,29760.0,0.0,-5.65739,0.0,575_C20DisCh.csv,379
3.73657,0.14303,9.14879,29820.0,0.0,-5.64848,0.0,575_C20DisCh.csv,379
3.73741,0.14303,9.14879,29880.0,0.0,-5.63955,0.0,575_C20DisCh.csv,379
3.73826,0.14303,9.14879,29940.0,0.0,-5.63062,0.0,575_C20DisCh.csv,379
3.73893,0.14303,9.14879,30000.0,0.0,-5.62167,0.0,575_C20DisCh.csv,379
3.73977,0.14303,9.25395,30060.0,0.0,-5.61275,0.0,575_C20DisCh.csv,379
3.74045,0.14303,9.14879,30120.0,0.0,-5.60382,0.0,575_C20DisCh.csv,379
3.74129,0.14303,9.14879,30180.0,0.0,-5.59488,0.0,575_C20DisCh.csv,379
3.74213,0.14303,9.14879,30240.0,0.0,-5.58593,0.0,575_C20DisCh.csv,379
3.74281,0.14303,9.14879,30300.0,0.0,-5.57699,0.0,575_C20DisCh.csv,379
3.74365,0.14303,9.04363,30360.0,0.0,-5.56805,0.0,575_C20DisCh.csv,379
3.74449,0.14303,9.04363,30420.0,0.0,-5.55909,0.0,575_C20DisCh.csv,379
3.74517,0.14558,9.14879,30480.0,0.0,-5.55013,0.0,575_C20DisCh.csv,379
3.74601,0.14558,9.14879,30540.0,0.0,-5.54113,0.0,575_C20DisCh.csv,379
3.74668,0.14303,9.25395,30600.0,0.0,-5.53217,0.0,575_C20DisCh.csv,379
3.74753,0.14303,9.14879,30660.0,0.0,-5.52321,0.0,575_C20DisCh.csv,379
3.74837,0.14303,9.04363,30720.0,0.0,-5.51427,0.0,575_C20DisCh.csv,379
3.74921,0.14303,8.93848,30780.0,0.0,-5.50533,0.0,575_C20DisCh.csv,379
3.74989,0.14558,9.04363,30840.0,0.0,-5.49635,0.0,575_C20DisCh.csv,379
3.75073,0.14303,9.14879,30900.0,0.0,-5.48739,0.0,575_C20DisCh.csv,379
3.75157,0.14303,9.25395,30960.0,0.0,-5.47842,0.0,575_C20DisCh.csv,379
3.75241,0.14303,9.25395,31020.0,0.0,-5.46946,0.0,575_C20DisCh.csv,379
3.75309,0.14303,9.25395,31080.0,0.0,-5.4605,0.0,575_C20DisCh.csv,379
3.75393,0.14303,9.14879,31140.0,0.0,-5.45151,0.0,575_C20DisCh.csv,379
3.75477,0.14303,9.04363,31200.0,0.0,-5.44255,0.0,575_C20DisCh.csv,379
3.75562,0.14303,8.93848,31260.0,0.0,-5.43358,0.0,575_C20DisCh.csv,379
3.75629,0.14303,8.83332,31320.0,0.0,-5.42461,0.0,575_C20DisCh.csv,379
3.75713,0.14303,8.93848,31380.0,0.0,-5.41564,0.0,575_C20DisCh.csv,379
3.75798,0.14303,9.04363,31440.0,0.0,-5.40667,0.0,575_C20DisCh.csv,379
3.75882,0.14303,9.14879,31500.0,0.0,-5.3977,0.0,575_C20DisCh.csv,379
3.75966,0.14303,9.14879,31560.0,0.0,-5.38873,0.0,575_C20DisCh.csv,379
3.76034,0.14303,9.25395,31620.0,0.0,-5.37976,0.0,575_C20DisCh.csv,379
3.76118,0.14303,9.35911,31680.0,0.0,-5.37077,0.0,575_C20DisCh.csv,379
3.76202,0.14303,9.14879,31740.0,0.0,-5.36179,0.0,575_C20DisCh.csv,379
3.76287,0.14303,8.93848,31800.0,0.0,-5.35281,0.0,575_C20DisCh.csv,379
3.76371,0.14303,8.93848,31860.0,0.0,-5.34383,0.0,575_C20DisCh.csv,379
3.76455,0.14303,9.14879,31920.0,0.0,-5.33482,0.0,575_C20DisCh.csv,379
3.76523,0.14303,9.14879,31980.0,0.0,-5.32583,0.0,575_C20DisCh.csv,379
3.76607,0.14303,9.25395,32040.0,0.0,-5.31682,0.0,575_C20DisCh.csv,379
3.76691,0.14303,9.14879,32100.0,0.0,-5.30783,0.0,575_C20DisCh.csv,379
3.76775,0.14303,9.14879,32160.0,0.0,-5.29883,0.0,575_C20DisCh.csv,379
3.7686,0.14303,9.04363,32220.0,0.0,-5.28982,0.0,575_C20DisCh.csv,379
3.76944,0.14303,9.04363,32280.0,0.0,-5.28083,0.0,575_C20DisCh.csv,379
3.77011,0.14303,8.93848,32340.0,0.0,-5.27182,0.0,575_C20DisCh.csv,379
3.77096,0.14303,9.04363,32400.0,0.0,-5.26281,0.0,575_C20DisCh.csv,379
3.7718,0.14303,9.04363,32460.0,0.0,-5.25379,0.0,575_C20DisCh.csv,379
3.77264,0.14558,9.14879,32520.0,0.0,-5.24478,0.0,575_C20DisCh.csv,379
3.77349,0.14303,9.14879,32580.0,0.0,-5.23576,0.0,575_C20DisCh.csv,379
3.77433,0.14303,9.25395,32640.0,0.0,-5.22669,0.0,575_C20DisCh.csv,379
3.77517,0.14303,9.14879,32700.0,0.0,-5.21769,0.0,575_C20DisCh.csv,379
3.77585,0.14303,9.14879,32760.0,0.0,-5.20867,0.0,575_C20DisCh.csv,379
3.77669,0.14303,8.93848,32820.0,0.0,-5.19966,0.0,575_C20DisCh.csv,379
3.77753,0.14303,8.93848,32880.0,0.0,-5.19061,0.0,575_C20DisCh.csv,379
3.77837,0.14303,9.04363,32940.0,0.0,-5.18158,0.0,575_C20DisCh.csv,379
3.77922,0.14303,9.04363,33000.0,0.0,-5.17255,0.0,575_C20DisCh.csv,379
3.78006,0.14303,9.04363,33060.0,0.0,-5.16349,0.0,575_C20DisCh.csv,379
3.7809,0.14303,9.35911,33120.0,0.0,-5.15447,0.0,575_C20DisCh.csv,379
3.78175,0.14303,9.25395,33180.0,0.0,-5.14543,0.0,575_C20DisCh.csv,379
3.78259,0.14303,9.14879,33240.0,0.0,-5.13641,0.0,575_C20DisCh.csv,379
3.78343,0.14558,8.93848,33300.0,0.0,-5.12736,0.0,575_C20DisCh.csv,379
3.78411,0.14303,8.93848,33360.0,0.0,-5.11831,0.0,575_C20DisCh.csv,379
3.78495,0.14303,9.04363,33420.0,0.0,-5.10927,0.0,575_C20DisCh.csv,379
3.78579,0.14303,9.04363,33480.0,0.0,-5.10022,0.0,575_C20DisCh.csv,379
3.78663,0.14303,9.14879,33540.0,0.0,-5.09117,0.0,575_C20DisCh.csv,379
3.78748,0.14303,9.14879,33600.0,0.0,-5.08213,0.0,575_C20DisCh.csv,379
3.78832,0.14303,9.14879,33660.0,0.0,-5.0731,0.0,575_C20DisCh.csv,379
3.78916,0.14303,9.14879,33720.0,0.0,-5.06405,0.0,575_C20DisCh.csv,379
3.79,0.14303,9.04363,33780.0,0.0,-5.055,0.0,575_C20DisCh.csv,379
3.79085,0.14303,9.04363,33840.0,0.0,-5.04594,0.0,575_C20DisCh.csv,379
3.79169,0.14303,9.14879,33900.0,0.0,-5.03689,0.0,575_C20DisCh.csv,379
3.79253,0.14303,9.14879,33960.0,0.0,-5.02783,0.0,575_C20DisCh.csv,379
3.79338,0.14303,9.35911,34020.0,0.0,-5.01879,0.0,575_C20DisCh.csv,379
3.79422,0.14303,9.35911,34080.0,0.0,-5.00973,0.0,575_C20DisCh.csv,379
3.79506,0.14558,9.25395,34140.0,0.0,-5.00066,0.0,575_C20DisCh.csv,379
3.79574,0.14303,9.14879,34200.0,0.0,-4.99159,0.0,575_C20DisCh.csv,379
3.79658,0.14558,8.93848,34260.0,0.0,-4.98252,0.0,575_C20DisCh.csv,379
3.79742,0.14558,9.04363,34320.0,0.0,-4.97346,0.0,575_C20DisCh.csv,379
3.79826,0.14303,9.04363,34380.0,0.0,-4.96439,0.0,575_C20DisCh.csv,379
3.79911,0.14303,9.04363,34440.0,0.0,-4.95531,0.0,575_C20DisCh.csv,379
3.79995,0.14558,9.14879,34500.0,0.0,-4.94621,0.0,575_C20DisCh.csv,379
3.80079,0.14303,9.14879,34560.0,0.0,-4.93711,0.0,575_C20DisCh.csv,379
3.80164,0.14558,9.25395,34620.0,0.0,-4.92803,0.0,575_C20DisCh.csv,379
3.80248,0.14303,9.14879,34680.0,0.0,-4.91894,0.0,575_C20DisCh.csv,379
3.80332,0.14303,9.04363,34740.0,0.0,-4.90986,0.0,575_C20DisCh.csv,379
3.80416,0.14303,9.04363,34800.0,0.0,-4.90077,0.0,575_C20DisCh.csv,379
3.80501,0.14303,8.93848,34860.0,0.0,-4.89169,0.0,575_C20DisCh.csv,379
3.80585,0.14303,9.04363,34920.0,0.0,-4.88259,0.0,575_C20DisCh.csv,379
3.80669,0.14303,9.25395,34980.0,0.0,-4.87351,0.0,575_C20DisCh.csv,379
3.80737,0.14303,9.25395,35040.0,0.0,-4.8644,0.0,575_C20DisCh.csv,379
3.80821,0.14303,9.25395,35100.0,0.0,-4.85531,0.0,575_C20DisCh.csv,379
3.80905,0.14303,9.25395,35160.0,0.0,-4.84623,0.0,575_C20DisCh.csv,379
3.8099,0.14303,9.14879,35220.0,0.0,-4.83712,0.0,575_C20DisCh.csv,379
3.81074,0.14303,9.04363,35280.0,0.0,-4.82802,0.0,575_C20DisCh.csv,379
3.81158,0.14303,8.93848,35340.0,0.0,-4.81891,0.0,575_C20DisCh.csv,379
3.81242,0.14558,8.93848,35400.0,0.0,-4.80979,0.0,575_C20DisCh.csv,379
3.81327,0.14303,9.04363,35460.0,0.0,-4.80069,0.0,575_C20DisCh.csv,379
3.81411,0.14303,9.04363,35520.0,0.0,-4.79158,0.0,575_C20DisCh.csv,379
3.81495,0.14303,9.25395,35580.0,0.0,-4.78247,0.0,575_C20DisCh.csv,379
3.8158,0.14303,9.25395,35640.0,0.0,-4.77336,0.0,575_C20DisCh.csv,379
3.81664,0.14303,9.25395,35700.0,0.0,-4.76424,0.0,575_C20DisCh.csv,379
3.81748,0.14303,9.04363,35760.0,0.0,-4.7551,0.0,575_C20DisCh.csv,379
3.81832,0.14303,8.93848,35820.0,0.0,-4.74597,0.0,575_C20DisCh.csv,379
3.81934,0.14303,9.04363,35880.0,0.0,-4.73683,0.0,575_C20DisCh.csv,379
3.82018,0.14303,9.14879,35940.0,0.0,-4.7277,0.0,575_C20DisCh.csv,379
3.82102,0.14303,9.14879,36000.0,0.0,-4.71851,0.0,575_C20DisCh.csv,379
3.82186,0.14558,9.25395,36060.0,0.0,-4.70939,0.0,575_C20DisCh.csv,379
3.82271,0.14303,9.14879,36120.0,0.0,-4.70026,0.0,575_C20DisCh.csv,379
3.82355,0.14303,9.04363,36180.0,0.0,-4.69113,0.0,575_C20DisCh.csv,379
3.82439,0.14303,8.93848,36240.0,0.0,-4.68199,0.0,575_C20DisCh.csv,379
3.8254,0.14303,8.93848,36300.0,0.0,-4.67283,0.0,575_C20DisCh.csv,379
3.82625,0.14303,9.04363,36360.0,0.0,-4.66369,0.0,575_C20DisCh.csv,379
3.82709,0.14558,9.04363,36420.0,0.0,-4.65456,0.0,575_C20DisCh.csv,379
3.82793,0.14303,9.14879,36480.0,0.0,-4.64541,0.0,575_C20DisCh.csv,379
3.82894,0.14558,9.25395,36540.0,0.0,-4.63627,0.0,575_C20DisCh.csv,379
3.82979,0.14303,9.25395,36600.0,0.0,-4.62712,0.0,575_C20DisCh.csv,379
3.83063,0.14303,9.25395,36660.0,0.0,-4.61798,0.0,575_C20DisCh.csv,379
3.83164,0.14303,9.04363,36720.0,0.0,-4.60883,0.0,575_C20DisCh.csv,379
3.83248,0.14303,8.93848,36780.0,0.0,-4.59967,0.0,575_C20DisCh.csv,379
3.83349,0.14303,9.04363,36840.0,0.0,-4.59053,0.0,575_C20DisCh.csv,379
3.83451,0.14303,9.14879,36900.0,0.0,-4.58139,0.0,575_C20DisCh.csv,379
3.83535,0.14303,9.14879,36960.0,0.0,-4.57222,0.0,575_C20DisCh.csv,379
3.83636,0.14303,9.25395,37020.0,0.0,-4.56305,0.0,575_C20DisCh.csv,379
3.83737,0.14303,9.25395,37080.0,0.0,-4.5539,0.0,575_C20DisCh.csv,379
3.83838,0.14303,9.14879,37140.0,0.0,-4.54474,0.0,575_C20DisCh.csv,379
3.83923,0.14303,9.04363,37200.0,0.0,-4.53557,0.0,575_C20DisCh.csv,379
3.84024,0.14303,9.04363,37260.0,0.0,-4.5264,0.0,575_C20DisCh.csv,379
3.84125,0.14303,9.04363,37320.0,0.0,-4.51722,0.0,575_C20DisCh.csv,379
3.84243,0.14303,9.14879,37380.0,0.0,-4.50804,0.0,575_C20DisCh.csv,379
3.84344,0.14303,9.25395,37440.0,0.0,-4.49885,0.0,575_C20DisCh.csv,379
3.84445,0.14303,9.25395,37500.0,0.0,-4.48968,0.0,575_C20DisCh.csv,379
3.84563,0.14303,9.14879,37560.0,0.0,-4.48051,0.0,575_C20DisCh.csv,379
3.84664,0.14558,9.04363,37620.0,0.0,-4.47128,0.0,575_C20DisCh.csv,379
3.84782,0.14303,9.04363,37680.0,0.0,-4.46209,0.0,575_C20DisCh.csv,379
3.849,0.14303,9.14879,37740.0,0.0,-4.45289,0.0,575_C20DisCh.csv,379
3.85018,0.14303,9.14879,37800.0,0.0,-4.44364,0.0,575_C20DisCh.csv,379
3.85136,0.14303,9.25395,37860.0,0.0,-4.43444,0.0,575_C20DisCh.csv,379
3.85254,0.14303,9.25395,37920.0,0.0,-4.42523,0.0,575_C20DisCh.csv,379
3.85389,0.14303,9.25395,37980.0,0.0,-4.41604,0.0,575_C20DisCh.csv,379
3.85507,0.14303,9.04363,38040.0,0.0,-4.40685,0.0,575_C20DisCh.csv,379
3.85642,0.14558,9.04363,38100.0,0.0,-4.39764,0.0,575_C20DisCh.csv,379
3.85777,0.14303,9.04363,38160.0,0.0,-4.38843,0.0,575_C20DisCh.csv,379
3.85895,0.14303,9.14879,38220.0,0.0,-4.3792,0.0,575_C20DisCh.csv,379
3.8603,0.14303,9.14879,38280.0,0.0,-4.37,0.0,575_C20DisCh.csv,379
3.86164,0.14303,9.25395,38340.0,0.0,-4.36078,0.0,575_C20DisCh.csv,379
3.86282,0.14303,9.25395,38400.0,0.0,-4.35156,0.0,575_C20DisCh.csv,379
3.86417,0.14303,9.04363,38460.0,0.0,-4.34232,0.0,575_C20DisCh.csv,379
3.86552,0.14303,8.83332,38520.0,0.0,-4.33309,0.0,575_C20DisCh.csv,379
3.86687,0.14303,8.83332,38580.0,0.0,-4.32385,0.0,575_C20DisCh.csv,379
3.86805,0.14303,8.93848,38640.0,0.0,-4.3146,0.0,575_C20DisCh.csv,379
3.8694,0.14303,9.04363,38700.0,0.0,-4.30534,0.0,575_C20DisCh.csv,379
3.87058,0.14303,9.14879,38760.0,0.0,-4.29609,0.0,575_C20DisCh.csv,379
3.87176,0.14558,9.25395,38820.0,0.0,-4.28685,0.0,575_C20DisCh.csv,379
3.87277,0.14303,9.25395,38880.0,0.0,-4.27762,0.0,575_C20DisCh.csv,379
3.87395,0.14558,9.14879,38940.0,0.0,-4.26835,0.0,575_C20DisCh.csv,379
3.87496,0.14303,8.83332,39000.0,0.0,-4.25907,0.0,575_C20DisCh.csv,379
3.87597,0.14303,8.83332,39060.0,0.0,-4.24982,0.0,575_C20DisCh.csv,379
3.87698,0.14303,8.93848,39120.0,0.0,-4.24055,0.0,575_C20DisCh.csv,379
3.878,0.14558,9.04363,39180.0,0.0,-4.2313,0.0,575_C20DisCh.csv,379
3.87901,0.14303,9.14879,39240.0,0.0,-4.22203,0.0,575_C20DisCh.csv,379
3.87985,0.14303,9.25395,39300.0,0.0,-4.21275,0.0,575_C20DisCh.csv,379
3.88069,0.14303,9.14879,39360.0,0.0,-4.20347,0.0,575_C20DisCh.csv,379
3.88154,0.14303,9.14879,39420.0,0.0,-4.19419,0.0,575_C20DisCh.csv,379
3.88238,0.14303,9.04363,39480.0,0.0,-4.18491,0.0,575_C20DisCh.csv,379
3.88322,0.14303,9.04363,39540.0,0.0,-4.17564,0.0,575_C20DisCh.csv,379
3.88406,0.14303,9.14879,39600.0,0.0,-4.16637,0.0,575_C20DisCh.csv,379
3.88491,0.14303,9.14879,39660.0,0.0,-4.1571,0.0,575_C20DisCh.csv,379
3.88575,0.14303,9.14879,39720.0,0.0,-4.14784,0.0,575_C20DisCh.csv,379
3.88659,0.14303,9.14879,39780.0,0.0,-4.13855,0.0,575_C20DisCh.csv,379
3.88744,0.14303,9.14879,39840.0,0.0,-4.12927,0.0,575_C20DisCh.csv,379
3.88811,0.14558,9.04363,39900.0,0.0,-4.11999,0.0,575_C20DisCh.csv,379
3.88895,0.14303,9.14879,39960.0,0.0,-4.11063,0.0,575_C20DisCh.csv,379
3.88963,0.14303,9.14879,40020.0,0.0,-4.10136,0.0,575_C20DisCh.csv,379
3.89047,0.14303,9.14879,40080.0,0.0,-4.09207,0.0,575_C20DisCh.csv,379
3.89114,0.14303,9.14879,40140.0,0.0,-4.08278,0.0,575_C20DisCh.csv,379
3.89182,0.14303,9.14879,40200.0,0.0,-4.07348,0.0,575_C20DisCh.csv,379
3.89266,0.14303,9.14879,40260.0,0.0,-4.06419,0.0,575_C20DisCh.csv,379
3.89333,0.14303,9.14879,40320.0,0.0,-4.05489,0.0,575_C20DisCh.csv,379
3.89401,0.14303,9.14879,40380.0,0.0,-4.04558,0.0,575_C20DisCh.csv,379
3.89468,0.14303,9.14879,40440.0,0.0,-4.03627,0.0,575_C20DisCh.csv,379
3.89536,0.14303,9.25395,40500.0,0.0,-4.02699,0.0,575_C20DisCh.csv,379
3.89603,0.14303,9.25395,40560.0,0.0,-4.01769,0.0,575_C20DisCh.csv,379
3.89687,0.14303,9.14879,40620.0,0.0,-4.00838,0.0,575_C20DisCh.csv,379
3.89755,0.14303,8.93848,40680.0,0.0,-3.99905,0.0,575_C20DisCh.csv,379
3.89822,0.14303,9.04363,40740.0,0.0,-3.98972,0.0,575_C20DisCh.csv,379
3.8989,0.14303,9.04363,40800.0,0.0,-3.98038,0.0,575_C20DisCh.csv,379
3.89957,0.14303,9.14879,40860.0,0.0,-3.97101,0.0,575_C20DisCh.csv,379
3.90025,0.14303,9.14879,40920.0,0.0,-3.96169,0.0,575_C20DisCh.csv,379
3.90092,0.14303,9.25395,40980.0,0.0,-3.95236,0.0,575_C20DisCh.csv,379
3.90143,0.14303,9.25395,41040.0,0.0,-3.94305,0.0,575_C20DisCh.csv,379
3.9021,0.14303,8.93848,41100.0,0.0,-3.93372,0.0,575_C20DisCh.csv,379
3.90294,0.14303,8.83332,41160.0,0.0,-3.9244,0.0,575_C20DisCh.csv,379
3.90345,0.14303,8.83332,41220.0,0.0,-3.9151,0.0,575_C20DisCh.csv,379
3.90412,0.14303,9.04363,41280.0,0.0,-3.90578,0.0,575_C20DisCh.csv,379
3.9048,0.14303,9.14879,41340.0,0.0,-3.89646,0.0,575_C20DisCh.csv,379
3.9053,0.14303,9.25395,41400.0,0.0,-3.88714,0.0,575_C20DisCh.csv,379
3.90598,0.14303,9.25395,41460.0,0.0,-3.8778,0.0,575_C20DisCh.csv,379
3.90665,0.14303,9.25395,41520.0,0.0,-3.86844,0.0,575_C20DisCh.csv,379
3.90733,0.14558,8.83332,41580.0,0.0,-3.85911,0.0,575_C20DisCh.csv,379
3.90783,0.14303,8.83332,41640.0,0.0,-3.84978,0.0,575_C20DisCh.csv,379
3.90851,0.14303,8.83332,41700.0,0.0,-3.84044,0.0,575_C20DisCh.csv,379
3.90918,0.14303,8.93848,41760.0,0.0,-3.83111,0.0,575_C20DisCh.csv,379
3.90985,0.14303,9.04363,41820.0,0.0,-3.82179,0.0,575_C20DisCh.csv,379
3.91036,0.14303,9.14879,41880.0,0.0,-3.81241,0.0,575_C20DisCh.csv,379
3.91103,0.14303,9.25395,41940.0,0.0,-3.80301,0.0,575_C20DisCh.csv,379
3.91154,0.14303,9.14879,42000.0,0.0,-3.79368,0.0,575_C20DisCh.csv,379
3.91221,0.14303,9.04363,42060.0,0.0,-3.78434,0.0,575_C20DisCh.csv,379
3.91289,0.14303,9.04363,42120.0,0.0,-3.775,0.0,575_C20DisCh.csv,379
3.91339,0.14303,9.04363,42180.0,0.0,-3.76566,0.0,575_C20DisCh.csv,379
3.91407,0.14303,9.14879,42240.0,0.0,-3.7563,0.0,575_C20DisCh.csv,379
3.91457,0.14303,9.14879,42300.0,0.0,-3.74696,0.0,575_C20DisCh.csv,379
3.91525,0.14303,9.25395,42360.0,0.0,-3.73759,0.0,575_C20DisCh.csv,379
3.91592,0.14558,9.14879,42420.0,0.0,-3.72824,0.0,575_C20DisCh.csv,379
3.91643,0.14303,9.04363,42480.0,0.0,-3.71885,0.0,575_C20DisCh.csv,379
3.9171,0.14303,8.93848,42540.0,0.0,-3.7095,0.0,575_C20DisCh.csv,379
3.91761,0.14303,8.93848,42600.0,0.0,-3.70015,0.0,575_C20DisCh.csv,379
3.91828,0.14303,9.04363,42660.0,0.0,-3.69079,0.0,575_C20DisCh.csv,379
3.91896,0.14303,9.14879,42720.0,0.0,-3.68141,0.0,575_C20DisCh.csv,379
3.91946,0.14558,9.14879,42780.0,0.0,-3.67206,0.0,575_C20DisCh.csv,379
3.92014,0.14558,9.25395,42840.0,0.0,-3.6627,0.0,575_C20DisCh.csv,379
3.92064,0.14303,9.25395,42900.0,0.0,-3.65334,0.0,575_C20DisCh.csv,379
3.92132,0.14558,9.04363,42960.0,0.0,-3.64397,0.0,575_C20DisCh.csv,379
3.92182,0.14303,8.93848,43020.0,0.0,-3.63461,0.0,575_C20DisCh.csv,379
3.9225,0.14558,8.93848,43080.0,0.0,-3.62523,0.0,575_C20DisCh.csv,379
3.923,0.14558,9.04363,43140.0,0.0,-3.61587,0.0,575_C20DisCh.csv,379
3.92368,0.14303,9.04363,43200.0,0.0,-3.60649,0.0,575_C20DisCh.csv,379
3.92435,0.14303,9.25395,43260.0,0.0,-3.59712,0.0,575_C20DisCh.csv,379
3.92486,0.14303,9.25395,43320.0,0.0,-3.58777,0.0,575_C20DisCh.csv,379
3.92553,0.14303,9.25395,43380.0,0.0,-3.57838,0.0,575_C20DisCh.csv,379
3.92604,0.14303,9.04363,43440.0,0.0,-3.56899,0.0,575_C20DisCh.csv,379
3.92671,0.14303,8.93848,43500.0,0.0,-3.55963,0.0,575_C20DisCh.csv,379
3.92722,0.14303,8.93848,43560.0,0.0,-3.55026,0.0,575_C20DisCh.csv,379
3.92789,0.14558,8.93848,43620.0,0.0,-3.54082,0.0,575_C20DisCh.csv,379
3.92856,0.14303,9.04363,43680.0,0.0,-3.53142,0.0,575_C20DisCh.csv,379
3.92907,0.14303,9.04363,43740.0,0.0,-3.52204,0.0,575_C20DisCh.csv,379
3.92974,0.14303,9.25395,43800.0,0.0,-3.51267,0.0,575_C20DisCh.csv,379
3.93025,0.14303,9.14879,43860.0,0.0,-3.50326,0.0,575_C20DisCh.csv,379
3.93092,0.14303,9.14879,43920.0,0.0,-3.49386,0.0,575_C20DisCh.csv,379
3.93143,0.14558,9.04363,43980.0,0.0,-3.48448,0.0,575_C20DisCh.csv,379
3.9321,0.14303,9.04363,44040.0,0.0,-3.47505,0.0,575_C20DisCh.csv,379
3.93278,0.14303,8.93848,44100.0,0.0,-3.46566,0.0,575_C20DisCh.csv,379
3.93328,0.14303,9.04363,44160.0,0.0,-3.45626,0.0,575_C20DisCh.csv,379
3.93396,0.14303,9.04363,44220.0,0.0,-3.44685,0.0,575_C20DisCh.csv,379
3.93463,0.14303,9.04363,44280.0,0.0,-3.43746,0.0,575_C20DisCh.csv,379
3.93514,0.14303,9.25395,44340.0,0.0,-3.42805,0.0,575_C20DisCh.csv,379
3.93581,0.14303,9.35911,44400.0,0.0,-3.41865,0.0,575_C20DisCh.csv,379
3.93632,0.14303,9.14879,44460.0,0.0,-3.40924,0.0,575_C20DisCh.csv,379
3.93699,0.14303,9.14879,44520.0,0.0,-3.39984,0.0,575_C20DisCh.csv,379
3.9375,0.14303,9.14879,44580.0,0.0,-3.39044,0.0,575_C20DisCh.csv,379
3.93817,0.14558,9.04363,44640.0,0.0,-3.38101,0.0,575_C20DisCh.csv,379
3.93885,0.14303,9.04363,44700.0,0.0,-3.37159,0.0,575_C20DisCh.csv,379
3.93952,0.14303,9.14879,44760.0,0.0,-3.36216,0.0,575_C20DisCh.csv,379
3.94003,0.14303,9.14879,44820.0,0.0,-3.35276,0.0,575_C20DisCh.csv,379
3.9407,0.14558,9.25395,44880.0,0.0,-3.34337,0.0,575_C20DisCh.csv,379
3.94138,0.14303,9.25395,44940.0,0.0,-3.33395,0.0,575_C20DisCh.csv,379
3.94188,0.14303,9.25395,45000.0,0.0,-3.32453,0.0,575_C20DisCh.csv,379
3.94256,0.14303,9.14879,45060.0,0.0,-3.31511,0.0,575_C20DisCh.csv,379
3.94323,0.14303,9.14879,45120.0,0.0,-3.30569,0.0,575_C20DisCh.csv,379
3.94374,0.14303,9.04363,45180.0,0.0,-3.29626,0.0,575_C20DisCh.csv,379
3.94441,0.14303,9.04363,45240.0,0.0,-3.28685,0.0,575_C20DisCh.csv,379
3.94508,0.14303,9.04363,45300.0,0.0,-3.27744,0.0,575_C20DisCh.csv,379
3.94576,0.14303,9.04363,45360.0,0.0,-3.26801,0.0,575_C20DisCh.csv,379
3.94643,0.14303,9.14879,45420.0,0.0,-3.25859,0.0,575_C20DisCh.csv,379
3.94711,0.14303,9.25395,45480.0,0.0,-3.24916,0.0,575_C20DisCh.csv,379
3.94761,0.14303,9.25395,45540.0,0.0,-3.23973,0.0,575_C20DisCh.csv,379
3.94829,0.14303,9.35911,45600.0,0.0,-3.23028,0.0,575_C20DisCh.csv,379
3.94896,0.14303,9.04363,45660.0,0.0,-3.22085,0.0,575_C20DisCh.csv,379
3.94964,0.14303,9.04363,45720.0,0.0,-3.21144,0.0,575_C20DisCh.csv,379
3.95031,0.14303,9.04363,45780.0,0.0,-3.20199,0.0,575_C20DisCh.csv,379
3.95098,0.14303,8.93848,45840.0,0.0,-3.19254,0.0,575_C20DisCh.csv,379
3.95166,0.14303,9.04363,45900.0,0.0,-3.18312,0.0,575_C20DisCh.csv,379
3.95233,0.14303,9.04363,45960.0,0.0,-3.1737,0.0,575_C20DisCh.csv,379
3.95301,0.14303,9.14879,46020.0,0.0,-3.16425,0.0,575_C20DisCh.csv,379
3.95368,0.14303,9.25395,46080.0,0.0,-3.1548,0.0,575_C20DisCh.csv,379
3.95436,0.14303,9.25395,46140.0,0.0,-3.14537,0.0,575_C20DisCh.csv,379
3.95503,0.14558,9.25395,46200.0,0.0,-3.13591,0.0,575_C20DisCh.csv,379
3.9557,0.14303,9.04363,46260.0,0.0,-3.12646,0.0,575_C20DisCh.csv,379
3.95638,0.14303,8.93848,46320.0,0.0,-3.11696,0.0,575_C20DisCh.csv,379
3.95705,0.14303,8.83332,46380.0,0.0,-3.10751,0.0,575_C20DisCh.csv,379
3.95773,0.14303,8.93848,46440.0,0.0,-3.09807,0.0,575_C20DisCh.csv,379
3.95857,0.14303,8.93848,46500.0,0.0,-3.08863,0.0,575_C20DisCh.csv,379
3.95924,0.14303,9.04363,46560.0,0.0,-3.07917,0.0,575_C20DisCh.csv,379
3.95992,0.14303,9.14879,46620.0,0.0,-3.06971,0.0,575_C20DisCh.csv,379
3.96059,0.14303,9.14879,46680.0,0.0,-3.06021,0.0,575_C20DisCh.csv,379
3.96127,0.14303,9.04363,46740.0,0.0,-3.05073,0.0,575_C20DisCh.csv,379
3.96194,0.14303,9.14879,46800.0,0.0,-3.04125,0.0,575_C20DisCh.csv,379
3.96261,0.14303,8.93848,46860.0,0.0,-3.0318,0.0,575_C20DisCh.csv,379
3.96346,0.14303,8.93848,46920.0,0.0,-3.02234,0.0,575_C20DisCh.csv,379
3.96413,0.14303,9.04363,46980.0,0.0,-3.01289,0.0,575_C20DisCh.csv,379
3.96481,0.14303,9.14879,47040.0,0.0,-3.00341,0.0,575_C20DisCh.csv,379
3.96548,0.14558,9.25395,47100.0,0.0,-2.99394,0.0,575_C20DisCh.csv,379
3.96632,0.14303,9.25395,47160.0,0.0,-2.98447,0.0,575_C20DisCh.csv,379
3.967,0.14303,9.35911,47220.0,0.0,-2.97499,0.0,575_C20DisCh.csv,379
3.96767,0.14303,9.25395,47280.0,0.0,-2.96554,0.0,575_C20DisCh.csv,379
3.96851,0.14558,8.93848,47340.0,0.0,-2.956,0.0,575_C20DisCh.csv,379
3.96919,0.14303,8.83332,47400.0,0.0,-2.94652,0.0,575_C20DisCh.csv,379
3.96986,0.14303,8.93848,47460.0,0.0,-2.93705,0.0,575_C20DisCh.csv,379
3.97071,0.14303,9.04363,47520.0,0.0,-2.92756,0.0,575_C20DisCh.csv,379
3.97138,0.14303,9.14879,47580.0,0.0,-2.91808,0.0,575_C20DisCh.csv,379
3.97222,0.14303,9.25395,47640.0,0.0,-2.90861,0.0,575_C20DisCh.csv,379
3.9729,0.14303,9.25395,47700.0,0.0,-2.89912,0.0,575_C20DisCh.csv,379
3.97374,0.14303,9.14879,47760.0,0.0,-2.88962,0.0,575_C20DisCh.csv,379
3.97441,0.14303,9.04363,47820.0,0.0,-2.88012,0.0,575_C20DisCh.csv,379
3.97526,0.14303,9.04363,47880.0,0.0,-2.87063,0.0,575_C20DisCh.csv,379
3.97593,0.14303,9.14879,47940.0,0.0,-2.86113,0.0,575_C20DisCh.csv,379
3.97677,0.14303,9.14879,48000.0,0.0,-2.85165,0.0,575_C20DisCh.csv,379
3.97745,0.14303,9.14879,48060.0,0.0,-2.84215,0.0,575_C20DisCh.csv,379
3.97829,0.14303,9.04363,48120.0,0.0,-2.83264,0.0,575_C20DisCh.csv,379
3.97913,0.14558,8.93848,48180.0,0.0,-2.82313,0.0,575_C20DisCh.csv,379
3.97981,0.14558,9.04363,48240.0,0.0,-2.81361,0.0,575_C20DisCh.csv,379
3.98065,0.14303,9.04363,48300.0,0.0,-2.80409,0.0,575_C20DisCh.csv,379
3.98133,0.14303,9.04363,48360.0,0.0,-2.79457,0.0,575_C20DisCh.csv,379
3.98217,0.14303,9.04363,48420.0,0.0,-2.78508,0.0,575_C20DisCh.csv,379
3.98301,0.14303,9.14879,48480.0,0.0,-2.77558,0.0,575_C20DisCh.csv,379
3.98369,0.14558,9.14879,48540.0,0.0,-2.76604,0.0,575_C20DisCh.csv,379
3.98453,0.14303,9.14879,48600.0,0.0,-2.75652,0.0,575_C20DisCh.csv,379
3.98537,0.14303,9.04363,48660.0,0.0,-2.747,0.0,575_C20DisCh.csv,379
3.98621,0.14303,9.04363,48720.0,0.0,-2.73748,0.0,575_C20DisCh.csv,379
3.98706,0.14303,9.14879,48780.0,0.0,-2.72794,0.0,575_C20DisCh.csv,379
3.9879,0.14303,9.04363,48840.0,0.0,-2.7184,0.0,575_C20DisCh.csv,379
3.98857,0.14303,9.14879,48900.0,0.0,-2.70885,0.0,575_C20DisCh.csv,379
3.98942,0.14303,9.14879,48960.0,0.0,-2.69931,0.0,575_C20DisCh.csv,379
3.99026,0.14303,9.04363,49020.0,0.0,-2.68979,0.0,575_C20DisCh.csv,379
3.9911,0.14558,9.04363,49080.0,0.0,-2.68022,0.0,575_C20DisCh.csv,379
3.99195,0.14303,9.14879,49140.0,0.0,-2.67068,0.0,575_C20DisCh.csv,379
3.99262,0.14303,9.04363,49200.0,0.0,-2.66114,0.0,575_C20DisCh.csv,379
3.99346,0.14303,9.14879,49260.0,0.0,-2.6516,0.0,575_C20DisCh.csv,379
3.99431,0.14303,9.14879,49320.0,0.0,-2.64205,0.0,575_C20DisCh.csv,379
3.99515,0.14303,9.14879,49380.0,0.0,-2.63252,0.0,575_C20DisCh.csv,379
3.99599,0.14303,9.04363,49440.0,0.0,-2.62294,0.0,575_C20DisCh.csv,379
3.99683,0.14303,9.04363,49500.0,0.0,-2.61339,0.0,575_C20DisCh.csv,379
3.99768,0.14303,8.93848,49560.0,0.0,-2.60385,0.0,575_C20DisCh.csv,379
3.99852,0.14303,9.04363,49620.0,0.0,-2.59429,0.0,575_C20DisCh.csv,379
3.99953,0.14303,9.04363,49680.0,0.0,-2.58474,0.0,575_C20DisCh.csv,379
4.00037,0.14303,9.14879,49740.0,0.0,-2.57514,0.0,575_C20DisCh.csv,379
4.00105,0.14303,9.25395,49800.0,0.0,-2.5656,0.0,575_C20DisCh.csv,379
4.00206,0.14303,9.14879,49860.0,0.0,-2.55604,0.0,575_C20DisCh.csv,379
4.0029,0.14303,9.04363,49920.0,0.0,-2.54648,0.0,575_C20DisCh.csv,379
4.00374,0.14303,9.04363,49980.0,0.0,-2.53693,0.0,575_C20DisCh.csv,379
4.00459,0.14303,9.04363,50040.0,0.0,-2.52737,0.0,575_C20DisCh.csv,379
4.00543,0.14303,9.14879,50100.0,0.0,-2.51775,0.0,575_C20DisCh.csv,379
4.00627,0.14303,9.14879,50160.0,0.0,-2.50811,0.0,575_C20DisCh.csv,379
4.00712,0.14303,9.14879,50220.0,0.0,-2.49851,0.0,575_C20DisCh.csv,379
4.00813,0.14303,9.04363,50280.0,0.0,-2.48892,0.0,575_C20DisCh.csv,379
4.00897,0.14303,9.04363,50340.0,0.0,-2.47933,0.0,575_C20DisCh.csv,379
4.00981,0.14303,9.04363,50400.0,0.0,-2.46977,0.0,575_C20DisCh.csv,379
4.01066,0.14558,8.83332,50460.0,0.0,-2.46018,0.0,575_C20DisCh.csv,379
4.0115,0.14303,8.93848,50520.0,0.0,-2.45059,0.0,575_C20DisCh.csv,379
4.01234,0.14558,9.04363,50580.0,0.0,-2.441,0.0,575_C20DisCh.csv,379
4.01335,0.14303,9.14879,50640.0,0.0,-2.43142,0.0,575_C20DisCh.csv,379
4.0142,0.14303,9.14879,50700.0,0.0,-2.42183,0.0,575_C20DisCh.csv,379
4.01504,0.14303,9.14879,50760.0,0.0,-2.41224,0.0,575_C20DisCh.csv,379
4.01588,0.14303,9.04363,50820.0,0.0,-2.40265,0.0,575_C20DisCh.csv,379
4.01672,0.14303,8.93848,50880.0,0.0,-2.39305,0.0,575_C20DisCh.csv,379
4.01774,0.14558,8.93848,50940.0,0.0,-2.38344,0.0,575_C20DisCh.csv,379
4.01858,0.14558,8.93848,51000.0,0.0,-2.37383,0.0,575_C20DisCh.csv,379
4.01942,0.14558,8.93848,51060.0,0.0,-2.36422,0.0,575_C20DisCh.csv,379
4.02026,0.14303,9.14879,51120.0,0.0,-2.35461,0.0,575_C20DisCh.csv,379
4.02128,0.14303,9.14879,51180.0,0.0,-2.345,0.0,575_C20DisCh.csv,379
4.02212,0.14303,9.14879,51240.0,0.0,-2.3354,0.0,575_C20DisCh.csv,379
4.02296,0.14303,8.83332,51300.0,0.0,-2.3258,0.0,575_C20DisCh.csv,379
4.0238,0.14303,8.83332,51360.0,0.0,-2.31618,0.0,575_C20DisCh.csv,379
4.02482,0.14303,8.83332,51420.0,0.0,-2.30656,0.0,575_C20DisCh.csv,379
4.02566,0.14303,8.93848,51480.0,0.0,-2.29694,0.0,575_C20DisCh.csv,379
4.0265,0.14303,9.04363,51540.0,0.0,-2.28733,0.0,575_C20DisCh.csv,379
4.02751,0.14303,9.04363,51600.0,0.0,-2.27769,0.0,575_C20DisCh.csv,379
4.02836,0.14303,9.35911,51660.0,0.0,-2.26807,0.0,575_C20DisCh.csv,379
4.0292,0.14303,9.04363,51720.0,0.0,-2.25843,0.0,575_C20DisCh.csv,379
4.03004,0.14303,8.83332,51780.0,0.0,-2.24882,0.0,575_C20DisCh.csv,379
4.03088,0.14303,8.93848,51840.0,0.0,-2.23919,0.0,575_C20DisCh.csv,379
4.03189,0.14303,9.04363,51900.0,0.0,-2.22958,0.0,575_C20DisCh.csv,379
4.03274,0.14303,9.14879,51960.0,0.0,-2.21995,0.0,575_C20DisCh.csv,379
4.03358,0.14303,9.35911,52020.0,0.0,-2.21033,0.0,575_C20DisCh.csv,379
4.03442,0.14303,9.04363,52080.0,0.0,-2.20069,0.0,575_C20DisCh.csv,379
4.03527,0.14558,8.93848,52140.0,0.0,-2.19104,0.0,575_C20DisCh.csv,379
4.03628,0.14303,8.93848,52200.0,0.0,-2.18139,0.0,575_C20DisCh.csv,379
4.03712,0.14303,9.04363,52260.0,0.0,-2.17177,0.0,575_C20DisCh.csv,379
4.03796,0.14303,9.25395,52320.0,0.0,-2.16211,0.0,575_C20DisCh.csv,379
4.03881,0.14303,9.14879,52380.0,0.0,-2.15247,0.0,575_C20DisCh.csv,379
4.03965,0.14303,9.14879,52440.0,0.0,-2.14282,0.0,575_C20DisCh.csv,379
4.04049,0.14558,9.04363,52500.0,0.0,-2.13316,0.0,575_C20DisCh.csv,379
4.04133,0.14303,9.04363,52560.0,0.0,-2.12352,0.0,575_C20DisCh.csv,379
4.04235,0.14303,9.04363,52620.0,0.0,-2.11386,0.0,575_C20DisCh.csv,379
4.04319,0.14303,9.04363,52680.0,0.0,-2.10421,0.0,575_C20DisCh.csv,379
4.04403,0.14303,9.04363,52740.0,0.0,-2.09455,0.0,575_C20DisCh.csv,379
4.04487,0.14303,9.04363,52800.0,0.0,-2.08487,0.0,575_C20DisCh.csv,379
4.04572,0.14303,9.04363,52860.0,0.0,-2.07521,0.0,575_C20DisCh.csv,379
4.04656,0.14303,9.04363,52920.0,0.0,-2.06554,0.0,575_C20DisCh.csv,379
4.0474,0.14303,9.04363,52980.0,0.0,-2.05589,0.0,575_C20DisCh.csv,379
4.04825,0.14303,9.04363,53040.0,0.0,-2.04622,0.0,575_C20DisCh.csv,379
4.04909,0.14303,9.04363,53100.0,0.0,-2.03655,0.0,575_C20DisCh.csv,379
4.0501,0.14303,9.04363,53160.0,0.0,-2.02686,0.0,575_C20DisCh.csv,379
4.05077,0.14303,9.14879,53220.0,0.0,-2.01717,0.0,575_C20DisCh.csv,379
4.05162,0.14558,9.14879,53280.0,0.0,-2.00748,0.0,575_C20DisCh.csv,379
4.05246,0.14303,9.04363,53340.0,0.0,-1.99782,0.0,575_C20DisCh.csv,379
4.0533,0.14558,9.04363,53400.0,0.0,-1.98813,0.0,575_C20DisCh.csv,379
4.05415,0.14303,9.14879,53460.0,0.0,-1.97845,0.0,575_C20DisCh.csv,379
4.05499,0.14303,9.14879,53520.0,0.0,-1.96875,0.0,575_C20DisCh.csv,379
4.05583,0.14303,9.25395,53580.0,0.0,-1.95903,0.0,575_C20DisCh.csv,379
4.05667,0.14303,9.25395,53640.0,0.0,-1.94932,0.0,575_C20DisCh.csv,379
4.05752,0.14303,9.14879,53700.0,0.0,-1.93963,0.0,575_C20DisCh.csv,379
4.05836,0.14558,9.14879,53760.0,0.0,-1.92993,0.0,575_C20DisCh.csv,379
4.05903,0.14303,9.04363,53820.0,0.0,-1.92023,0.0,575_C20DisCh.csv,379
4.05988,0.14303,8.93848,53880.0,0.0,-1.91053,0.0,575_C20DisCh.csv,379
4.06072,0.14303,9.04363,53940.0,0.0,-1.90082,0.0,575_C20DisCh.csv,379
4.06156,0.14303,9.04363,54000.0,0.0,-1.89112,0.0,575_C20DisCh.csv,379
4.06241,0.14303,9.04363,54060.0,0.0,-1.88144,0.0,575_C20DisCh.csv,379
4.06325,0.14303,9.04363,54120.0,0.0,-1.87175,0.0,575_C20DisCh.csv,379
4.06392,0.14303,9.14879,54180.0,0.0,-1.86205,0.0,575_C20DisCh.csv,379
4.06477,0.14303,8.93848,54240.0,0.0,-1.85233,0.0,575_C20DisCh.csv,379
4.06561,0.14303,8.83332,54300.0,0.0,-1.84258,0.0,575_C20DisCh.csv,379
4.06628,0.14303,8.83332,54360.0,0.0,-1.83281,0.0,575_C20DisCh.csv,379
4.06712,0.14303,9.04363,54420.0,0.0,-1.82308,0.0,575_C20DisCh.csv,379
4.0678,0.14303,9.04363,54480.0,0.0,-1.81337,0.0,575_C20DisCh.csv,379
4.06864,0.14303,9.14879,54540.0,0.0,-1.80366,0.0,575_C20DisCh.csv,379
4.06932,0.14303,9.35911,54600.0,0.0,-1.79396,0.0,575_C20DisCh.csv,379
4.07016,0.14303,8.93848,54660.0,0.0,-1.7842,0.0,575_C20DisCh.csv,379
4.07083,0.14303,8.83332,54720.0,0.0,-1.77449,0.0,575_C20DisCh.csv,379
4.07168,0.14303,8.93848,54780.0,0.0,-1.76475,0.0,575_C20DisCh.csv,379
4.07235,0.14303,9.04363,54840.0,0.0,-1.75502,0.0,575_C20DisCh.csv,379
4.07302,0.14303,9.14879,54900.0,0.0,-1.74529,0.0,575_C20DisCh.csv,379
4.07387,0.14303,9.25395,54960.0,0.0,-1.73557,0.0,575_C20DisCh.csv,379
4.07454,0.14303,9.14879,55020.0,0.0,-1.72583,0.0,575_C20DisCh.csv,379
4.07522,0.14303,9.04363,55080.0,0.0,-1.7161,0.0,575_C20DisCh.csv,379
4.07589,0.14558,9.14879,55140.0,0.0,-1.70637,0.0,575_C20DisCh.csv,379
4.07673,0.14303,9.14879,55200.0,0.0,-1.69662,0.0,575_C20DisCh.csv,379
4.07724,0.14303,9.14879,55260.0,0.0,-1.68688,0.0,575_C20DisCh.csv,379
4.07791,0.14303,9.14879,55320.0,0.0,-1.67713,0.0,575_C20DisCh.csv,379
4.07859,0.14303,9.14879,55380.0,0.0,-1.66739,0.0,575_C20DisCh.csv,379
4.07926,0.14303,9.14879,55440.0,0.0,-1.65764,0.0,575_C20DisCh.csv,379
4.07994,0.14303,9.04363,55500.0,0.0,-1.64789,0.0,575_C20DisCh.csv,379
4.08061,0.14303,9.14879,55560.0,0.0,-1.63814,0.0,575_C20DisCh.csv,379
4.08128,0.14303,9.14879,55620.0,0.0,-1.62839,0.0,575_C20DisCh.csv,379
4.08196,0.14558,9.14879,55680.0,0.0,-1.61865,0.0,575_C20DisCh.csv,379
4.08246,0.14303,9.25395,55740.0,0.0,-1.60889,0.0,575_C20DisCh.csv,379
4.08314,0.14303,9.14879,55800.0,0.0,-1.59914,0.0,575_C20DisCh.csv,379
4.08381,0.14303,9.14879,55860.0,0.0,-1.58937,0.0,575_C20DisCh.csv,379
4.08432,0.14558,9.04363,55920.0,0.0,-1.57963,0.0,575_C20DisCh.csv,379
4.08499,0.14303,9.04363,55980.0,0.0,-1.56985,0.0,575_C20DisCh.csv,379
4.08567,0.14303,9.04363,56040.0,0.0,-1.5601,0.0,575_C20DisCh.csv,379
4.08617,0.14303,9.04363,56100.0,0.0,-1.55034,0.0,575_C20DisCh.csv,379
4.08668,0.14303,9.14879,56160.0,0.0,-1.54059,0.0,575_C20DisCh.csv,379
4.08718,0.14303,9.25395,56220.0,0.0,-1.53082,0.0,575_C20DisCh.csv,379
4.08786,0.14303,9.25395,56280.0,0.0,-1.52108,0.0,575_C20DisCh.csv,379
4.08836,0.14558,9.14879,56340.0,0.0,-1.51131,0.0,575_C20DisCh.csv,379
4.08887,0.14303,8.93848,56400.0,0.0,-1.50155,0.0,575_C20DisCh.csv,379
4.08938,0.14303,8.93848,56460.0,0.0,-1.49178,0.0,575_C20DisCh.csv,379
4.08988,0.14303,9.04363,56520.0,0.0,-1.48201,0.0,575_C20DisCh.csv,379
4.09039,0.14303,9.04363,56580.0,0.0,-1.47224,0.0,575_C20DisCh.csv,379
4.09089,0.14303,9.14879,56640.0,0.0,-1.46249,0.0,575_C20DisCh.csv,379
4.0914,0.14303,9.14879,56700.0,0.0,-1.45273,0.0,575_C20DisCh.csv,379
4.09174,0.14303,9.35911,56760.0,0.0,-1.44297,0.0,575_C20DisCh.csv,379
4.09224,0.14558,9.14879,56820.0,0.0,-1.43319,0.0,575_C20DisCh.csv,379
4.09258,0.14303,8.93848,56880.0,0.0,-1.42342,0.0,575_C20DisCh.csv,379
4.09308,0.14303,8.93848,56940.0,0.0,-1.41366,0.0,575_C20DisCh.csv,379
4.09359,0.14303,9.04363,57000.0,0.0,-1.40388,0.0,575_C20DisCh.csv,379
4.09393,0.14303,9.14879,57060.0,0.0,-1.3941,0.0,575_C20DisCh.csv,379
4.09426,0.14303,9.25395,57120.0,0.0,-1.38428,0.0,575_C20DisCh.csv,379
4.09477,0.14558,9.14879,57180.0,0.0,-1.37448,0.0,575_C20DisCh.csv,379
4.09494,0.14303,9.14879,57240.0,0.0,-1.36471,0.0,575_C20DisCh.csv,379
4.09544,0.14303,9.04363,57300.0,0.0,-1.35494,0.0,575_C20DisCh.csv,379
4.09578,0.14303,8.93848,57360.0,0.0,-1.34515,0.0,575_C20DisCh.csv,379
4.09612,0.14303,9.04363,57420.0,0.0,-1.33537,0.0,575_C20DisCh.csv,379
4.09646,0.14303,9.04363,57480.0,0.0,-1.32558,0.0,575_C20DisCh.csv,379
4.09679,0.14303,9.14879,57540.0,0.0,-1.31581,0.0,575_C20DisCh.csv,379
4.09713,0.14303,9.14879,57600.0,0.0,-1.306,0.0,575_C20DisCh.csv,379
4.09747,0.14303,9.14879,57660.0,0.0,-1.29622,0.0,575_C20DisCh.csv,379
4.09764,0.14303,9.14879,57720.0,0.0,-1.28645,0.0,575_C20DisCh.csv,379
4.09797,0.14303,9.14879,57780.0,0.0,-1.27668,0.0,575_C20DisCh.csv,379
4.09831,0.14303,9.04363,57840.0,0.0,-1.26687,0.0,575_C20DisCh.csv,379
4.09865,0.14303,9.04363,57900.0,0.0,-1.2571,0.0,575_C20DisCh.csv,379
4.09882,0.14303,9.25395,57960.0,0.0,-1.2473,0.0,575_C20DisCh.csv,379
4.09915,0.14303,9.14879,58020.0,0.0,-1.2375,0.0,575_C20DisCh.csv,379
4.09949,0.14303,9.14879,58080.0,0.0,-1.22772,0.0,575_C20DisCh.csv,379
4.09966,0.14303,9.25395,58140.0,0.0,-1.21791,0.0,575_C20DisCh.csv,379
4.1,0.14303,9.14879,58200.0,0.0,-1.20812,0.0,575_C20DisCh.csv,379
4.10016,0.14303,9.04363,58260.0,0.0,-1.19834,0.0,575_C20DisCh.csv,379
4.1005,0.14303,9.04363,58320.0,0.0,-1.18849,0.0,575_C20DisCh.csv,379
4.10067,0.14303,9.04363,58380.0,0.0,-1.17864,0.0,575_C20DisCh.csv,379
4.10101,0.14303,9.04363,58440.0,0.0,-1.16884,0.0,575_C20DisCh.csv,379
4.10134,0.14303,9.14879,58500.0,0.0,-1.15904,0.0,575_C20DisCh.csv,379
4.10151,0.14303,9.14879,58560.0,0.0,-1.14926,0.0,575_C20DisCh.csv,379
4.10185,0.14303,9.14879,58620.0,0.0,-1.13945,0.0,575_C20DisCh.csv,379
4.10202,0.14303,9.14879,58680.0,0.0,-1.12964,0.0,575_C20DisCh.csv,379
4.10235,0.14303,9.04363,58740.0,0.0,-1.11983,0.0,575_C20DisCh.csv,379
4.10252,0.14303,9.04363,58800.0,0.0,-1.11003,0.0,575_C20DisCh.csv,379
4.10286,0.14558,9.04363,58860.0,0.0,-1.10023,0.0,575_C20DisCh.csv,379
4.10303,0.14303,9.04363,58920.0,0.0,-1.09042,0.0,575_C20DisCh.csv,379
4.10337,0.14303,9.04363,58980.0,0.0,-1.08062,0.0,575_C20DisCh.csv,379
4.10353,0.14303,9.14879,59040.0,0.0,-1.07081,0.0,575_C20DisCh.csv,379
4.10387,0.14303,9.25395,59100.0,0.0,-1.06101,0.0,575_C20DisCh.csv,379
4.10404,0.14303,9.14879,59160.0,0.0,-1.05121,0.0,575_C20DisCh.csv,379
4.10438,0.14303,9.14879,59220.0,0.0,-1.04142,0.0,575_C20DisCh.csv,379
4.10455,0.14303,9.14879,59280.0,0.0,-1.0316,0.0,575_C20DisCh.csv,379
4.10471,0.14303,9.04363,59340.0,0.0,-1.0218,0.0,575_C20DisCh.csv,379
4.10505,0.14303,9.04363,59400.0,0.0,-1.012,0.0,575_C20DisCh.csv,379
4.10539,0.14303,8.93848,59460.0,0.0,-1.00217,0.0,575_C20DisCh.csv,379
4.10556,0.14303,9.04363,59520.0,0.0,-0.9923,0.0,575_C20DisCh.csv,379
4.10589,0.14303,9.04363,59580.0,0.0,-0.98249,0.0,575_C20DisCh.csv,379
4.10606,0.14303,9.14879,59640.0,0.0,-0.97267,0.0,575_C20DisCh.csv,379
4.1064,0.14303,9.14879,59700.0,0.0,-0.96284,0.0,575_C20DisCh.csv,379
4.10657,0.14303,9.14879,59760.0,0.0,-0.95303,0.0,575_C20DisCh.csv,379
4.10691,0.14303,9.04363,59820.0,0.0,-0.94322,0.0,575_C20DisCh.csv,379
4.10707,0.14303,9.04363,59880.0,0.0,-0.93342,0.0,575_C20DisCh.csv,379
4.10741,0.14303,9.04363,59940.0,0.0,-0.92357,0.0,575_C20DisCh.csv,379
4.10775,0.14303,9.04363,60000.0,0.0,-0.91378,0.0,575_C20DisCh.csv,379
4.10792,0.14558,9.04363,60060.0,0.0,-0.90395,0.0,575_C20DisCh.csv,379
4.10825,0.14558,9.14879,60120.0,0.0,-0.89411,0.0,575_C20DisCh.csv,379
4.10842,0.14303,9.14879,60180.0,0.0,-0.88428,0.0,575_C20DisCh.csv,379
4.10876,0.14303,9.14879,60240.0,0.0,-0.87447,0.0,575_C20DisCh.csv,379
4.10893,0.14303,9.14879,60300.0,0.0,-0.86462,0.0,575_C20DisCh.csv,379
4.10927,0.14303,9.04363,60360.0,0.0,-0.8548,0.0,575_C20DisCh.csv,379
4.10943,0.14303,8.93848,60420.0,0.0,-0.84499,0.0,575_C20DisCh.csv,379
4.10977,0.14303,9.04363,60480.0,0.0,-0.83518,0.0,575_C20DisCh.csv,379
4.11011,0.14303,9.14879,60540.0,0.0,-0.82536,0.0,575_C20DisCh.csv,379
4.11045,0.14303,9.14879,60600.0,0.0,-0.81556,0.0,575_C20DisCh.csv,379
4.11061,0.14303,9.25395,60660.0,0.0,-0.80573,0.0,575_C20DisCh.csv,379
4.11095,0.14303,9.25395,60720.0,0.0,-0.7959,0.0,575_C20DisCh.csv,379
4.11112,0.14303,9.35911,60780.0,0.0,-0.78608,0.0,575_C20DisCh.csv,379
4.11146,0.14303,9.25395,60840.0,0.0,-0.77627,0.0,575_C20DisCh.csv,379
4.11179,0.14303,9.04363,60900.0,0.0,-0.76643,0.0,575_C20DisCh.csv,379
4.11213,0.14303,9.04363,60960.0,0.0,-0.75662,0.0,575_C20DisCh.csv,379
4.11247,0.14303,8.93848,61020.0,0.0,-0.7468,0.0,575_C20DisCh.csv,379
4.11281,0.14303,8.93848,61080.0,0.0,-0.73698,0.0,575_C20DisCh.csv,379
4.11314,0.14303,8.93848,61140.0,0.0,-0.72717,0.0,575_C20DisCh.csv,379
4.11348,0.14303,9.04363,61200.0,0.0,-0.71735,0.0,575_C20DisCh.csv,379
4.11365,0.14303,9.14879,61260.0,0.0,-0.7075,0.0,575_C20DisCh.csv,379
4.11399,0.14303,9.14879,61320.0,0.0,-0.6977,0.0,575_C20DisCh.csv,379
4.11432,0.14303,9.14879,61380.0,0.0,-0.68788,0.0,575_C20DisCh.csv,379
4.11466,0.14303,9.14879,61440.0,0.0,-0.67806,0.0,575_C20DisCh.csv,379
4.115,0.14303,9.14879,61500.0,0.0,-0.66822,0.0,575_C20DisCh.csv,379
4.11533,0.14558,9.04363,61560.0,0.0,-0.6584,0.0,575_C20DisCh.csv,379
4.11567,0.14303,9.14879,61620.0,0.0,-0.64856,0.0,575_C20DisCh.csv,379
4.11601,0.14303,9.14879,61680.0,0.0,-0.63873,0.0,575_C20DisCh.csv,379
4.11635,0.14303,9.25395,61740.0,0.0,-0.62892,0.0,575_C20DisCh.csv,379
4.11668,0.14558,9.14879,61800.0,0.0,-0.61907,0.0,575_C20DisCh.csv,379
4.11702,0.14303,9.35911,61860.0,0.0,-0.60921,0.0,575_C20DisCh.csv,379
4.11736,0.14303,9.25395,61920.0,0.0,-0.59939,0.0,575_C20DisCh.csv,379
4.11786,0.14303,9.35911,61980.0,0.0,-0.58956,0.0,575_C20DisCh.csv,379
4.1182,0.14303,9.25395,62040.0,0.0,-0.57972,0.0,575_C20DisCh.csv,379
4.11854,0.14303,9.25395,62100.0,0.0,-0.56988,0.0,575_C20DisCh.csv,379
4.11887,0.14303,9.14879,62160.0,0.0,-0.56003,0.0,575_C20DisCh.csv,379
4.11938,0.14303,9.14879,62220.0,0.0,-0.5502,0.0,575_C20DisCh.csv,379
4.11972,0.14303,9.25395,62280.0,0.0,-0.54036,0.0,575_C20DisCh.csv,379
4.12005,0.14303,9.14879,62340.0,0.0,-0.53051,0.0,575_C20DisCh.csv,379
4.12056,0.14303,9.25395,62400.0,0.0,-0.52067,0.0,575_C20DisCh.csv,379
4.1209,0.14558,9.25395,62460.0,0.0,-0.51083,0.0,575_C20DisCh.csv,379
4.12123,0.14303,9.25395,62520.0,0.0,-0.50098,0.0,575_C20DisCh.csv,379
4.12174,0.14303,9.04363,62580.0,0.0,-0.49113,0.0,575_C20DisCh.csv,379
4.12225,0.14303,8.93848,62640.0,0.0,-0.4813,0.0,575_C20DisCh.csv,379
4.12258,0.14303,8.83332,62700.0,0.0,-0.47147,0.0,575_C20DisCh.csv,379
4.12309,0.14303,8.83332,62760.0,0.0,-0.46164,0.0,575_C20DisCh.csv,379
4.12359,0.14303,8.93848,62820.0,0.0,-0.45179,0.0,575_C20DisCh.csv,379
4.1241,0.14303,8.93848,62880.0,0.0,-0.44196,0.0,575_C20DisCh.csv,379
4.12461,0.14558,8.93848,62940.0,0.0,-0.43209,0.0,575_C20DisCh.csv,379
4.12511,0.14303,9.04363,63000.0,0.0,-0.42224,0.0,575_C20DisCh.csv,379
4.12562,0.14303,9.04363,63060.0,0.0,-0.4124,0.0,575_C20DisCh.csv,379
4.12612,0.14303,9.04363,63120.0,0.0,-0.40255,0.0,575_C20DisCh.csv,379
4.12663,0.14303,9.25395,63180.0,0.0,-0.39271,0.0,575_C20DisCh.csv,379
4.12713,0.14303,9.25395,63240.0,0.0,-0.38286,0.0,575_C20DisCh.csv,379
4.12747,0.14303,9.25395,63300.0,0.0,-0.37299,0.0,575_C20DisCh.csv,379
4.12815,0.14303,9.14879,63360.0,0.0,-0.36313,0.0,575_C20DisCh.csv,379
4.12865,0.14303,9.25395,63420.0,0.0,-0.35328,0.0,575_C20DisCh.csv,379
4.12916,0.14303,9.25395,63480.0,0.0,-0.34343,0.0,575_C20DisCh.csv,379
4.12966,0.14303,9.35911,63540.0,0.0,-0.33356,0.0,575_C20DisCh.csv,379
4.13034,0.14303,9.25395,63600.0,0.0,-0.32371,0.0,575_C20DisCh.csv,379
4.13084,0.14303,9.35911,63660.0,0.0,-0.31384,0.0,575_C20DisCh.csv,379
4.13135,0.14303,9.25395,63720.0,0.0,-0.30398,0.0,575_C20DisCh.csv,379
4.13202,0.14303,9.14879,63780.0,0.0,-0.2941,0.0,575_C20DisCh.csv,379
4.1327,0.14558,8.93848,63840.0,0.0,-0.28422,0.0,575_C20DisCh.csv,379
4.13337,0.14303,8.83332,63900.0,0.0,-0.27435,0.0,575_C20DisCh.csv,379
4.13405,0.14303,8.93848,63960.0,0.0,-0.26447,0.0,575_C20DisCh.csv,379
4.13472,0.14558,8.83332,64020.0,0.0,-0.25459,0.0,575_C20DisCh.csv,379
4.13539,0.14303,8.83332,64080.0,0.0,-0.24473,0.0,575_C20DisCh.csv,379
4.13607,0.14303,8.93848,64140.0,0.0,-0.23483,0.0,575_C20DisCh.csv,379
4.13674,0.14303,9.14879,64200.0,0.0,-0.22494,0.0,575_C20DisCh.csv,379
4.13758,0.14303,9.14879,64260.0,0.0,-0.215,0.0,575_C20DisCh.csv,379
4.13826,0.14303,9.25395,64320.0,0.0,-0.2051,0.0,575_C20DisCh.csv,379
4.13893,0.14303,9.14879,64380.0,0.0,-0.19522,0.0,575_C20DisCh.csv,379
4.13978,0.14558,9.14879,64440.0,0.0,-0.18533,0.0,575_C20DisCh.csv,379
4.14045,0.14303,9.04363,64500.0,0.0,-0.17546,0.0,575_C20DisCh.csv,379
4.14129,0.14303,9.14879,64560.0,0.0,-0.16557,0.0,575_C20DisCh.csv,379
4.14214,0.14303,9.14879,64620.0,0.0,-0.15567,0.0,575_C20DisCh.csv,379
4.14281,0.14303,9.14879,64680.0,0.0,-0.14579,0.0,575_C20DisCh.csv,379
4.14365,0.14303,9.25395,64740.0,0.0,-0.13589,0.0,575_C20DisCh.csv,379
4.1445,0.14303,9.25395,64800.0,0.0,-0.126,0.0,575_C20DisCh.csv,379
4.14534,0.14303,9.25395,64860.0,0.0,-0.1161,0.0,575_C20DisCh.csv,379
4.14635,0.14303,9.25395,64920.0,0.0,-0.1062,0.0,575_C20DisCh.csv,379
4.14719,0.14303,9.14879,64980.0,0.0,-0.09628,0.0,575_C20DisCh.csv,379
4.1482,0.14303,9.04363,65040.0,0.0,-0.08638,0.0,575_C20DisCh.csv,379
4.14905,0.14303,9.04363,65100.0,0.0,-0.07648,0.0,575_C20DisCh.csv,379
4.15006,0.14303,9.14879,65160.0,0.0,-0.06656,0.0,575_C20DisCh.csv,379
4.15107,0.14303,9.14879,65220.0,0.0,-0.05653,0.0,575_C20DisCh.csv,379
4.15208,0.14303,9.14879,65280.0,0.0,-0.04658,0.0,575_C20DisCh.csv,379
4.15309,0.14303,9.25395,65340.0,0.0,-0.03668,0.0,575_C20DisCh.csv,379
4.1541,0.14558,9.25395,65400.0,0.0,-0.02677,0.0,575_C20DisCh.csv,379
4.15512,0.14558,9.25395,65460.0,0.0,-0.01683,0.0,575_C20DisCh.csv,379
4.1563,0.14303,9.04363,65520.0,0.0,-0.00691,0.0,575_C20DisCh.csv,379
4.15748,0.14303,9.04363,65580.0,0.0,0.00301,0.0,575_C20DisCh.csv,379
4.15866,0.14303,9.04363,65640.0,0.0,0.01294,0.0,575_C20DisCh.csv,379
4.15984,0.14303,9.14879,65700.0,0.0,0.02291,0.0,575_C20DisCh.csv,379
4.16102,0.14303,9.14879,65760.0,0.0,0.03285,0.0,575_C20DisCh.csv,379
4.1622,0.14303,9.25395,65820.0,0.0,0.0428,0.0,575_C20DisCh.csv,379
4.16338,0.14303,9.35911,65880.0,0.0,0.05275,0.0,575_C20DisCh.csv,379
4.16472,0.14558,9.25395,65940.0,0.0,0.06269,0.0,575_C20DisCh.csv,379
4.1659,0.14303,9.14879,66000.0,0.0,0.07262,0.0,575_C20DisCh.csv,379
4.16725,0.14303,9.04363,66060.0,0.0,0.08258,0.0,575_C20DisCh.csv,379
4.16877,0.14303,8.93848,66120.0,0.0,0.09253,0.0,575_C20DisCh.csv,379
4.17012,0.14303,9.04363,66180.0,0.0,0.10249,0.0,575_C20DisCh.csv,379
4.17163,0.14558,9.04363,66240.0,0.0,0.11244,0.0,575_C20DisCh.csv,379
4.17298,0.14303,9.14879,66300.0,0.0,0.12243,0.0,575_C20DisCh.csv,379
4.1745,0.14303,9.14879,66360.0,0.0,0.13239,0.0,575_C20DisCh.csv,379
4.17602,0.14303,9.25395,66420.0,0.0,0.14238,0.0,575_C20DisCh.csv,379
4.17753,0.14303,9.25395,66480.0,0.0,0.15236,2.4436889077773056,575_C20DisCh.csv,379
4.17905,0.14303,9.14879,66540.0,0.0,0.16234,7.522311942201446,575_C20DisCh.csv,379
4.18057,0.14303,9.04363,66600.0,0.0,0.17232,12.600934976625586,575_C20DisCh.csv,379
4.18225,0.14303,9.04363,66660.0,0.0,0.18231,17.67955801104972,575_C20DisCh.csv,379
4.18394,0.14303,9.04363,66720.0,0.0,0.1923,22.758181045473865,575_C20DisCh.csv,379
4.18563,0.14303,9.04363,66780.0,0.0,0.2023,27.836804079898,575_C20DisCh.csv,379
4.18748,0.14303,9.14879,66840.0,0.0,0.21232,32.91542711432214,575_C20DisCh.csv,379
4.18917,0.14558,9.25395,66900.0,0.0,0.22234,37.99405014874628,575_C20DisCh.csv,379
4.19102,0.14303,9.25395,66960.0,0.0,0.23236,43.07267318317042,575_C20DisCh.csv,379
4.19271,0.14303,9.25395,67020.0,0.0,0.24235,48.15129621759456,575_C20DisCh.csv,379
4.19456,0.14558,9.14879,67080.0,0.0,0.25235,53.208669783255424,575_C20DisCh.csv,379
4.19658,0.14303,8.93848,67140.0,0.0,0.26238,58.28729281767956,575_C20DisCh.csv,379
4.19844,0.14303,8.93848,67200.0,0.0,0.27239,63.3659158521037,575_C20DisCh.csv,379
4.19995,0.13537,8.93848,67260.0,0.0,0.2823,68.38079048023799,575_C20DisCh.csv,379
4.19979,0.11238,9.04363,67320.0,0.0,0.29095,72.73693157671059,575_C20DisCh.csv,379
4.19979,0.09961,9.14879,67380.0,0.0,0.29842,76.5193370165746,575_C20DisCh.csv,379
4.19995,0.0945,9.14879,67440.0,0.0,0.30511,79.91925201869952,575_C20DisCh.csv,379
4.19995,0.08429,9.35911,67500.0,0.0,0.31121,83.00042498937526,575_C20DisCh.csv,379
4.19995,0.07662,9.25395,67560.0,0.0,0.3168,85.82660433489163,575_C20DisCh.csv,379
4.19995,0.07152,9.25395,67620.0,0.0,0.32197,88.44028899277518,575_C20DisCh.csv,379
4.19995,0.06641,9.04363,67680.0,0.0,0.32679,90.8839779005525,575_C20DisCh.csv,379
4.19979,0.0613,8.93848,67740.0,0.0,0.33129,93.15767105822354,575_C20DisCh.csv,379
4.19979,0.05874,9.04363,67800.0,0.0,0.33548,95.28261793455164,575_C20DisCh.csv,379
4.19979,0.05364,9.14879,67860.0,0.0,0.3394,97.25881852953675,575_C20DisCh.csv,379
4.19979,0.05108,9.25395,67920.0,0.0,0.34308,99.12877178070548,575_C20DisCh.csv,379
4.19979,0.04853,9.25395,67949.0,0.0,0.34483,100.0,575_C20DisCh.csv,379
3.41714,2.89636,23.66067,0.0,0.0,0.16047,1.865790105388684,575_Dis_0p5C.csv,384
3.50715,2.89636,23.76583,60.0,0.0,0.3279,3.735064774161576,575_Dis_0p5C.csv,384
3.54104,2.89636,23.97615,120.0,0.0,0.49818,5.604339442934466,575_Dis_0p5C.csv,384
3.56227,2.89636,24.0813,180.0,0.0,0.66962,7.473226937998002,575_Dis_0p5C.csv,384
3.58436,2.89636,24.0813,240.0,0.0,0.84214,9.342501606770892,575_Dis_0p5C.csv,384
3.60543,2.89892,24.0813,300.0,0.0,1.01569,11.21138910183443,575_Dis_0p5C.csv,384
3.62481,2.89636,24.18646,360.0,0.0,1.19022,13.08066377060732,575_Dis_0p5C.csv,384
3.64319,2.89636,24.29162,420.0,0.0,1.36564,14.949551265670856,575_Dis_0p5C.csv,384
3.66055,2.89636,24.39678,480.0,0.0,1.54194,16.818825934443748,575_Dis_0p5C.csv,384
3.67589,2.89636,24.39678,540.0,0.0,1.71903,18.687713429507284,575_Dis_0p5C.csv,384
3.68903,2.89636,24.18646,600.0,0.0,1.89681,20.556600924570816,575_Dis_0p5C.csv,384
3.70083,2.89636,24.29162,660.0,0.0,2.07518,22.425875593343708,575_Dis_0p5C.csv,384
3.71247,2.89636,24.50194,720.0,0.0,2.25412,24.294763088407244,575_Dis_0p5C.csv,384
3.72477,2.89636,24.50194,780.0,0.0,2.43361,26.163650583470783,575_Dis_0p5C.csv,384
3.73758,2.89636,24.39678,840.0,0.0,2.61373,28.032925252243672,575_Dis_0p5C.csv,384
3.75107,2.89636,24.29162,900.0,0.0,2.79449,29.90181274730721,575_Dis_0p5C.csv,384
3.76421,2.89636,24.39678,960.0,0.0,2.97589,31.7710874160801,575_Dis_0p5C.csv,384
3.77686,2.89636,24.50194,1020.0,0.0,3.1579,33.63997491114363,575_Dis_0p5C.csv,384
3.79,2.89636,24.6071,1080.0,0.0,3.34053,35.50886240620717,575_Dis_0p5C.csv,384
3.804,2.89636,24.39678,1140.0,0.0,3.52383,37.37813707498006,575_Dis_0p5C.csv,384
3.81883,2.89636,24.39678,1200.0,0.0,3.70782,39.24702457004359,575_Dis_0p5C.csv,384
3.83501,2.89636,24.81741,1260.0,0.0,3.89255,41.11591206510713,575_Dis_0p5C.csv,384
3.85187,2.89636,24.71226,1320.0,0.0,4.07809,42.98518673388003,575_Dis_0p5C.csv,384
3.8699,2.89636,24.39678,1380.0,0.0,4.26447,44.85407422894356,575_Dis_0p5C.csv,384
3.88845,2.89636,24.39678,1440.0,0.0,4.45173,46.72334889771645,575_Dis_0p5C.csv,384
3.90682,2.89636,24.71226,1500.0,0.0,4.63989,48.59223639277999,575_Dis_0p5C.csv,384
3.92519,2.89636,24.81741,1560.0,0.0,4.82892,50.46112388784353,575_Dis_0p5C.csv,384
3.94306,2.89636,24.6071,1620.0,0.0,5.01884,52.33039855661641,575_Dis_0p5C.csv,384
3.96076,2.89636,24.50194,1680.0,0.0,5.20962,54.19967322538931,575_Dis_0p5C.csv,384
3.97812,2.89636,24.39678,1740.0,0.0,5.40126,56.06856072045285,575_Dis_0p5C.csv,384
3.99481,2.89636,24.6071,1800.0,0.0,5.59369,57.937448215516376,575_Dis_0p5C.csv,384
4.01099,2.89636,24.71226,1860.0,0.0,5.78693,59.80672288428927,575_Dis_0p5C.csv,384
4.02684,2.89636,24.6071,1920.0,0.0,5.98094,61.6756103793528,575_Dis_0p5C.csv,384
4.04285,2.89636,24.6071,1980.0,0.0,6.17573,63.5448850481257,575_Dis_0p5C.csv,384
4.0592,2.89636,24.6071,2040.0,0.0,6.37128,65.41377254318922,575_Dis_0p5C.csv,384
4.07623,2.89636,24.71226,2100.0,0.0,6.56763,67.28304721196213,575_Dis_0p5C.csv,384
4.09426,2.89636,24.71226,2160.0,0.0,6.76484,69.15193470702566,575_Dis_0p5C.csv,384
4.11365,2.89636,24.71226,2220.0,0.0,6.96295,71.02082220208919,575_Dis_0p5C.csv,384
4.13421,2.89636,24.6071,2280.0,0.0,7.16205,72.89048404457145,575_Dis_0p5C.csv,384
4.15545,2.89636,24.71226,2340.0,0.0,7.36214,74.75937153963498,575_Dis_0p5C.csv,384
4.17686,2.89636,24.71226,2400.0,0.0,7.56326,76.62864620840787,575_Dis_0p5C.csv,384
4.19759,2.89892,24.71226,2460.0,0.0,7.7654,78.4975337034714,575_Dis_0p5C.csv,384
4.19995,2.49026,24.6071,2520.0,0.0,7.95348,80.23168474767888,575_Dis_0p5C.csv,384
4.19979,2.2374,24.6071,2580.0,0.0,8.11847,81.752503078031,575_Dis_0p5C.csv,384
4.19979,2.05606,24.50194,2640.0,0.0,8.26853,83.13587474156155,575_Dis_0p5C.csv,384
4.19979,1.91814,24.50194,2700.0,0.0,8.40752,84.41703254582202,575_Dis_0p5C.csv,384
4.19979,1.80576,24.50194,2760.0,0.0,8.53775,85.61765821853633,575_Dis_0p5C.csv,384
4.19979,1.70359,24.39678,2820.0,0.0,8.66055,86.74975414469456,575_Dis_0p5C.csv,384
4.19979,1.6142,24.29162,2880.0,0.0,8.77663,87.81990227735577,575_Dis_0p5C.csv,384
4.19979,1.52736,24.29162,2940.0,0.0,8.88656,88.83313587474156,575_Dis_0p5C.csv,384
4.19979,1.44563,24.0813,3000.0,0.0,8.99057,89.79216515281747,575_Dis_0p5C.csv,384
4.19979,1.36134,24.0813,3060.0,0.0,9.08882,90.69815163271151,575_Dis_0p5C.csv,384
4.19979,1.27961,24.0813,3120.0,0.0,9.18133,91.55070814071442,575_Dis_0p5C.csv,384
4.19979,1.20043,24.0813,3180.0,0.0,9.26816,92.35138337166352,575_Dis_0p5C.csv,384
4.19979,1.11615,24.0813,3240.0,0.0,9.34924,93.09862863072146,575_Dis_0p5C.csv,384
4.19979,1.03697,24.0813,3300.0,0.0,9.42461,93.79360543901628,575_Dis_0p5C.csv,384
4.19979,0.95268,23.97615,3360.0,0.0,9.49416,94.43476510171054,575_Dis_0p5C.csv,384
4.19979,0.87351,23.97615,3420.0,0.0,9.55805,95.02365631364168,575_Dis_0p5C.csv,384
4.19979,0.79688,23.87099,3480.0,0.0,9.61637,95.56144059593775,575_Dis_0p5C.csv,384
4.19979,0.71771,23.87099,3540.0,0.0,9.66931,96.0492794697269,575_Dis_0p5C.csv,384
4.19979,0.64874,23.87099,3600.0,0.0,9.71709,96.48988315097452,575_Dis_0p5C.csv,384
4.19979,0.57978,23.87099,3660.0,0.0,9.76007,96.88596185564616,575_Dis_0p5C.csv,384
4.19979,0.51849,23.87099,3720.0,0.0,9.79855,97.24100014712602,575_Dis_0p5C.csv,384
4.19979,0.46229,23.87099,3780.0,0.0,9.83289,97.55732106767022,575_Dis_0p5C.csv,384
4.19979,0.41121,23.76583,3840.0,0.0,9.86347,97.83957070179106,575_Dis_0p5C.csv,384
4.19979,0.36524,23.66067,3900.0,0.0,9.89065,98.09007209174467,575_Dis_0p5C.csv,384
4.19979,0.32693,23.66067,3960.0,0.0,9.91484,98.313084148334,575_Dis_0p5C.csv,384
4.19979,0.28861,23.66067,4020.0,0.0,9.93638,98.51131708752447,575_Dis_0p5C.csv,384
4.19979,0.25797,23.76583,4080.0,0.0,9.95552,98.68786829899102,575_Dis_0p5C.csv,384
4.19979,0.22987,23.76583,4140.0,0.0,9.97253,98.84467365128036,575_Dis_0p5C.csv,384
4.19979,0.20433,23.66067,4200.0,0.0,9.98769,98.98444336035806,575_Dis_0p5C.csv,384
4.19979,0.18134,23.66067,4260.0,0.0,10.00123,99.1095004684802,575_Dis_0p5C.csv,384
4.19979,0.16346,23.66067,4320.0,0.0,10.01335,99.22100649677483,575_Dis_0p5C.csv,384
4.19979,0.14814,23.66067,4380.0,0.0,10.02423,99.32128448749816,575_Dis_0p5C.csv,384
4.19979,0.13281,23.66067,4440.0,0.0,10.03401,99.4114959617782,575_Dis_0p5C.csv,384
4.19979,0.12004,23.76583,4500.0,0.0,10.04283,99.49280244074303,575_Dis_0p5C.csv,384
4.19979,0.10727,23.66067,4560.0,0.0,10.05081,99.5663654455208,575_Dis_0p5C.csv,384
4.19979,0.09961,23.66067,4620.0,0.0,10.05802,99.6329593235301,575_Dis_0p5C.csv,384
4.19979,0.08939,23.66067,4680.0,0.0,10.06461,99.69374559589906,575_Dis_0p5C.csv,384
4.19979,0.08173,23.55551,4740.0,0.0,10.07062,99.74911143633705,575_Dis_0p5C.csv,384
4.19979,0.07407,23.76583,4800.0,0.0,10.07608,99.79944401855336,575_Dis_0p5C.csv,384
4.19979,0.06896,23.76583,4860.0,0.0,10.0811,99.84551768996678,575_Dis_0p5C.csv,384
4.19979,0.06385,23.76583,4920.0,0.0,10.08571,99.888106797996,575_Dis_0p5C.csv,384
4.19979,0.05874,23.55551,4980.0,0.0,10.08997,99.92759851635036,575_Dis_0p5C.csv,384
4.19979,0.05364,23.55551,5040.0,0.0,10.0939,99.9636056713205,575_Dis_0p5C.csv,384
4.19979,0.05108,23.66067,5100.0,0.0,10.09756,99.9972897840345,575_Dis_0p5C.csv,384
4.19979,0.04853,23.66067,5105.0,0.0,10.09785,100.0,575_Dis_0p5C.csv,384
3.49788,2.89636,23.66067,0.0,0.0,0.16574,1.9322685240783,575_Dis_2C.csv,389
3.5466,2.89636,23.66067,60.0,0.0,0.33605,3.8649373523878143,575_Dis_2C.csv,389
3.57087,2.89636,23.76583,120.0,0.0,0.50785,5.797205876466115,575_Dis_2C.csv,389
3.59464,2.89636,23.97615,180.0,0.0,0.68081,7.729874704775629,575_Dis_2C.csv,389
3.61638,2.89636,24.0813,240.0,0.0,0.85486,9.66214322885393,575_Dis_2C.csv,389
3.63594,2.89636,24.18646,300.0,0.0,1.02992,11.59441175293223,575_Dis_2C.csv,389
3.65448,2.89636,24.18646,360.0,0.0,1.20589,13.526680277010527,575_Dis_2C.csv,389
3.67117,2.89636,24.0813,420.0,0.0,1.38272,15.459349105320042,575_Dis_2C.csv,389
3.68533,2.89636,24.18646,480.0,0.0,1.56029,17.391617629398343,575_Dis_2C.csv,389
3.69729,2.89636,24.39678,540.0,0.0,1.73849,19.32428645770786,575_Dis_2C.csv,389
3.70876,2.89636,24.50194,600.0,0.0,1.91726,21.256955286017376,575_Dis_2C.csv,389
3.72089,2.89636,24.50194,660.0,0.0,2.09658,23.189223810095672,575_Dis_2C.csv,389
3.7337,2.89636,24.18646,720.0,0.0,2.27652,25.12149233417397,575_Dis_2C.csv,389
3.74719,2.89636,24.29162,780.0,0.0,2.45708,27.054161162483485,575_Dis_2C.csv,389
3.76051,2.89636,24.50194,840.0,0.0,2.6383,28.986429686561788,575_Dis_2C.csv,389
3.77332,2.89636,24.6071,900.0,0.0,2.82014,30.918698210640084,575_Dis_2C.csv,389
3.7863,2.89636,24.18646,960.0,0.0,3.00261,32.8513670389496,575_Dis_2C.csv,389
3.80012,2.89636,24.39678,1020.0,0.0,3.18572,34.7836355630279,575_Dis_2C.csv,389
3.81462,2.89636,24.6071,1080.0,0.0,3.3695,36.71630439133742,575_Dis_2C.csv,389
3.83029,2.89636,24.6071,1140.0,0.0,3.55402,38.64857291541572,575_Dis_2C.csv,389
3.84715,2.89636,24.39678,1200.0,0.0,3.73933,40.580841439494016,575_Dis_2C.csv,389
3.86502,2.89636,24.39678,1260.0,0.0,3.92549,42.51351026780353,575_Dis_2C.csv,389
3.88339,2.89636,24.6071,1320.0,0.0,4.11252,44.44577879188184,575_Dis_2C.csv,389
3.90193,2.89892,24.6071,1380.0,0.0,4.30043,46.37844762019135,575_Dis_2C.csv,389
3.92031,2.89636,24.6071,1440.0,0.0,4.48923,48.31071614426964,575_Dis_2C.csv,389
3.93834,2.89636,24.6071,1500.0,0.0,4.67892,50.243384972579165,575_Dis_2C.csv,389
3.95621,2.89636,24.50194,1560.0,0.0,4.86946,52.17565349665746,575_Dis_2C.csv,389
3.97357,2.89636,24.50194,1620.0,0.0,5.06086,54.10792202073576,575_Dis_2C.csv,389
3.99043,2.89636,24.6071,1680.0,0.0,5.2531,56.04059084904528,575_Dis_2C.csv,389
4.00678,2.89636,24.71226,1740.0,0.0,5.44613,57.972859373123576,575_Dis_2C.csv,389
4.02279,2.89636,24.6071,1800.0,0.0,5.63995,59.90512789720188,575_Dis_2C.csv,389
4.03881,2.89636,24.6071,1860.0,0.0,5.83453,61.83779672551138,575_Dis_2C.csv,389
4.05499,2.89636,24.50194,1920.0,0.0,6.02988,63.77006524958969,575_Dis_2C.csv,389
4.07184,2.89636,24.71226,1980.0,0.0,6.22604,65.7027340778992,575_Dis_2C.csv,389
4.08971,2.89636,24.71226,2040.0,0.0,6.42303,67.6350026019775,575_Dis_2C.csv,389
4.10876,2.89636,24.81741,2100.0,0.0,6.62091,69.56767143028702,575_Dis_2C.csv,389
4.12899,2.89636,24.71226,2160.0,0.0,6.81974,71.49993995436532,575_Dis_2C.csv,389
4.15023,2.89636,24.6071,2220.0,0.0,7.01957,73.43220847844361,575_Dis_2C.csv,389
4.17163,2.89892,24.6071,2280.0,0.0,7.22044,75.36487730675313,575_Dis_2C.csv,389
4.19271,2.89636,24.6071,2340.0,0.0,7.42233,77.29714583083144,575_Dis_2C.csv,389
4.19995,2.56688,24.71226,2400.0,0.0,7.61649,79.14855290020415,575_Dis_2C.csv,389
4.19995,2.28849,24.71226,2460.0,0.0,7.78579,80.76217925623475,575_Dis_2C.csv,389
4.19995,2.09437,24.6071,2520.0,0.0,7.93879,82.22048757055363,575_Dis_2C.csv,389
4.19979,1.94623,24.6071,2580.0,0.0,8.07997,83.56591009166966,575_Dis_2C.csv,389
4.19979,1.82875,24.39678,2640.0,0.0,8.21201,84.82446659461192,575_Dis_2C.csv,389
4.19979,1.72658,24.29162,2700.0,0.0,8.33637,86.00976742324167,575_Dis_2C.csv,389
4.19979,1.63208,24.39678,2760.0,0.0,8.45385,87.12981866218325,575_Dis_2C.csv,389
4.19979,1.54524,24.29162,2820.0,0.0,8.56509,88.1898242664425,575_Dis_2C.csv,389
4.19979,1.46606,24.18646,2880.0,0.0,8.67037,89.1933869741003,575_Dis_2C.csv,389
4.19979,1.37922,24.18646,2940.0,0.0,8.76988,90.14170769785036,575_Dis_2C.csv,389
4.19979,1.30004,24.0813,3000.0,0.0,8.86367,91.03598735038628,575_Dis_2C.csv,389
4.19979,1.21831,24.0813,3060.0,0.0,8.95181,91.87582562747689,575_Dis_2C.csv,389
4.19979,1.13658,24.0813,3120.0,0.0,9.03425,92.66162283335332,575_Dis_2C.csv,389
4.19979,1.05485,24.0813,3180.0,0.0,9.11103,93.3933789680157,575_Dis_2C.csv,389
4.19979,0.97312,23.87099,3240.0,0.0,9.18201,94.06989311877024,575_Dis_2C.csv,389
4.19979,0.89139,23.97615,3300.0,0.0,9.2473,94.69236619831072,575_Dis_2C.csv,389
4.19979,0.81476,23.97615,3360.0,0.0,9.307,95.26159881509948,575_Dis_2C.csv,389
4.19979,0.73814,23.87099,3420.0,0.0,9.36128,95.7787918818302,575_Dis_2C.csv,389
4.19979,0.66662,23.76583,3480.0,0.0,9.4104,96.24714783235258,575_Dis_2C.csv,389
4.19979,0.59766,23.76583,3540.0,0.0,9.45464,96.66866818782276,575_Dis_2C.csv,389
4.19979,0.53381,23.87099,3600.0,0.0,9.49428,97.0465553820904,575_Dis_2C.csv,389
4.19979,0.47762,23.87099,3660.0,0.0,9.52974,97.38441215323648,575_Dis_2C.csv,389
4.19979,0.42654,23.76583,3720.0,0.0,9.56134,97.68584123934193,575_Dis_2C.csv,389
4.19979,0.37801,23.76583,3780.0,0.0,9.58949,97.95404507425644,575_Dis_2C.csv,389
4.19979,0.33459,23.66067,3840.0,0.0,9.61448,98.19222609182978,575_Dis_2C.csv,389
4.19979,0.29883,23.76583,3900.0,0.0,9.63669,98.4039870301429,575_Dis_2C.csv,389
4.19979,0.26563,23.87099,3960.0,0.0,9.65644,98.5921300188143,575_Dis_2C.csv,389
4.19979,0.23753,23.87099,4020.0,0.0,9.67403,98.7598574916937,575_Dis_2C.csv,389
4.19979,0.21199,23.66067,4080.0,0.0,9.68972,98.90917096993716,575_Dis_2C.csv,389
4.19979,0.189,23.55551,4140.0,0.0,9.70373,99.04287258316322,575_Dis_2C.csv,389
4.19979,0.16857,23.76583,4200.0,0.0,9.71624,99.1621632440655,575_Dis_2C.csv,389
4.19979,0.15325,23.87099,4260.0,0.0,9.72749,99.2694447780313,575_Dis_2C.csv,389
4.19979,0.13792,23.55551,4320.0,0.0,9.73762,99.3659180977543,575_Dis_2C.csv,389
4.19979,0.1226,23.55551,4380.0,0.0,9.74674,99.45278411592813,575_Dis_2C.csv,389
4.19979,0.11238,23.76583,4440.0,0.0,9.75495,99.5312437452464,575_Dis_2C.csv,389
4.19979,0.10216,23.87099,4500.0,0.0,9.7624,99.60209759417158,575_Dis_2C.csv,389
4.19979,0.09195,23.87099,4560.0,0.0,9.76916,99.6665465753973,575_Dis_2C.csv,389
4.19979,0.08429,23.66067,4620.0,0.0,9.77534,99.725391297386,575_Dis_2C.csv,389
4.19979,0.07662,23.55551,4680.0,0.0,9.78096,99.7790320643689,575_Dis_2C.csv,389
4.19979,0.07152,23.76583,4740.0,0.0,9.7861,99.82786918057724,575_Dis_2C.csv,389
4.19979,0.06385,23.87099,4800.0,0.0,9.79083,99.87310355870464,575_Dis_2C.csv,389
4.19979,0.05874,23.76583,4860.0,0.0,9.79516,99.91433489451984,575_Dis_2C.csv,389
4.19979,0.05619,23.66067,4920.0,0.0,9.79919,99.95276410071654,575_Dis_2C.csv,389
4.19979,0.05108,23.55551,4980.0,0.0,9.80294,99.98839117729474,575_Dis_2C.csv,389
4.19979,0.04853,23.55551,5001.0,0.0,9.80416,100.0,575_Dis_2C.csv,389
3.38966,2.89636,23.45035,0.0,0.0,0.15869,1.8462186805608765,575_HPPC.csv,592
3.49181,2.89636,23.66067,60.0,0.0,0.32506,3.6958853727683705,575_HPPC.csv,592
3.5348,2.89636,24.0813,120.0,0.0,0.49486,5.545168952570685,575_HPPC.csv,592
3.55503,2.89636,24.18646,180.0,0.0,0.66599,7.394452532372998,575_HPPC.csv,592
3.57694,2.89636,24.0813,240.0,0.0,0.83813,9.244119224580492,575_HPPC.csv,592
3.59801,2.89636,24.18646,300.0,0.0,1.0116,11.096467703624244,575_HPPC.csv,592
3.6179,2.89636,24.0813,360.0,0.0,1.18578,12.945751283426556,575_HPPC.csv,592
3.63627,2.89636,24.29162,420.0,0.0,1.36087,14.79541797563405,575_HPPC.csv,592
3.65397,2.89636,24.39678,480.0,0.0,1.53685,16.644701555436367,575_HPPC.csv,592
3.67016,2.89636,24.39678,540.0,0.0,1.71366,18.494368247643862,575_HPPC.csv,592
3.68415,2.89636,24.39678,600.0,0.0,1.89088,20.340586928204736,575_HPPC.csv,592
3.69611,2.89636,24.29162,660.0,0.0,2.06933,22.193318519653666,575_HPPC.csv,592
3.70758,2.89636,24.50194,720.0,0.0,2.24803,24.04298521186116,575_HPPC.csv,592
3.71938,2.89636,24.50194,780.0,0.0,2.4273,25.89226879166348,575_HPPC.csv,592
3.73202,2.89636,24.39678,840.0,0.0,2.60715,27.74155237146579,575_HPPC.csv,592
3.74517,2.89636,24.39678,900.0,0.0,2.78734,29.588154164431845,575_HPPC.csv,592
3.75831,2.89636,24.39678,960.0,0.0,2.96875,31.440502643475597,575_HPPC.csv,592
3.77113,2.89636,24.50194,1020.0,0.0,3.1505,33.290169335683096,575_HPPC.csv,592
3.78394,2.89636,24.50194,1080.0,0.0,3.33256,35.136771128649144,575_HPPC.csv,592
3.79742,2.89636,24.50194,1140.0,0.0,3.51555,36.98605470845146,575_HPPC.csv,592
3.81175,2.89636,24.6071,1200.0,0.0,3.69921,38.83533828825377,575_HPPC.csv,592
3.82726,2.89636,24.50194,1260.0,0.0,3.88389,40.68806987970271,575_HPPC.csv,592
3.84395,2.89636,24.50194,1320.0,0.0,4.06905,42.53735345950502,575_HPPC.csv,592
3.86131,2.89636,24.6071,1380.0,0.0,4.25503,44.38702015171251,575_HPPC.csv,592
3.87951,2.89636,24.6071,1440.0,0.0,4.44187,46.23630373151483,575_HPPC.csv,592
3.89789,2.89636,24.50194,1500.0,0.0,4.62929,48.08290552448089,575_HPPC.csv,592
3.91626,2.89636,24.6071,1560.0,0.0,4.81821,49.93525400352464,575_HPPC.csv,592
3.93463,2.89636,24.6071,1620.0,0.0,5.00739,51.78147268408551,575_HPPC.csv,592
3.95233,2.89636,24.71226,1680.0,0.0,5.19807,53.63420427553445,575_HPPC.csv,592
3.96969,2.89636,24.6071,1740.0,0.0,5.38897,55.480422956095325,575_HPPC.csv,592
3.98672,2.89636,24.6071,1800.0,0.0,5.58103,57.33008964830282,575_HPPC.csv,592
4.00307,2.89636,24.71226,1860.0,0.0,5.7742,59.18243812734657,575_HPPC.csv,592
4.01925,2.89636,24.71226,1920.0,0.0,5.96784,61.03172170714889,575_HPPC.csv,592
4.0351,2.89636,24.71226,1980.0,0.0,6.16193,62.87832350011494,575_HPPC.csv,592
4.05128,2.89636,24.6071,2040.0,0.0,6.35743,64.7306719791587,575_HPPC.csv,592
4.0678,2.89892,24.71226,2100.0,0.0,6.55307,66.57727377212474,575_HPPC.csv,592
4.08533,2.89636,24.71226,2160.0,0.0,6.7502,68.4296222511685,575_HPPC.csv,592
4.10404,2.89636,24.71226,2220.0,0.0,6.94786,70.27928894337599,575_HPPC.csv,592
4.1241,2.89636,24.81741,2280.0,0.0,7.14613,72.12550762393687,575_HPPC.csv,592
4.145,2.89636,24.71226,2340.0,0.0,7.34572,73.97517431614436,575_HPPC.csv,592
4.16641,2.89636,24.6071,2400.0,0.0,7.54665,75.8275227951881,575_HPPC.csv,592
4.18731,2.89636,24.81741,2460.0,0.0,7.74829,77.67680637499042,575_HPPC.csv,592
4.19995,2.67416,24.81741,2520.0,0.0,7.94754,79.49620718718872,575_HPPC.csv,592
4.19995,2.35489,24.71226,2580.0,0.0,8.12258,81.09263657957246,575_HPPC.csv,592
4.19979,2.14035,24.6071,2640.0,0.0,8.27956,82.52471075013409,575_HPPC.csv,592
4.19979,1.98199,24.71226,2700.0,0.0,8.42362,83.83878629990039,575_HPPC.csv,592
4.19979,1.85939,24.6071,2760.0,0.0,8.55779,85.06283043444948,575_HPPC.csv,592
4.19979,1.75468,24.50194,2820.0,0.0,8.68439,86.21753122366103,575_HPPC.csv,592
4.19979,1.65762,24.39678,2880.0,0.0,8.80375,87.30633667918167,575_HPPC.csv,592
4.19979,1.56823,24.18646,2940.0,0.0,8.91646,88.33461037468393,575_HPPC.csv,592
4.19979,1.48394,24.50194,3000.0,0.0,9.02349,89.31078078308175,575_HPPC.csv,592
4.19979,1.40476,24.29162,3060.0,0.0,9.12448,90.23216611753888,575_HPPC.csv,592
4.19979,1.32558,24.29162,3120.0,0.0,9.22019,91.10527928894338,575_HPPC.csv,592
4.19979,1.24385,23.97615,3180.0,0.0,9.31012,91.92552294843308,575_HPPC.csv,592
4.19979,1.16212,23.97615,3240.0,0.0,9.39432,92.69366332081836,575_HPPC.csv,592
4.19979,1.08039,23.97615,3300.0,0.0,9.47276,93.40931729369396,575_HPPC.csv,592
4.19979,0.99866,24.18646,3360.0,0.0,9.54553,94.07325109187036,575_HPPC.csv,592
4.19979,0.91948,24.18646,3420.0,0.0,9.61265,94.68546471534748,575_HPPC.csv,592
4.19979,0.8403,23.87099,3480.0,0.0,9.6743,95.24787372615124,575_HPPC.csv,592
4.19979,0.76113,23.66067,3540.0,0.0,9.73048,95.76009501187649,575_HPPC.csv,592
4.19979,0.68706,23.87099,3600.0,0.0,9.78113,96.22251168492836,575_HPPC.csv,592
4.19979,0.62065,24.0813,3660.0,0.0,9.82695,96.64010420657422,575_HPPC.csv,592
4.19979,0.5568,23.97615,3720.0,0.0,9.86811,97.01593747605548,575_HPPC.csv,592
4.19979,0.49805,23.87099,3780.0,0.0,9.90497,97.35192705539804,575_HPPC.csv,592
4.19979,0.44442,23.55551,3840.0,0.0,9.9379,97.65228718105892,575_HPPC.csv,592
4.19979,0.39333,23.66067,3900.0,0.0,9.9672,97.91969963987434,575_HPPC.csv,592
4.19979,0.34991,23.87099,3960.0,0.0,9.99328,98.15761244349092,575_HPPC.csv,592
4.19979,0.31416,23.87099,4020.0,0.0,10.01656,98.36985671596048,575_HPPC.csv,592
4.19979,0.2784,23.87099,4080.0,0.0,10.0373,98.55911424411924,575_HPPC.csv,592
4.19979,0.24775,23.76583,4140.0,0.0,10.05577,98.72768370239828,575_HPPC.csv,592
4.19979,0.22221,23.55551,4200.0,0.0,10.07219,98.87748065282356,575_HPPC.csv,592
4.19979,0.19922,23.55551,4260.0,0.0,10.08687,99.01118688223124,575_HPPC.csv,592
4.19979,0.17623,23.66067,4320.0,0.0,10.09995,99.1307179526473,575_HPPC.csv,592
4.19979,0.15836,23.87099,4380.0,0.0,10.11171,99.23798942609764,575_HPPC.csv,592
4.19979,0.14303,23.87099,4440.0,0.0,10.12231,99.33453375220292,575_HPPC.csv,592
4.19979,0.13026,23.76583,4500.0,0.0,10.13183,99.42150026817868,575_HPPC.csv,592
4.19979,0.11749,23.66067,4560.0,0.0,10.14047,99.50042142364572,575_HPPC.csv,592
4.19979,0.10727,23.76583,4620.0,0.0,10.14831,99.57168033100912,575_HPPC.csv,592
4.19979,0.09706,23.97615,4680.0,0.0,10.15539,99.63642632748449,575_HPPC.csv,592
4.19979,0.08684,23.76583,4740.0,0.0,10.16184,99.69504252547698,575_HPPC.csv,592
4.19979,0.08173,23.66067,4800.0,0.0,10.16772,99.74906137460732,575_HPPC.csv,592
4.19979,0.07407,23.55551,4860.0,0.0,10.17312,99.79809976247031,575_HPPC.csv,592
4.19979,0.06896,23.66067,4920.0,0.0,10.17809,99.84330702628152,575_HPPC.csv,592
4.19979,0.0613,23.76583,4980.0,0.0,10.18266,99.88506627844612,575_HPPC.csv,592
4.19979,0.05874,23.76583,5040.0,0.0,10.18687,99.92376063136923,575_HPPC.csv,592
4.19979,0.05364,23.55551,5100.0,0.0,10.19078,99.95939008505096,575_HPPC.csv,592
4.19979,0.05108,23.55551,5160.0,0.0,10.19443,99.9927208643016,575_HPPC.csv,592
4.19979,0.04853,23.66067,5174.0,0.0,10.19524,100.0,575_HPPC.csv,592
3.46248,2.99853,23.55551,0.0,0.0,0.16914,1.963920138629657,576_Charge2.csv,604
3.53429,2.99853,23.66067,60.0,0.0,0.34428,3.927840277259314,576_Charge2.csv,604
3.5589,2.99853,23.76583,120.0,0.0,0.52156,5.891367474684764,576_Charge2.csv,604
3.58301,2.99853,23.87099,180.0,0.0,0.70004,7.855680554518628,576_Charge2.csv,604
3.60576,2.99853,24.0813,240.0,0.0,0.87968,9.819207751944075,576_Charge2.csv,604
3.62667,2.99853,24.0813,300.0,0.0,1.06042,11.783127890573736,576_Charge2.csv,604
3.64622,2.99853,24.0813,360.0,0.0,1.24217,13.747048029203391,576_Charge2.csv,604
3.66442,2.99853,24.18646,420.0,0.0,1.42486,15.710575226628842,576_Charge2.csv,604
3.6801,2.99853,24.29162,480.0,0.0,1.6084,17.674495365258498,576_Charge2.csv,604
3.69325,2.99853,24.18646,540.0,0.0,1.79266,19.638415503888154,576_Charge2.csv,604
3.70539,2.99853,24.18646,600.0,0.0,1.97754,21.60233564251781,576_Charge2.csv,604
3.71769,2.99853,24.39678,660.0,0.0,2.16303,23.56586283994326,576_Charge2.csv,604
3.73067,2.99853,24.39678,720.0,0.0,2.34914,25.52978297857292,576_Charge2.csv,604
3.74432,2.99853,24.39678,780.0,0.0,2.53594,27.49370311720258,576_Charge2.csv,604
3.75815,2.99853,24.29162,840.0,0.0,2.72342,29.45762325583223,576_Charge2.csv,604
3.77163,2.99853,24.39678,900.0,0.0,2.91158,31.421150453257685,576_Charge2.csv,604
3.78478,2.99853,24.50194,960.0,0.0,3.1004,33.38507059188734,576_Charge2.csv,604
3.79877,2.99853,24.50194,1020.0,0.0,3.28989,35.348990730516995,576_Charge2.csv,604
3.8136,2.99853,24.50194,1080.0,0.0,3.48011,37.31251792794245,576_Charge2.csv,604
3.82962,2.99853,24.39678,1140.0,0.0,3.67109,39.276438066572105,576_Charge2.csv,604
3.84698,2.99853,24.6071,1200.0,0.0,3.86292,41.24035820520176,576_Charge2.csv,604
3.86518,2.99853,24.6071,1260.0,0.0,4.05563,43.20388540262721,576_Charge2.csv,604
3.88406,2.99853,24.50194,1320.0,0.0,4.24928,45.16780554125687,576_Charge2.csv,604
3.90345,2.99853,24.39678,1380.0,0.0,4.44388,47.13172567988652,576_Charge2.csv,604
3.92267,2.99853,24.71226,1440.0,0.0,4.63945,49.09564581851618,576_Charge2.csv,604
3.94154,2.99853,24.71226,1500.0,0.0,4.83596,51.05917301594162,576_Charge2.csv,604
3.95992,2.99853,24.6071,1560.0,0.0,5.03339,53.023093154571285,576_Charge2.csv,604
3.97812,2.99853,24.50194,1620.0,0.0,5.23176,54.98701329320095,576_Charge2.csv,604
3.99565,2.99853,24.71226,1680.0,0.0,5.431,56.9505404906264,576_Charge2.csv,604
4.01251,2.99853,24.71226,1740.0,0.0,5.63113,58.91446062925605,576_Charge2.csv,604
4.0292,2.99853,24.71226,1800.0,0.0,5.8321,60.8783807678857,576_Charge2.csv,604
4.04589,2.99853,24.50194,1860.0,0.0,6.03388,62.84230090651537,576_Charge2.csv,604
4.06291,2.99853,24.71226,1920.0,0.0,6.2365,64.80622104514502,576_Charge2.csv,604
4.08044,2.99853,24.81741,1980.0,0.0,6.43999,66.77014118377468,576_Charge2.csv,604
4.09915,2.99853,24.81741,2040.0,0.0,6.6444,68.73406132240434,576_Charge2.csv,604
4.11938,2.99853,24.81741,2100.0,0.0,6.84974,70.6975885198298,576_Charge2.csv,604
4.14079,2.99853,24.81741,2160.0,0.0,7.05615,72.66150865845944,576_Charge2.csv,604
4.16304,2.99853,24.71226,2220.0,0.0,7.26364,74.62503585588489,576_Charge2.csv,604
4.18512,2.99853,24.81741,2280.0,0.0,7.47224,76.58895599451454,576_Charge2.csv,604
4.19995,2.78909,24.81741,2340.0,0.0,7.67932,78.52851377848333,576_Charge2.csv,604
4.19995,2.43662,24.81741,2400.0,0.0,7.86114,80.2299491927023,576_Charge2.csv,604
4.19995,2.20165,24.71226,2460.0,0.0,8.02304,81.74434459371844,576_Charge2.csv,604
4.19979,2.02797,24.50194,2520.0,0.0,8.17077,83.12671175012083,576_Charge2.csv,604
4.19979,1.89515,24.50194,2580.0,0.0,8.30787,84.4092718406545,576_Charge2.csv,604
4.19979,1.78277,24.50194,2640.0,0.0,8.43648,85.61285074914242,576_Charge2.csv,604
4.19979,1.68571,24.39678,2700.0,0.0,8.5578,86.747664946894,576_Charge2.csv,604
4.19979,1.59377,24.39678,2760.0,0.0,8.67257,87.82157325799342,576_Charge2.csv,604
4.19979,1.51204,24.18646,2820.0,0.0,8.78119,88.8377192120743,576_Charge2.csv,604
4.19979,1.4252,24.18646,2880.0,0.0,8.88393,89.79924633877033,576_Charge2.csv,604
4.19979,1.34602,24.0813,2940.0,0.0,8.98093,90.70654757928573,576_Charge2.csv,604
4.19979,1.26429,24.0813,3000.0,0.0,9.07234,91.5619805808457,576_Charge2.csv,604
4.19979,1.18255,23.97615,3060.0,0.0,9.15806,92.36397357863343,576_Charge2.csv,604
4.19979,1.10338,23.97615,3120.0,0.0,9.23807,93.11252657264892,576_Charge2.csv,604
4.19979,1.01909,23.97615,3180.0,0.0,9.31236,93.8076395628922,576_Charge2.csv,604
4.19979,0.93991,23.97615,3240.0,0.0,9.38093,94.44931254936324,576_Charge2.csv,604
4.19979,0.85818,23.97615,3300.0,0.0,9.44386,95.03793847326624,576_Charge2.csv,604
4.19979,0.78156,23.97615,3360.0,0.0,9.50122,95.57469615821384,576_Charge2.csv,604
4.19979,0.70749,23.87099,3420.0,0.0,9.55328,96.06155031022708,576_Charge2.csv,604
4.19979,0.63597,23.87099,3480.0,0.0,9.60027,96.5012515177354,576_Charge2.csv,604
4.19979,0.56957,23.87099,3540.0,0.0,9.64252,96.89655036916828,576_Charge2.csv,604
4.19979,0.51082,23.87099,3600.0,0.0,9.68033,97.25059039415932,576_Charge2.csv,604
4.19979,0.45463,23.87099,3660.0,0.0,9.71413,97.56651512234224,576_Charge2.csv,604
4.19979,0.4061,23.76583,3720.0,0.0,9.74424,97.8482539657591,576_Charge2.csv,604
4.19979,0.36013,23.76583,3780.0,0.0,9.77102,98.09895045404356,576_Charge2.csv,604
4.19979,0.31926,23.76583,3840.0,0.0,9.7948,98.32135517562509,576_Charge2.csv,604
4.19979,0.28606,23.87099,3900.0,0.0,9.81597,98.5193975425457,576_Charge2.csv,604
4.19979,0.25286,23.76583,3960.0,0.0,9.83481,98.69582814323492,576_Charge2.csv,604
4.19979,0.22732,23.66067,4020.0,0.0,9.85157,98.85261168371376,576_Charge2.csv,604
4.19979,0.20177,23.66067,4080.0,0.0,9.86652,98.99249875241168,576_Charge2.csv,604
4.19979,0.17879,23.76583,4140.0,0.0,9.87987,99.11745405534973,576_Charge2.csv,604
4.19979,0.16091,23.76583,4200.0,0.0,9.89184,99.22944229854888,576_Charge2.csv,604
4.19979,0.14558,23.66067,4260.0,0.0,9.9026,99.330035246826,576_Charge2.csv,604
4.19979,0.13026,23.66067,4320.0,0.0,9.91225,99.42041172379378,576_Charge2.csv,604
4.19979,0.11749,23.87099,4380.0,0.0,9.92096,99.50175055306477,576_Charge2.csv,604
4.19979,0.10727,23.76583,4440.0,0.0,9.92884,99.5756234994558,576_Charge2.csv,604
4.19979,0.09706,23.55551,4500.0,0.0,9.93599,99.64242350417108,576_Charge2.csv,604
4.19979,0.08939,23.55551,4560.0,0.0,9.94249,99.70332939082326,576_Charge2.csv,604
4.19979,0.08173,23.97615,4620.0,0.0,9.9484,99.75834115941232,576_Charge2.csv,604
4.19979,0.07407,23.87099,4680.0,0.0,9.95382,99.80903057475513,576_Charge2.csv,604
4.19979,0.06896,23.45035,4740.0,0.0,9.95876,99.8553976368516,576_Charge2.csv,604
4.19979,0.0613,23.55551,4800.0,0.0,9.96332,99.89822822811024,576_Charge2.csv,604
4.19979,0.05874,23.66067,4860.0,0.0,9.96753,99.937522348531,576_Charge2.csv,604
4.19979,0.05364,23.76583,4920.0,0.0,9.9714,99.97367293931808,576_Charge2.csv,604
4.19979,0.04853,23.76583,4966.0,0.0,9.9742,100.0,576_Charge2.csv,604
3.41697,2.99853,23.87099,0.0,0.0,0.16647,1.8059859256899595,549_Charge.csv,631
3.4967,2.99853,23.97615,60.0,0.0,0.33948,3.615229793518867,549_Charge.csv,631
3.52468,2.99853,24.29162,120.0,0.0,0.51507,5.424473661347775,549_Charge.csv,631
3.54457,3.00108,24.50194,180.0,0.0,0.6917,7.233355535605687,549_Charge.csv,631
3.56497,2.99853,24.50194,240.0,0.0,0.86937,9.042599403434595,549_Charge.csv,631
3.58469,2.99853,24.50194,300.0,0.0,1.04805,10.8518432712635,549_Charge.csv,631
3.60324,2.99853,24.6071,360.0,0.0,1.22766,12.66108713909241,549_Charge.csv,631
3.62077,2.99853,24.71226,420.0,0.0,1.40818,14.470331006921317,549_Charge.csv,631
3.63762,2.99853,24.92257,480.0,0.0,1.58959,16.279574874750224,549_Charge.csv,631
3.65364,2.99853,24.81741,540.0,0.0,1.77178,18.08881874257913,549_Charge.csv,631
3.6678,2.99853,24.71226,600.0,0.0,1.95474,19.89770061683704,549_Charge.csv,631
3.68027,2.99853,24.81741,660.0,0.0,2.13836,21.706944484665957,549_Charge.csv,631
3.69173,2.99853,24.81741,720.0,0.0,2.32258,23.51618835249486,549_Charge.csv,631
3.70336,2.99853,24.81741,780.0,0.0,2.50738,25.32507022675277,549_Charge.csv,631
3.7155,2.99853,24.81741,840.0,0.0,2.69276,27.13431409458168,549_Charge.csv,631
3.72797,2.99853,24.71226,900.0,0.0,2.87876,28.943557962410587,549_Charge.csv,631
3.74045,2.99853,24.81741,960.0,0.0,3.06538,30.7524398366685,549_Charge.csv,631
3.75258,2.99853,24.81741,1020.0,0.0,3.25262,32.561683704497405,549_Charge.csv,631
3.76438,2.99853,24.81741,1080.0,0.0,3.44046,34.37092757232632,549_Charge.csv,631
3.77618,2.99853,24.71226,1140.0,0.0,3.62891,36.18017144015522,549_Charge.csv,631
3.78866,2.99853,24.81741,1200.0,0.0,3.81793,37.98941530798413,549_Charge.csv,631
3.8018,2.99853,25.02773,1260.0,0.0,4.0076,39.798297182242045,549_Charge.csv,631
3.81596,2.99853,24.92257,1320.0,0.0,4.19796,41.60754105007095,549_Charge.csv,631
3.8313,2.99853,24.81741,1380.0,0.0,4.38903,43.416784917899854,549_Charge.csv,631
3.84749,2.99853,25.02773,1440.0,0.0,4.58092,45.22566679215777,549_Charge.csv,631
3.86468,2.99853,25.13289,1500.0,0.0,4.77362,47.034910659986686,549_Charge.csv,631
3.88255,3.00108,25.02773,1560.0,0.0,4.96721,48.84415452781559,549_Charge.csv,631
3.90075,2.99853,24.81741,1620.0,0.0,5.16171,50.6530364020735,549_Charge.csv,631
3.91913,2.99853,25.02773,1680.0,0.0,5.35712,52.46228026990241,549_Charge.csv,631
3.93716,2.99853,25.13289,1740.0,0.0,5.55343,54.271524137731305,549_Charge.csv,631
3.95486,2.99853,25.02773,1800.0,0.0,5.75064,56.080406011989226,549_Charge.csv,631
3.97222,2.99853,25.02773,1860.0,0.0,5.94873,57.88964987981813,549_Charge.csv,631
3.98925,2.99853,25.02773,1920.0,0.0,6.14767,59.69889374764704,549_Charge.csv,631
4.00577,2.99853,25.13289,1980.0,0.0,6.34747,61.508137615475945,549_Charge.csv,631
4.02212,2.99853,25.13289,2040.0,0.0,6.54812,63.31774347687584,549_Charge.csv,631
4.03847,2.99853,25.02773,2100.0,0.0,6.74953,65.12662535113375,549_Charge.csv,631
4.05516,2.99853,25.02773,2160.0,0.0,6.95177,66.93586921896267,549_Charge.csv,631
4.07235,2.99853,25.13289,2220.0,0.0,7.15489,68.74511308679158,549_Charge.csv,631
4.09056,2.99853,25.13289,2280.0,0.0,7.35886,70.55435695462047,549_Charge.csv,631
4.10994,2.99853,25.02773,2340.0,0.0,7.56378,72.3636008224494,549_Charge.csv,631
4.13051,2.99853,25.02773,2400.0,0.0,7.76969,74.17248269670729,549_Charge.csv,631
4.15141,2.99853,25.23805,2460.0,0.0,7.97663,75.98172656453622,549_Charge.csv,631
4.17231,2.99853,25.23805,2520.0,0.0,8.18463,77.79060843879412,549_Charge.csv,631
4.19271,2.99853,25.13289,2580.0,0.0,8.39367,79.59985230662303,549_Charge.csv,631
4.19995,2.66139,24.92257,2640.0,0.0,8.59508,81.33633546668212,549_Charge.csv,631
4.19995,2.36766,25.13289,2700.0,0.0,8.77043,82.84765862558281,549_Charge.csv,631
4.19995,2.16078,25.13289,2760.0,0.0,8.92859,84.21092641394688,549_Charge.csv,631
4.19979,2.00242,24.92257,2820.0,0.0,9.07409,85.46523413744171,549_Charge.csv,631
4.19979,1.86961,24.71226,2880.0,0.0,9.20951,86.63230141032696,549_Charge.csv,631
4.19979,1.75468,24.71226,2940.0,0.0,9.33627,87.72479800758738,549_Charge.csv,631
4.19979,1.65251,24.71226,3000.0,0.0,9.45546,88.75213576206887,549_Charge.csv,631
4.19979,1.56056,24.71226,3060.0,0.0,9.56785,89.72083055804929,549_Charge.csv,631
4.19979,1.46862,24.6071,3120.0,0.0,9.6738,90.6341403376676,549_Charge.csv,631
4.19979,1.37667,24.29162,3180.0,0.0,9.77332,91.4920651009238,549_Charge.csv,631
4.19979,1.28727,24.39678,3240.0,0.0,9.86641,92.2942428542469,549_Charge.csv,631
4.19979,1.19533,24.6071,3300.0,0.0,9.95322,93.04248356549188,549_Charge.csv,631
4.19979,1.10849,24.6071,3360.0,0.0,10.03382,93.7375112218007,549_Charge.csv,631
4.19979,1.01654,24.50194,3420.0,0.0,10.10825,94.3789638296024,549_Charge.csv,631
4.19979,0.9297,24.18646,3480.0,0.0,10.17641,94.96647939532592,549_Charge.csv,631
4.19979,0.84286,24.18646,3540.0,0.0,10.23844,95.50114389968434,549_Charge.csv,631
4.19979,0.76113,24.29162,3600.0,0.0,10.29456,95.98476731053256,549_Charge.csv,631
4.19979,0.6845,24.29162,3660.0,0.0,10.34518,96.42096956358054,549_Charge.csv,631
4.19979,0.61554,24.18646,3720.0,0.0,10.39068,96.81337059453826,549_Charge.csv,631
4.19979,0.54913,24.0813,3780.0,0.0,10.43139,97.1641423648316,549_Charge.csv,631
4.19979,0.48784,23.97615,3840.0,0.0,10.46768,97.47690481017057,549_Charge.csv,631
4.19979,0.4342,23.97615,3900.0,0.0,10.49999,97.7552778662651,549_Charge.csv,631
4.19979,0.38567,24.18646,3960.0,0.0,10.52876,98.00324346239611,549_Charge.csv,631
4.19979,0.34481,24.0813,4020.0,0.0,10.55438,98.22405954070256,549_Charge.csv,631
4.19979,0.30905,24.0813,4080.0,0.0,10.57724,98.42134603689438,549_Charge.csv,631
4.19979,0.27329,23.97615,4140.0,0.0,10.59761,98.59691291882656,549_Charge.csv,631
4.19979,0.24519,23.97615,4200.0,0.0,10.61577,98.75329414149606,549_Charge.csv,631
4.19979,0.2171,24.0813,4260.0,0.0,10.63197,98.8930236598998,549_Charge.csv,631
4.19979,0.19667,23.97615,4320.0,0.0,10.6465,99.01827343546378,549_Charge.csv,631
4.19979,0.17623,23.97615,4380.0,0.0,10.65954,99.13049144247198,549_Charge.csv,631
4.19979,0.15836,23.76583,4440.0,0.0,10.67128,99.23184964235035,549_Charge.csv,631
4.19979,0.14303,23.87099,4500.0,0.0,10.68192,99.32343401581188,549_Charge.csv,631
4.19979,0.13026,24.0813,4560.0,0.0,10.69153,99.40633054356954,549_Charge.csv,631
4.19979,0.11749,23.87099,4620.0,0.0,10.70024,99.48162520633632,549_Charge.csv,631
4.19979,0.10727,23.87099,4680.0,0.0,10.70818,99.55004199125425,549_Charge.csv,631
4.19979,0.09961,23.87099,4740.0,0.0,10.71541,99.61230488546524,549_Charge.csv,631
4.19979,0.08939,23.87099,4800.0,0.0,10.72201,99.66913787611132,549_Charge.csv,631
4.19979,0.08429,23.97615,4860.0,0.0,10.72809,99.72162694390548,549_Charge.csv,631
4.19979,0.07662,23.87099,4920.0,0.0,10.73371,99.7701340824187,549_Charge.csv,631
4.19979,0.07152,23.97615,4980.0,0.0,10.73891,99.81465929165095,549_Charge.csv,631
4.19979,0.06641,23.97615,5040.0,0.0,10.74372,99.85628855231528,549_Charge.csv,631
4.19979,0.0613,23.97615,5100.0,0.0,10.74818,99.8946598708407,549_Charge.csv,631
4.19979,0.05874,23.87099,5160.0,0.0,10.75235,99.93049723436911,549_Charge.csv,631
4.19979,0.05364,23.97615,5220.0,0.0,10.75621,99.9638006429006,549_Charge.csv,631
4.19979,0.05108,23.87099,5280.0,0.0,10.75985,99.99529408357708,549_Charge.csv,631
4.19979,0.04853,23.87099,5290.0,0.0,10.76042,100.0,549_Charge.csv,631
3.35477,2.99853,23.76583,0.0,0.0,0.16253,1.773573121744191,549_Charge.csv,633
3.46063,2.99853,23.97615,60.0,0.0,0.33313,3.547146243488382,549_Charge.csv,633
3.51086,2.99853,24.39678,120.0,0.0,0.50753,5.320364508665598,549_Charge.csv,633
3.52957,2.99853,24.6071,180.0,0.0,0.68349,7.093937630409789,549_Charge.csv,633
3.54879,2.99853,24.29162,240.0,0.0,0.86037,8.86751075215398,549_Charge.csv,633
3.56851,2.99853,24.39678,300.0,0.0,1.03823,10.641083873898172,549_Charge.csv,633
3.58739,2.99853,24.81741,360.0,0.0,1.21705,12.414302139075383,549_Charge.csv,633
3.60509,2.99853,25.02773,420.0,0.0,1.39678,14.187875260819578,549_Charge.csv,633
3.62211,2.99853,24.92257,480.0,0.0,1.57738,15.961448382563766,549_Charge.csv,633
3.6388,2.99853,24.6071,540.0,0.0,1.75881,17.734666647740983,549_Charge.csv,633
3.65465,2.99853,24.71226,600.0,0.0,1.94108,19.50823976948517,549_Charge.csv,633
3.66881,2.99853,24.6071,660.0,0.0,2.12408,21.281812891229364,549_Charge.csv,633
3.68094,2.99853,24.81741,720.0,0.0,2.30775,23.05503115640658,549_Charge.csv,633
3.69224,2.99853,24.81741,780.0,0.0,2.49199,24.82860427815077,549_Charge.csv,633
3.70387,2.99853,24.81741,840.0,0.0,2.67681,26.60217739989496,549_Charge.csv,633
3.71584,2.99853,24.71226,900.0,0.0,2.8622,28.37539566507218,549_Charge.csv,633
3.72814,2.99853,24.71226,960.0,0.0,3.04821,30.14896878681637,549_Charge.csv,633
3.74078,2.99853,24.6071,1020.0,0.0,3.23484,31.92218705199359,549_Charge.csv,633
3.75275,2.99853,24.71226,1080.0,0.0,3.4221,33.695760173737774,549_Charge.csv,633
3.76455,2.99853,24.92257,1140.0,0.0,3.60995,35.46933329548197,549_Charge.csv,633
3.77635,2.99853,24.92257,1200.0,0.0,3.79837,37.24255156065918,549_Charge.csv,633
3.78866,2.99853,24.92257,1260.0,0.0,3.9874,39.01612468240337,549_Charge.csv,633
3.8018,2.99853,24.71226,1320.0,0.0,4.17707,40.789697804147565,549_Charge.csv,633
3.8158,2.99853,24.71226,1380.0,0.0,4.36741,42.56291606932479,549_Charge.csv,633
3.83113,2.99853,24.81741,1440.0,0.0,4.5585,44.33648919106897,549_Charge.csv,633
3.84732,2.99853,24.92257,1500.0,0.0,4.75037,46.11006231281316,549_Charge.csv,633
3.86434,2.99853,24.92257,1560.0,0.0,4.94306,47.88328057799038,549_Charge.csv,633
3.88238,3.00108,24.81741,1620.0,0.0,5.13664,49.65685369973457,549_Charge.csv,633
3.90058,2.99853,24.81741,1680.0,0.0,5.33111,51.43007196491178,549_Charge.csv,633
3.91879,3.00108,25.02773,1740.0,0.0,5.52651,53.20364508665598,549_Charge.csv,633
3.93682,2.99853,25.02773,1800.0,0.0,5.72281,54.97721820840017,549_Charge.csv,633
3.95452,2.99853,24.92257,1860.0,0.0,5.92,56.75079133014436,549_Charge.csv,633
3.97205,2.99853,24.81741,1920.0,0.0,6.11808,58.524009595321566,549_Charge.csv,633
3.98908,2.99853,24.92257,1980.0,0.0,6.31701,60.297582717065765,549_Charge.csv,633
4.0056,2.99853,25.13289,2040.0,0.0,6.51678,62.07115583880996,549_Charge.csv,633
4.02178,2.99853,25.02773,2100.0,0.0,6.71737,63.84437410398718,549_Charge.csv,633
4.03796,2.99853,24.81741,2160.0,0.0,6.91879,65.61794722573137,549_Charge.csv,633
4.05482,2.99853,24.81741,2220.0,0.0,7.12101,67.39152034747555,549_Charge.csv,633
4.07218,2.99853,24.92257,2280.0,0.0,7.3241,69.16509346921976,549_Charge.csv,633
4.09022,2.99853,25.13289,2340.0,0.0,7.52805,70.93831173439695,549_Charge.csv,633
4.10927,2.99853,25.13289,2400.0,0.0,7.73294,72.71188485614114,549_Charge.csv,633
4.12916,2.99853,25.13289,2460.0,0.0,7.9388,74.48510312131836,549_Charge.csv,633
4.14989,2.99853,25.02773,2520.0,0.0,8.14568,76.25867624306257,549_Charge.csv,633
4.17096,2.99853,24.92257,2580.0,0.0,8.35361,78.03224936480675,549_Charge.csv,633
4.19136,2.99853,25.02773,2640.0,0.0,8.56257,79.80546762998397,549_Charge.csv,633
4.19995,2.68948,25.23805,2700.0,0.0,8.76552,81.52119913131114,549_Charge.csv,633
4.19995,2.38554,25.13289,2760.0,0.0,8.94242,83.01585499141247,549_Charge.csv,633
4.19995,2.171,25.02773,2820.0,0.0,9.10155,84.36040652368312,549_Charge.csv,633
4.19979,2.00498,24.81741,2880.0,0.0,9.24745,85.59317823735645,549_Charge.csv,633
4.19979,1.87217,24.71226,2940.0,0.0,9.38297,86.7383003789868,549_Charge.csv,633
4.19979,1.75468,24.6071,3000.0,0.0,9.50979,87.80961235468624,549_Charge.csv,633
4.19979,1.65251,24.6071,3060.0,0.0,9.62904,88.81740500489703,549_Charge.csv,633
4.19979,1.56056,24.71226,3120.0,0.0,9.74149,89.76735603469078,549_Charge.csv,633
4.19979,1.46862,24.6071,3180.0,0.0,9.84752,90.66336886630424,549_Charge.csv,633
4.19979,1.37922,24.39678,3240.0,0.0,9.94723,91.50579835630438,549_Charge.csv,633
4.19979,1.28983,24.29162,3300.0,0.0,10.04066,92.29535421782516,549_Charge.csv,633
4.19979,1.20043,24.50194,3360.0,0.0,10.12788,93.03203645086656,549_Charge.csv,633
4.19979,1.11359,24.50194,3420.0,0.0,10.20891,93.71690962512952,549_Charge.csv,633
4.19979,1.02931,24.29162,3480.0,0.0,10.2838,94.34961888404708,549_Charge.csv,633
4.19979,0.93991,24.0813,3540.0,0.0,10.35253,94.9305190841862,549_Charge.csv,633
4.19979,0.85307,24.18646,3600.0,0.0,10.4152,95.4599650821138,549_Charge.csv,633
4.19979,0.77134,24.29162,3660.0,0.0,10.47206,95.94044087379882,549_Charge.csv,633
4.19979,0.69727,24.18646,3720.0,0.0,10.52341,96.37407559864305,549_Charge.csv,633
4.19979,0.6232,24.18646,3780.0,0.0,10.56959,96.76441782231622,549_Charge.csv,633
4.19979,0.5568,23.97615,3840.0,0.0,10.61093,97.11359668422024,549_Charge.csv,633
4.19979,0.4955,24.18646,3900.0,0.0,10.64778,97.42516075002486,549_Charge.csv,633
4.19979,0.44186,24.0813,3960.0,0.0,10.68064,97.7026585853998,549_Charge.csv,633
4.19979,0.39589,24.0813,4020.0,0.0,10.70996,97.95034846914878,549_Charge.csv,633
4.19979,0.35247,23.87099,4080.0,0.0,10.73605,98.17071439724064,549_Charge.csv,633
4.19979,0.31416,23.87099,4140.0,0.0,10.75928,98.36730493534512,549_Charge.csv,633
4.19979,0.28095,24.18646,4200.0,0.0,10.78009,98.54295893599809,549_Charge.csv,633
4.19979,0.25286,24.0813,4260.0,0.0,10.79876,98.7008701083022,549_Charge.csv,633
4.19979,0.22476,23.87099,4320.0,0.0,10.81549,98.84210302195854,549_Charge.csv,633
4.19979,0.20433,23.66067,4380.0,0.0,10.83054,98.9691416729358,549_Charge.csv,633
4.19979,0.1839,23.76583,4440.0,0.0,10.84407,99.08376034406892,549_Charge.csv,633
4.19979,0.16602,24.0813,4500.0,0.0,10.8563,99.18702360505884,549_Charge.csv,633
4.19979,0.15069,24.18646,4560.0,0.0,10.86736,99.28035088217342,549_Charge.csv,633
4.19979,0.13792,23.97615,4620.0,0.0,10.87742,99.36551645824758,549_Charge.csv,633
4.19979,0.1226,23.66067,4680.0,0.0,10.88655,99.4425203332813,549_Charge.csv,633
4.19979,0.11494,23.87099,4740.0,0.0,10.89487,99.51278193354248,549_Charge.csv,633
4.19979,0.10472,24.29162,4800.0,0.0,10.90248,99.57701097216506,549_Charge.csv,633
4.19979,0.0945,24.18646,4860.0,0.0,10.90944,99.63591716228302,549_Charge.csv,633
4.19979,0.08684,23.55551,4920.0,0.0,10.91585,99.69021021703028,549_Charge.csv,633
4.19979,0.08173,23.66067,4980.0,0.0,10.92176,99.73989013640686,549_Charge.csv,633
4.19979,0.07407,23.97615,5040.0,0.0,10.92721,99.7860214901137,549_Charge.csv,633
4.19979,0.06896,24.18646,5100.0,0.0,10.93221,99.8282494215838,549_Charge.csv,633
4.19979,0.06385,24.0813,5160.0,0.0,10.93687,99.86763850051808,549_Charge.csv,633
4.19979,0.05874,23.76583,5220.0,0.0,10.94122,99.90454358348356,549_Charge.csv,633
4.19979,0.05619,23.55551,5280.0,0.0,10.94529,99.9389646704802,549_Charge.csv,633
4.19979,0.05364,23.66067,5340.0,0.0,10.94911,99.97125661807496,549_Charge.csv,633
4.19979,0.04853,23.97615,5396.0,0.0,10.95251,100.0,549_Charge.csv,633
3.38579,2.99853,23.97615,0.0,0.0,0.16467,1.803446683216904,549_Charge.csv,635
3.47883,2.99853,23.97615,59.0,0.0,0.33648,3.606893366433808,549_Charge.csv,635
3.51744,2.99853,24.0813,119.0,0.0,0.5115,5.409979215980601,549_Charge.csv,635
3.53632,2.99853,24.29162,180.0,0.0,0.68775,7.213425899197507,549_Charge.csv,635
3.55671,2.99853,24.50194,239.0,0.0,0.865,9.016872582414411,549_Charge.csv,635
3.57677,2.99853,24.6071,299.0,0.0,1.04326,10.819958431961204,549_Charge.csv,635
3.59582,2.99853,24.6071,360.0,0.0,1.22249,12.623405115178109,549_Charge.csv,635
3.61385,2.99853,24.6071,419.0,0.0,1.40265,14.4264909647249,549_Charge.csv,635
3.63139,2.99853,24.71226,479.0,0.0,1.5837,16.229937647941806,549_Charge.csv,635
3.6479,2.99853,24.81741,539.0,0.0,1.7656,18.033384331158707,549_Charge.csv,635
3.66291,2.99853,24.81741,599.0,0.0,1.94832,19.83683101437561,549_Charge.csv,635
3.67606,2.99853,24.6071,659.0,0.0,2.13172,21.64027769759252,549_Charge.csv,635
3.68802,2.99853,24.71226,719.0,0.0,2.31575,23.44372438080942,549_Charge.csv,635
3.69949,2.99853,24.81741,779.0,0.0,2.50034,25.24681023035621,549_Charge.csv,635
3.71129,2.99853,24.92257,839.0,0.0,2.68552,27.05025691357312,549_Charge.csv,635
3.72376,2.99853,24.71226,899.0,0.0,2.87132,28.853703596790027,549_Charge.csv,635
3.7364,2.99853,24.6071,960.0,0.0,3.05774,30.656789446336813,549_Charge.csv,635
3.74888,2.99853,24.81741,1019.0,0.0,3.24479,32.46023612955372,549_Charge.csv,635
3.76067,2.99853,25.02773,1079.0,0.0,3.43245,34.263682812770625,549_Charge.csv,635
3.77264,2.99853,25.02773,1140.0,0.0,3.62069,36.066768662317415,549_Charge.csv,635
3.78495,2.99853,24.71226,1199.0,0.0,3.80953,37.870215345534326,549_Charge.csv,635
3.7981,2.99853,24.71226,1259.0,0.0,3.99901,39.67366202875122,549_Charge.csv,635
3.81209,2.99853,24.81741,1319.0,0.0,4.18917,41.47674787829802,549_Charge.csv,635
3.82709,2.99853,25.02773,1379.0,0.0,4.38006,43.28019456151492,549_Charge.csv,635
3.8431,2.99853,25.02773,1439.0,0.0,4.57171,45.08328041106172,549_Charge.csv,635
3.8603,2.99853,25.02773,1499.0,0.0,4.7642,46.88672709427863,549_Charge.csv,635
3.87816,2.99853,24.81741,1559.0,0.0,4.95757,48.69017377749552,549_Charge.csv,635
3.89654,2.99853,24.81741,1619.0,0.0,5.15185,50.49362046071243,549_Charge.csv,635
3.91491,2.99853,24.92257,1679.0,0.0,5.34704,52.296706310259225,549_Charge.csv,635
3.93312,2.99853,25.02773,1740.0,0.0,5.54315,54.10015299347612,549_Charge.csv,635
3.95082,2.99853,24.92257,1799.0,0.0,5.74016,55.90359967669303,549_Charge.csv,635
3.96835,2.99853,24.92257,1859.0,0.0,5.93805,57.70668552623982,549_Charge.csv,635
3.98554,2.99853,24.92257,1920.0,0.0,6.13681,59.510132209456735,549_Charge.csv,635
4.00223,2.99853,25.02773,1979.0,0.0,6.33642,61.313578892673625,549_Charge.csv,635
4.01858,2.99853,25.02773,2039.0,0.0,6.53684,63.11666474222043,549_Charge.csv,635
4.03476,2.99853,25.13289,2100.0,0.0,6.73808,64.92011142543733,549_Charge.csv,635
4.05128,2.99853,25.02773,2159.0,0.0,6.94014,66.72355810865423,549_Charge.csv,635
4.06847,2.99853,24.92257,2219.0,0.0,7.14302,68.52664395820102,549_Charge.csv,635
4.08651,2.99853,25.02773,2279.0,0.0,7.34681,70.33009064141793,549_Charge.csv,635
4.10573,3.00108,25.13289,2339.0,0.0,7.55152,72.13353732463483,549_Charge.csv,635
4.12595,2.99853,25.13289,2399.0,0.0,7.75721,73.93698400785173,549_Charge.csv,635
4.14719,2.99853,25.02773,2459.0,0.0,7.96394,75.74006985739852,549_Charge.csv,635
4.16843,2.99853,25.13289,2519.0,0.0,8.17172,77.54351654061544,549_Charge.csv,635
4.18917,2.99853,25.02773,2579.0,0.0,8.38058,79.34660239016223,549_Charge.csv,635
4.19995,2.7329,25.02773,2639.0,0.0,8.58559,81.10927486865654,549_Charge.csv,635
4.19995,2.41364,25.02773,2700.0,0.0,8.76482,82.6493129726921,549_Charge.csv,635
4.19979,2.19143,24.92257,2759.0,0.0,8.92558,84.03022342820854,549_Charge.csv,635
4.19979,2.02541,24.92257,2819.0,0.0,9.07295,85.29638877662951,549_Charge.csv,635
4.19979,1.8926,24.92257,2880.0,0.0,9.20999,86.47378904220311,549_Charge.csv,635
4.19979,1.77766,24.71226,2939.0,0.0,9.33835,87.57685757173374,549_Charge.csv,635
4.19979,1.6755,24.6071,2999.0,0.0,9.45907,88.61389353963396,549_Charge.csv,635
4.19979,1.57589,24.6071,3060.0,0.0,9.57282,89.59139195196582,549_Charge.csv,635
4.19979,1.48394,24.6071,3119.0,0.0,9.68,90.51223947809018,549_Charge.csv,635
4.19979,1.39455,24.50194,3179.0,0.0,9.78083,91.3782402863576,549_Charge.csv,635
4.19979,1.30771,24.39678,3239.0,0.0,9.87535,92.19047687777842,549_Charge.csv,635
4.19979,1.21576,24.39678,3299.0,0.0,9.96367,92.94931008602272,549_Charge.csv,635
4.19979,1.12892,24.39678,3359.0,0.0,10.04574,93.65437907742049,549_Charge.csv,635
4.19979,1.03952,24.29162,3419.0,0.0,10.12158,94.30604468564172,549_Charge.csv,635
4.19979,0.95013,24.39678,3479.0,0.0,10.19119,94.90394607701631,549_Charge.csv,635
4.19979,0.86584,24.29162,3539.0,0.0,10.2547,95.44988741989492,549_Charge.csv,635
4.19979,0.78156,24.29162,3599.0,0.0,10.31233,95.9449512152878,549_Charge.csv,635
4.19979,0.70494,24.18646,3660.0,0.0,10.36434,96.39166329888576,549_Charge.csv,635
4.19979,0.63087,24.0813,3719.0,0.0,10.41101,96.79291034004966,549_Charge.csv,635
4.19979,0.56446,24.18646,3779.0,0.0,10.45277,97.1515790081404,549_Charge.csv,635
4.19979,0.50061,23.97615,3840.0,0.0,10.49003,97.47163847352924,549_Charge.csv,635
4.19979,0.44697,24.0813,3899.0,0.0,10.52318,97.75633623924716,549_Charge.csv,635
4.19979,0.39589,24.0813,3959.0,0.0,10.55264,98.00964147566538,549_Charge.csv,635
4.19979,0.35247,24.0813,4019.0,0.0,10.57882,98.2344408521448,549_Charge.csv,635
4.19979,0.31416,23.97615,4079.0,0.0,10.60206,98.43434270538653,549_Charge.csv,635
4.19979,0.2784,23.97615,4139.0,0.0,10.62275,98.61187287108136,549_Charge.csv,635
4.19979,0.2503,23.97615,4199.0,0.0,10.64118,98.77027885226026,549_Charge.csv,635
4.19979,0.21965,23.97615,4259.0,0.0,10.65756,98.91100398360372,549_Charge.csv,635
4.19979,0.19922,23.97615,4319.0,0.0,10.67218,99.0365741008025,549_Charge.csv,635
4.19979,0.17623,23.97615,4379.0,0.0,10.68527,99.14915420587728,549_Charge.csv,635
4.19979,0.16091,23.97615,4440.0,0.0,10.69705,99.25018763350845,549_Charge.csv,635
4.19979,0.14303,23.87099,4499.0,0.0,10.70768,99.34147855204664,549_Charge.csv,635
4.19979,0.13026,23.97615,4559.0,0.0,10.71727,99.42410946250216,549_Charge.csv,635
4.19979,0.11749,23.97615,4620.0,0.0,10.72592,99.49844119854512,549_Charge.csv,635
4.19979,0.10727,23.87099,4679.0,0.0,10.7338,99.56591709485596,549_Charge.csv,635
4.19979,0.09706,23.76583,4739.0,0.0,10.74097,99.627619652445,549_Charge.csv,635
4.19979,0.08939,23.97615,4800.0,0.0,10.74752,99.68390970498238,549_Charge.csv,635
4.19979,0.08173,23.97615,4859.0,0.0,10.75352,99.73550891980832,549_Charge.csv,635
4.19979,0.07407,23.87099,4919.0,0.0,10.75905,99.78313896426305,549_Charge.csv,635
4.19979,0.06896,23.76583,4979.0,0.0,10.76416,99.82679983834652,549_Charge.csv,635
4.19979,0.06385,23.97615,5039.0,0.0,10.76887,99.86721320939898,549_Charge.csv,635
4.19979,0.0613,23.97615,5099.0,0.0,10.77323,99.9047399110906,549_Charge.csv,635
4.19979,0.05619,23.87099,5159.0,0.0,10.77729,99.9397407770914,549_Charge.csv,635
4.19979,0.05364,23.76583,5219.0,0.0,10.7811,99.97257664107153,549_Charge.csv,635
4.19979,0.04853,23.87099,5273.0,0.0,10.7843,100.0,549_Charge.csv,635
3.44512,2.99853,23.97615,0.0,0.0,0.1685,1.8542908765772412,549_Charge.csv,637
3.51272,2.99853,24.0813,60.0,0.0,0.34263,3.708210746576537,549_Charge.csv,637
3.53648,2.99853,23.97615,120.0,0.0,0.51885,5.562872629731724,549_Charge.csv,637
3.55873,2.99853,24.0813,180.0,0.0,0.69616,7.417163506308966,549_Charge.csv,637
3.58031,2.99853,24.50194,240.0,0.0,0.87455,9.271083376308262,549_Charge.csv,637
3.60037,2.99853,24.71226,300.0,0.0,1.05399,11.125374252885504,549_Charge.csv,637
3.61874,2.99853,24.6071,360.0,0.0,1.23438,12.9792941228848,549_Charge.csv,637
3.63678,2.99853,24.50194,420.0,0.0,1.4157,14.83358499946204,549_Charge.csv,637
3.65364,2.99853,24.50194,480.0,0.0,1.59787,16.687875876039282,549_Charge.csv,637
3.6683,2.99853,24.6071,540.0,0.0,1.78084,18.541795746038577,549_Charge.csv,637
3.68111,2.99853,24.81741,600.0,0.0,1.9645,20.39608662261581,549_Charge.csv,637
3.69257,2.99853,24.81741,660.0,0.0,2.14876,22.25037749919306,549_Charge.csv,637
3.70421,2.99853,24.71226,720.0,0.0,2.33358,24.10429736919236,549_Charge.csv,637
3.71634,2.99853,24.6071,780.0,0.0,2.51902,25.9585882457696,549_Charge.csv,637
3.72898,2.99853,24.6071,840.0,0.0,2.70506,27.81287912234684,549_Charge.csv,637
3.7418,2.99853,24.6071,900.0,0.0,2.89178,29.66716999892408,549_Charge.csv,637
3.7541,2.99853,24.71226,960.0,0.0,3.07907,31.52146087550132,549_Charge.csv,637
3.76607,2.99853,24.81741,1020.0,0.0,3.267,33.375751752078564,549_Charge.csv,637
3.77804,2.99853,24.71226,1080.0,0.0,3.4555,35.22967162207786,549_Charge.csv,637
3.79085,2.99853,24.71226,1140.0,0.0,3.64464,37.083962498655104,549_Charge.csv,637
3.80433,2.99853,24.71226,1200.0,0.0,3.83443,38.93825337523234,549_Charge.csv,637
3.81883,2.99853,24.92257,1260.0,0.0,4.02492,40.79217324523163,549_Charge.csv,637
3.83434,2.99853,24.92257,1320.0,0.0,4.21615,42.64646412180888,549_Charge.csv,637
3.85103,2.99853,24.71226,1380.0,0.0,4.40818,44.50038399180817,549_Charge.csv,637
3.86872,2.99853,24.92257,1440.0,0.0,4.60109,46.354674868385416,549_Charge.csv,637
3.88693,2.99853,25.02773,1500.0,0.0,4.79489,48.208965744962654,549_Charge.csv,637
3.90513,2.99853,24.92257,1560.0,0.0,4.98959,50.06288561496195,549_Charge.csv,637
3.92351,2.99853,24.92257,1620.0,0.0,5.18521,51.9171764915392,549_Charge.csv,637
3.94154,2.99853,24.92257,1680.0,0.0,5.38175,53.77146736811645,549_Charge.csv,637
3.95941,2.99853,24.92257,1740.0,0.0,5.57919,55.62538723811573,549_Charge.csv,637
3.97661,2.99853,25.02773,1800.0,0.0,5.7775,57.47967811469298,549_Charge.csv,637
3.99346,2.99853,24.92257,1860.0,0.0,5.97666,59.33396899127021,549_Charge.csv,637
4.00998,2.99853,24.92257,1920.0,0.0,6.17665,61.18788886126951,549_Charge.csv,637
4.02633,2.99853,25.02773,1980.0,0.0,6.37746,63.04217973784675,549_Charge.csv,637
4.04268,2.99853,25.13289,2040.0,0.0,6.57908,64.89609960784605,549_Charge.csv,637
4.05937,2.99853,25.02773,2100.0,0.0,6.78154,66.75039048442328,549_Charge.csv,637
4.07707,2.99853,25.02773,2160.0,0.0,6.98485,68.60468136100053,549_Charge.csv,637
4.09578,2.99853,25.13289,2220.0,0.0,7.18908,70.45897223757777,549_Charge.csv,637
4.1155,2.99853,25.02773,2280.0,0.0,7.39426,72.31289210757707,549_Charge.csv,637
4.1364,2.99853,25.13289,2340.0,0.0,7.60045,74.16718298415431,549_Charge.csv,637
4.15781,2.99853,25.02773,2400.0,0.0,7.8077,76.0211028541536,549_Charge.csv,637
4.17905,2.99853,25.13289,2460.0,0.0,8.01603,77.87539373073085,549_Charge.csv,637
4.19928,2.99853,25.02773,2520.0,0.0,8.22539,79.72931360073015,549_Charge.csv,637
4.19995,2.54901,25.13289,2580.0,0.0,8.41735,81.42518466852418,549_Charge.csv,637
4.19979,2.29104,25.13289,2640.0,0.0,8.58625,82.91700211844754,549_Charge.csv,637
4.19979,2.10459,24.92257,2700.0,0.0,8.73985,84.27414418057633,549_Charge.csv,637
4.19995,1.95901,24.81741,2760.0,0.0,8.88184,85.52851742061387,549_Charge.csv,637
4.19979,1.83385,24.81741,2820.0,0.0,9.01452,86.70052720034725,549_Charge.csv,637
4.19979,1.72658,24.81741,2880.0,0.0,9.13914,87.8013037171149,549_Charge.csv,637
4.19979,1.62697,24.6071,2940.0,0.0,9.25655,88.83863810905368,549_Charge.csv,637
4.19979,1.53247,24.50194,3000.0,0.0,9.36718,89.81586943536509,549_Charge.csv,637
4.19979,1.44307,24.6071,3060.0,0.0,9.47129,90.73559474209478,549_Charge.csv,637
4.19979,1.35623,24.6071,3120.0,0.0,9.56918,91.60041107528836,549_Charge.csv,637
4.19979,1.26429,24.50194,3180.0,0.0,9.66086,92.41031843494586,549_Charge.csv,637
4.19979,1.17234,24.39678,3240.0,0.0,9.74624,93.16457480791136,549_Charge.csv,637
4.19979,1.08294,24.39678,3300.0,0.0,9.82525,93.86243818102892,549_Charge.csv,637
4.19979,0.99355,24.39678,3360.0,0.0,9.89799,94.50502157403253,549_Charge.csv,637
4.19979,0.90671,24.39678,3420.0,0.0,9.96459,95.09343800665586,549_Charge.csv,637
4.19979,0.82242,24.0813,3480.0,0.0,10.02514,95.62805848547694,549_Charge.csv,637
4.19979,0.74069,24.18646,3540.0,0.0,10.07985,96.1114800565414,549_Charge.csv,637
4.19979,0.66407,24.29162,3600.0,0.0,10.129,96.54555775273894,549_Charge.csv,637
4.19979,0.59511,24.29162,3660.0,0.0,10.17308,96.93511465958292,549_Charge.csv,637
4.19979,0.5287,23.97615,3720.0,0.0,10.21241,97.28237681654096,549_Charge.csv,637
4.19979,0.46996,23.97615,3780.0,0.0,10.24738,97.5914252959705,549_Charge.csv,637
4.19979,0.41632,24.0813,3840.0,0.0,10.27839,97.86559915707306,549_Charge.csv,637
4.19979,0.3729,24.29162,3900.0,0.0,10.30594,98.1086084656281,549_Charge.csv,637
4.19979,0.32948,24.0813,3960.0,0.0,10.3304,98.32490530057098,549_Charge.csv,637
4.19979,0.29117,23.87099,4020.0,0.0,10.35213,98.51671570136938,549_Charge.csv,637
4.19979,0.26052,23.97615,4080.0,0.0,10.37142,98.68737872722484,549_Charge.csv,637
4.19979,0.22987,24.0813,4140.0,0.0,10.38858,98.83874941102708,549_Charge.csv,637
4.19979,0.20688,24.0813,4200.0,0.0,10.40386,98.97379580539965,549_Charge.csv,637
4.19979,0.1839,23.76583,4260.0,0.0,10.4175,99.09437294323229,549_Charge.csv,637
4.19979,0.16602,23.76583,4320.0,0.0,10.42973,99.20233585741477,549_Charge.csv,637
4.19979,0.15069,24.0813,4380.0,0.0,10.44074,99.29953958083676,549_Charge.csv,637
4.19979,0.13537,24.18646,4440.0,0.0,10.45065,99.38709713323216,549_Charge.csv,637
4.19979,0.1226,23.87099,4500.0,0.0,10.45962,99.46649254091274,549_Charge.csv,637
4.19979,0.10983,23.76583,4560.0,0.0,10.46778,99.5384678170344,549_Charge.csv,637
4.19979,0.10216,23.76583,4620.0,0.0,10.47521,99.60413598133094,549_Charge.csv,637
4.19979,0.09195,23.87099,4680.0,0.0,10.48195,99.6634970338024,549_Charge.csv,637
4.19979,0.08429,23.97615,4740.0,0.0,10.48813,99.71840600733852,549_Charge.csv,637
4.19979,0.07662,23.87099,4800.0,0.0,10.4938,99.7684918953613,549_Charge.csv,637
4.19979,0.07152,23.97615,4860.0,0.0,10.49903,99.81449671102668,549_Charge.csv,637
4.19979,0.06641,23.76583,4920.0,0.0,10.50386,99.85716246749055,549_Charge.csv,637
4.19979,0.0613,23.87099,4980.0,0.0,10.50834,99.89686017133084,549_Charge.csv,637
4.19979,0.05619,23.97615,5040.0,0.0,10.51247,99.9332188159696,549_Charge.csv,637
4.19979,0.05364,23.87099,5100.0,0.0,10.5163,99.96698041456274,549_Charge.csv,637
4.19979,0.05108,23.87099,5160.0,0.0,10.51992,99.9992579868441,549_Charge.csv,637
4.19979,0.04853,23.87099,5161.0,0.0,10.52001,100.0,549_Charge.csv,637
4.19995,0.23498,23.87099,0.0,0.0,0.02605,42.93628808864266,551_Charge1.csv,868
4.19979,0.14558,23.76583,60.0,0.0,0.03884,64.05817174515235,551_Charge1.csv,868
4.19979,0.09961,23.76583,120.0,0.0,0.0473,77.97783933518005,551_Charge1.csv,868
4.19979,0.07407,23.87099,180.0,0.0,0.0534,88.08864265927978,551_Charge1.csv,868
4.19979,0.05874,23.97615,240.0,0.0,0.05802,95.6371191135734,551_Charge1.csv,868
4.19979,0.04853,23.87099,282.0,0.0,0.06065,100.0,551_Charge1.csv,868
3.41444,2.99853,23.97615,0.0,0.0,0.16643,1.8283978183681688,551_Charge2.csv,872
3.49603,2.99853,24.0813,60.0,0.0,0.33938,3.657527727954904,551_Charge2.csv,872
3.5262,2.99853,24.0813,120.0,0.0,0.515,5.487023683150921,551_Charge2.csv,872
3.54626,2.99853,24.18646,180.0,0.0,0.69172,7.316519638346938,551_Charge2.csv,872
3.5675,2.99853,24.29162,240.0,0.0,0.86949,9.146015593542955,551_Charge2.csv,872
3.58756,2.99853,24.6071,300.0,0.0,1.0483,10.975511548738972,551_Charge2.csv,872
3.60661,2.99853,24.6071,360.0,0.0,1.22807,12.804641458325708,551_Charge2.csv,872
3.62447,2.99853,24.50194,420.0,0.0,1.40877,14.634137413521724,551_Charge2.csv,872
3.64184,2.99853,24.6071,480.0,0.0,1.59035,16.46363336871774,551_Charge2.csv,872
3.65785,2.99853,24.6071,540.0,0.0,1.77276,18.29312932391376,551_Charge2.csv,872
3.67184,2.99853,24.71226,600.0,0.0,1.95593,20.122259233500493,551_Charge2.csv,872
3.68415,2.99853,24.6071,660.0,0.0,2.13976,21.951755188696517,551_Charge2.csv,872
3.69561,3.00108,24.71226,720.0,0.0,2.32417,23.781251143892533,551_Charge2.csv,872
3.70741,2.99853,24.6071,780.0,0.0,2.50915,25.61074709908854,551_Charge2.csv,872
3.71971,2.99853,24.6071,840.0,0.0,2.69475,27.439877008675285,551_Charge2.csv,872
3.73219,2.99853,24.71226,900.0,0.0,2.88096,29.269372963871295,551_Charge2.csv,872
3.74483,2.99853,24.71226,960.0,0.0,3.0678,31.098868919067318,551_Charge2.csv,872
3.75713,2.99853,24.71226,1020.0,0.0,3.25527,32.92836487426333,551_Charge2.csv,872
3.7691,2.99853,24.81741,1080.0,0.0,3.44333,34.75749478385007,551_Charge2.csv,872
3.78141,2.99853,24.71226,1140.0,0.0,3.63201,36.58699073904608,551_Charge2.csv,872
3.79422,2.99853,24.71226,1200.0,0.0,3.82131,38.41648669424211,551_Charge2.csv,872
3.80804,2.99853,24.71226,1260.0,0.0,4.01128,40.24598264943812,551_Charge2.csv,872
3.82287,2.99853,24.81741,1320.0,0.0,4.20196,42.07511255902486,551_Charge2.csv,872
3.83872,2.99853,24.81741,1380.0,0.0,4.3934,43.90460851422088,551_Charge2.csv,872
3.85575,2.99853,24.81741,1440.0,0.0,4.58567,45.73410446941688,551_Charge2.csv,872
3.87344,2.99853,24.81741,1500.0,0.0,4.77882,47.56360042461291,551_Charge2.csv,872
3.89165,2.99853,24.81741,1560.0,0.0,4.97285,49.39273033419963,551_Charge2.csv,872
3.91002,2.99853,24.92257,1620.0,0.0,5.16781,51.22222628939566,551_Charge2.csv,872
3.9284,2.99853,24.81741,1680.0,0.0,5.36368,53.05172224459167,551_Charge2.csv,872
3.94643,2.99853,24.92257,1740.0,0.0,5.56045,54.88085215417841,551_Charge2.csv,872
3.96413,2.99853,24.92257,1800.0,0.0,5.75812,56.71034810937442,551_Charge2.csv,872
3.98116,2.99853,24.92257,1860.0,0.0,5.95669,58.539844064570445,551_Charge2.csv,872
3.99801,2.99853,24.92257,1920.0,0.0,6.1561,60.36934001976646,551_Charge2.csv,872
4.01436,2.99853,24.92257,1980.0,0.0,6.35632,62.198835974962485,551_Charge2.csv,872
4.03072,2.99853,25.02773,2040.0,0.0,6.55742,64.02869797576778,551_Charge2.csv,872
4.04707,2.99853,24.92257,2100.0,0.0,6.75926,65.8581939309638,551_Charge2.csv,872
4.06409,2.99853,24.92257,2160.0,0.0,6.96195,67.6876898861598,551_Charge2.csv,872
4.08196,2.99853,24.92257,2220.0,0.0,7.16551,69.51718584135584,551_Charge2.csv,872
4.10101,2.99853,24.92257,2280.0,0.0,7.36998,71.34631575094257,551_Charge2.csv,872
4.12107,2.99853,25.02773,2340.0,0.0,7.57544,73.17581170613859,551_Charge2.csv,872
4.14214,2.99853,25.02773,2400.0,0.0,7.78193,75.0053076613346,551_Charge2.csv,872
4.16354,2.99853,24.92257,2460.0,0.0,7.98947,76.83480361653062,551_Charge2.csv,872
4.18478,2.99853,24.92257,2520.0,0.0,8.19809,78.66393352611736,551_Charge2.csv,872
4.19995,2.83251,25.02773,2580.0,0.0,8.40619,80.48025183937919,551_Charge2.csv,872
4.19995,2.46983,24.92257,2640.0,0.0,8.59049,82.08645997291262,551_Charge2.csv,872
4.19995,2.2374,24.81741,2700.0,0.0,8.75483,83.51879644203667,551_Charge2.csv,872
4.19979,2.06117,24.81741,2760.0,0.0,8.90504,84.82814158644166,551_Charge2.csv,872
4.19979,1.9258,24.81741,2820.0,0.0,9.04444,86.04304696365168,551_Charge2.csv,872
4.19979,1.80576,24.6071,2880.0,0.0,9.17494,87.18035067169369,551_Charge2.csv,872
4.19979,1.70104,24.6071,2940.0,0.0,9.29761,88.2495698964091,551_Charge2.csv,872
4.19979,1.60398,24.50194,3000.0,0.0,9.41321,89.25729345876495,551_Charge2.csv,872
4.19979,1.51204,24.39678,3060.0,0.0,9.52218,90.20681576924486,551_Charge2.csv,872
4.19979,1.42009,24.39678,3120.0,0.0,9.6247,91.10069914711374,551_Charge2.csv,872
4.19979,1.32814,24.39678,3180.0,0.0,9.72089,91.9389435923716,551_Charge2.csv,872
4.19979,1.2413,24.39678,3240.0,0.0,9.81084,92.72301328745564,551_Charge2.csv,872
4.19979,1.14935,24.18646,3300.0,0.0,9.89456,93.45254218675647,551_Charge2.csv,872
4.19979,1.05996,24.0813,3360.0,0.0,9.97193,94.1267981990556,551_Charge2.csv,872
4.19979,0.97056,24.18646,3420.0,0.0,10.04297,94.7461473699623,551_Charge2.csv,872
4.19979,0.88372,24.18646,3480.0,0.0,10.1079,95.31205388191368,551_Charge2.csv,872
4.19979,0.80199,24.0813,3540.0,0.0,10.1669,95.82634796295618,551_Charge2.csv,872
4.19979,0.72281,23.97615,3600.0,0.0,10.22016,96.29049379552691,551_Charge2.csv,872
4.19979,0.64364,23.97615,3660.0,0.0,10.26796,96.70705369889087,551_Charge2.csv,872
4.19979,0.57723,24.0813,3720.0,0.0,10.31067,97.0793220835316,551_Charge2.csv,872
4.19979,0.51593,24.0813,3780.0,0.0,10.34877,97.4113254511512,551_Charge2.csv,872
4.19979,0.45719,23.87099,3840.0,0.0,10.3827,97.7070903034518,551_Charge2.csv,872
4.19979,0.4061,23.76583,3900.0,0.0,10.41284,97.96991105091696,551_Charge2.csv,872
4.19979,0.35758,23.87099,3960.0,0.0,10.43952,98.2023500128116,551_Charge2.csv,872
4.19979,0.31926,24.0813,4020.0,0.0,10.46315,98.40843369083788,551_Charge2.csv,872
4.19979,0.28351,23.97615,4080.0,0.0,10.48421,98.59182254108862,551_Charge2.csv,872
4.19979,0.25286,23.87099,4140.0,0.0,10.50292,98.7550788828288,551_Charge2.csv,872
4.19979,0.22476,23.66067,4200.0,0.0,10.51954,98.89966689849554,551_Charge2.csv,872
4.19979,0.19922,23.76583,4260.0,0.0,10.53435,99.0288809985724,551_Charge2.csv,872
4.19979,0.17879,23.87099,4320.0,0.0,10.54758,99.14418536549654,551_Charge2.csv,872
4.19979,0.16346,23.87099,4380.0,0.0,10.55947,99.2477762729236,551_Charge2.csv,872
4.19979,0.14558,23.87099,4440.0,0.0,10.57019,99.34111790329077,551_Charge2.csv,872
4.19979,0.13026,23.76583,4500.0,0.0,10.57985,99.42530839342582,551_Charge2.csv,872
4.19979,0.12004,23.66067,4560.0,0.0,10.5886,99.50181192576596,551_Charge2.csv,872
4.19979,0.10727,23.76583,4620.0,0.0,10.59652,99.57062850031114,551_Charge2.csv,872
4.19979,0.09706,23.87099,4680.0,0.0,10.6037,99.63322229949851,551_Charge2.csv,872
4.19979,0.08939,23.87099,4740.0,0.0,10.61024,99.69032541454663,551_Charge2.csv,872
4.19979,0.08173,23.76583,4800.0,0.0,10.61624,99.7426699366741,551_Charge2.csv,872
4.19979,0.07662,23.76583,4860.0,0.0,10.62176,99.79062191149016,551_Charge2.csv,872
4.19979,0.07152,23.76583,4920.0,0.0,10.62683,99.83491343021342,551_Charge2.csv,872
4.19979,0.06385,23.76583,4980.0,0.0,10.63152,99.8759105384531,551_Charge2.csv,872
4.19979,0.05874,23.87099,5040.0,0.0,10.63589,99.91397928181853,551_Charge2.csv,872
4.19979,0.05619,23.76583,5100.0,0.0,10.63994,99.94911966030968,551_Charge2.csv,872
4.19979,0.05364,23.76583,5160.0,0.0,10.64373,99.98206376514514,551_Charge2.csv,872
4.19979,0.04853,23.76583,5194.0,0.0,10.6458,100.0,551_Charge2.csv,872
4.19979,0.23753,23.87099,0.0,0.0,0.02664,42.9539295392954,551_Charge4.csv,880
4.19979,0.14814,23.87099,60.0,0.0,0.03967,64.02439024390245,551_Charge4.csv,880
4.19979,0.10472,23.87099,120.0,0.0,0.04827,77.84552845528455,551_Charge4.csv,880
4.19979,0.07662,23.97615,180.0,0.0,0.05449,87.87262872628726,551_Charge4.csv,880
4.19979,0.05874,23.87099,240.0,0.0,0.0592,95.52845528455283,551_Charge4.csv,880
4.19979,0.04853,23.87099,284.0,0.0,0.062,100.0,551_Charge4.csv,880
3.48389,2.99853,23.87099,0.0,0.0,0.17072,1.9155663721901768,551_Charge5.csv,884
3.53817,2.99853,23.97615,60.0,0.0,0.34654,3.8311327443803536,551_Charge5.csv,884
3.56227,2.99853,24.0813,120.0,0.0,0.52396,5.74669911657053,551_Charge5.csv,884
3.5857,2.99853,24.29162,180.0,0.0,0.70258,7.661882222179638,551_Charge5.csv,884
3.60711,2.99853,24.29162,240.0,0.0,0.88234,9.577448594369814,551_Charge5.csv,884
3.62633,2.99853,24.39678,300.0,0.0,1.06309,11.493014966559992,551_Charge5.csv,884
3.6447,2.99853,24.50194,360.0,0.0,1.24478,13.408198072169098,551_Charge5.csv,884
3.66156,2.99853,24.50194,420.0,0.0,1.42737,15.323764444359275,551_Charge5.csv,884
3.67606,2.99853,24.6071,480.0,0.0,1.61074,17.23933081654945,551_Charge5.csv,884
3.68836,2.99853,24.6071,540.0,0.0,1.79476,19.15489718873963,551_Charge5.csv,884
3.69982,2.99853,24.71226,600.0,0.0,1.97937,21.07008029434873,551_Charge5.csv,884
3.71162,2.99853,24.6071,660.0,0.0,2.16457,22.98564666653891,551_Charge5.csv,884
3.72393,2.99853,24.6071,720.0,0.0,2.35037,24.90082977214802,551_Charge5.csv,884
3.73657,2.99853,24.71226,780.0,0.0,2.53679,26.8163961443382,551_Charge5.csv,884
3.74921,2.99853,24.81741,840.0,0.0,2.72387,28.73196251652837,551_Charge5.csv,884
3.76169,2.99853,24.71226,900.0,0.0,2.91156,30.64752888871855,551_Charge5.csv,884
3.77382,2.99853,24.71226,960.0,0.0,3.09986,32.563095260908725,551_Charge5.csv,884
3.78647,2.99853,24.81741,1020.0,0.0,3.28877,34.47827836651783,551_Charge5.csv,884
3.79978,2.99853,24.81741,1080.0,0.0,3.47832,36.39346147212694,551_Charge5.csv,884
3.81394,2.99853,24.71226,1140.0,0.0,3.66858,38.30902784431712,551_Charge5.csv,884
3.82928,2.99853,24.81741,1200.0,0.0,3.85956,40.22459421650729,551_Charge5.csv,884
3.8458,2.99853,24.92257,1260.0,0.0,4.05134,42.1397773221164,551_Charge5.csv,884
3.86316,2.99853,24.92257,1320.0,0.0,4.24398,44.05534369430658,551_Charge5.csv,884
3.88137,2.99853,24.92257,1380.0,0.0,4.4375,45.97091006649674,551_Charge5.csv,884
3.89974,2.99853,24.92257,1440.0,0.0,4.63194,47.88647643868693,551_Charge5.csv,884
3.91811,2.99853,25.02773,1500.0,0.0,4.8273,49.80165954429604,551_Charge5.csv,884
3.93649,2.99853,24.92257,1560.0,0.0,5.02358,51.71722591648621,551_Charge5.csv,884
3.95436,3.00108,24.92257,1620.0,0.0,5.22075,53.63279228867639,551_Charge5.csv,884
3.97189,2.99853,24.92257,1680.0,0.0,5.41882,55.5479753942855,551_Charge5.csv,884
3.98874,2.99853,24.92257,1740.0,0.0,5.61776,57.463541766475664,551_Charge5.csv,884
4.00543,2.99853,24.92257,1800.0,0.0,5.81752,59.37910813866585,551_Charge5.csv,884
4.02178,2.99853,25.13289,1860.0,0.0,6.01811,61.29467451085602,551_Charge5.csv,884
4.03813,2.99853,25.02773,1920.0,0.0,6.21954,63.21024088304621,551_Charge5.csv,884
4.05482,2.99853,25.02773,1980.0,0.0,6.42177,65.12542398865531,551_Charge5.csv,884
4.07218,2.99853,25.02773,2040.0,0.0,6.62485,67.04099036084548,551_Charge5.csv,884
4.09072,2.99853,25.13289,2100.0,0.0,6.82883,68.95655673303565,551_Charge5.csv,884
4.11028,2.99853,25.13289,2160.0,0.0,7.03375,70.87212310522584,551_Charge5.csv,884
4.13084,2.99853,25.02773,2220.0,0.0,7.23968,72.78730621083494,551_Charge5.csv,884
4.15242,2.99853,24.92257,2280.0,0.0,7.44666,74.70287258302511,551_Charge5.csv,884
4.17383,2.99853,25.13289,2340.0,0.0,7.65472,76.6184389552153,551_Charge5.csv,884
4.19439,2.99853,25.23805,2400.0,0.0,7.86383,78.5336220608244,551_Charge5.csv,884
4.19995,2.63585,25.02773,2460.0,0.0,8.06327,80.35413832090912,551_Charge5.csv,884
4.19995,2.34723,24.81741,2520.0,0.0,8.23703,81.9397121667976,551_Charge5.csv,884
4.19995,2.1429,24.92257,2580.0,0.0,8.39372,83.3696797807715,551_Charge5.csv,884
4.19979,1.98965,25.02773,2640.0,0.0,8.53815,84.68773355307285,551_Charge5.csv,884
4.19979,1.86706,24.92257,2700.0,0.0,8.67306,85.91878581147118,551_Charge5.csv,884
4.19979,1.75212,24.39678,2760.0,0.0,8.79964,87.07395128681755,551_Charge5.csv,884
4.19979,1.6474,24.50194,2820.0,0.0,8.91852,88.15897897782801,551_Charge5.csv,884
4.19979,1.5529,24.71226,2880.0,0.0,9.03047,89.1803844163808,551_Charge5.csv,884
4.19979,1.46606,24.81741,2940.0,0.0,9.13611,90.1446831343541,551_Charge5.csv,884
4.19979,1.37667,24.6071,3000.0,0.0,9.23568,91.0530249314911,551_Charge5.csv,884
4.19979,1.28983,24.18646,3060.0,0.0,9.32904,91.90502654121074,551_Charge5.csv,884
4.19979,1.19788,24.0813,3120.0,0.0,9.4161,92.69953816376982,551_Charge5.csv,884
4.19979,1.10593,24.18646,3180.0,0.0,9.49667,93.43502673284402,551_Charge5.csv,884
4.19979,1.02165,24.39678,3240.0,0.0,9.57102,94.11340858133876,551_Charge5.csv,884
4.19979,0.93225,24.39678,3300.0,0.0,9.63931,94.73660004215932,551_Charge5.csv,884
4.19979,0.84797,24.29162,3360.0,0.0,9.70161,95.3053676484679,551_Charge5.csv,884
4.19979,0.76623,24.18646,3420.0,0.0,9.75807,95.8204779334266,551_Charge5.csv,884
4.19979,0.68961,24.0813,3480.0,0.0,9.80896,96.284997029684,551_Charge5.csv,884
4.19979,0.61554,23.97615,3540.0,0.0,9.85463,96.70160780330758,551_Charge5.csv,884
4.19979,0.54913,24.0813,3600.0,0.0,9.8954,97.073759653527,551_Charge5.csv,884
4.19979,0.49039,24.0813,3660.0,0.0,9.93174,97.40528524615296,551_Charge5.csv,884
4.19979,0.4342,24.0813,3720.0,0.0,9.96413,97.70078378015828,551_Charge5.csv,884
4.19979,0.38567,23.97615,3780.0,0.0,9.99288,97.96332138819156,551_Charge5.csv,884
4.19979,0.34225,23.87099,3840.0,0.0,10.0184,98.1963474694824,551_Charge5.csv,884
4.19979,0.30394,23.97615,3900.0,0.0,10.04111,98.40331142326043,551_Charge5.csv,884
4.19979,0.27074,23.97615,3960.0,0.0,10.0613,98.58766264875534,551_Charge5.csv,884
4.19979,0.24009,23.97615,4020.0,0.0,10.07922,98.75131747887242,551_Charge5.csv,884
4.19979,0.21455,23.97615,4080.0,0.0,10.09518,98.8969587796792,551_Charge5.csv,884
4.19979,0.19156,23.97615,4140.0,0.0,10.10945,99.02726941724316,551_Charge5.csv,884
4.19979,0.17368,23.87099,4200.0,0.0,10.1222,99.14339919130752,551_Charge5.csv,884
4.19979,0.1558,23.97615,4260.0,0.0,10.13367,99.24803096793974,551_Charge5.csv,884
4.19979,0.14048,23.87099,4320.0,0.0,10.144,99.34231454688307,551_Charge5.csv,884
4.19979,0.12515,23.87099,4380.0,0.0,10.15331,99.42739972788073,551_Charge5.csv,884
4.19979,0.11494,23.76583,4440.0,0.0,10.16173,99.50405304409482,551_Charge5.csv,884
4.19979,0.10472,23.97615,4500.0,0.0,10.16938,99.57419082843072,551_Charge5.csv,884
4.19979,0.0945,23.87099,4560.0,0.0,10.17634,99.63742981430734,551_Charge5.csv,884
4.19979,0.08684,23.87099,4620.0,0.0,10.1827,99.69568633463004,551_Charge5.csv,884
4.19979,0.07918,23.76583,4680.0,0.0,10.18855,99.74896038939885,551_Charge5.csv,884
4.19979,0.07407,23.87099,4740.0,0.0,10.1939,99.7976352451948,551_Charge5.csv,884
4.19979,0.06896,23.87099,4800.0,0.0,10.19885,99.84286070176113,551_Charge5.csv,884
4.19979,0.0613,23.87099,4860.0,0.0,10.2034,99.8846367590978,551_Charge5.csv,884
4.19979,0.05874,23.87099,4920.0,0.0,10.20762,99.92296341720484,551_Charge5.csv,884
4.19979,0.05364,23.87099,4980.0,0.0,10.21155,99.95899047582546,551_Charge5.csv,884
4.19979,0.05108,23.87099,5040.0,0.0,10.21521,99.9923346683786,551_Charge5.csv,884
4.19979,0.04853,23.87099,5054.0,0.0,10.21606,100.0,551_Charge5.csv,884
3.48794,2.99853,23.76583,0.0,0.0,0.17107,1.9156618193804569,551_Charge6.csv,888
3.5375,2.99853,24.0813,60.0,0.0,0.34693,3.8313236387609138,551_Charge6.csv,888
3.56093,2.99853,24.0813,120.0,0.0,0.52429,5.746602172463224,551_Charge6.csv,888
3.58436,2.99853,24.0813,180.0,0.0,0.70285,7.66226399184368,551_Charge6.csv,888
3.60576,2.99853,24.18646,240.0,0.0,0.88252,9.57754252554599,551_Charge6.csv,888
3.62515,2.99853,24.18646,300.0,0.0,1.06323,11.493204344926449,551_Charge6.csv,888
3.64369,2.99853,24.29162,360.0,0.0,1.24487,13.408866164306904,551_Charge6.csv,888
3.66072,2.99853,24.50194,420.0,0.0,1.42741,15.32452798368736,551_Charge6.csv,888
3.67555,2.99853,24.6071,480.0,0.0,1.61073,17.23980651738967,551_Charge6.csv,888
3.68785,2.99853,24.50194,540.0,0.0,1.79474,19.155468336770127,551_Charge6.csv,888
3.69949,2.99853,24.6071,600.0,0.0,1.97933,21.071130156150584,551_Charge6.csv,888
3.71112,2.99853,24.6071,660.0,0.0,2.16451,22.98640868985289,551_Charge6.csv,888
3.72342,2.99853,24.50194,720.0,0.0,2.35028,24.902070509233354,551_Charge6.csv,888
3.73606,2.99853,24.6071,780.0,0.0,2.53669,26.817732328613808,551_Charge6.csv,888
3.74888,2.99853,24.6071,840.0,0.0,2.72373,28.73301086231612,551_Charge6.csv,888
3.76118,2.99853,24.81741,900.0,0.0,2.91141,30.64867268169657,551_Charge6.csv,888
3.77349,2.99853,24.6071,960.0,0.0,3.09968,32.56433450107703,551_Charge6.csv,888
3.78613,2.99853,24.71226,1020.0,0.0,3.28857,34.47961303477934,551_Charge6.csv,888
3.79944,2.99853,24.71226,1080.0,0.0,3.47812,36.3952748541598,551_Charge6.csv,888
3.8136,3.00108,24.71226,1140.0,0.0,3.66836,38.310936673540255,551_Charge6.csv,888
3.82911,2.99853,24.71226,1200.0,0.0,3.85934,40.22659849292072,551_Charge6.csv,888
3.84546,2.99853,24.71226,1260.0,0.0,4.05111,42.14187702662303,551_Charge6.csv,888
3.86299,2.99853,24.81741,1320.0,0.0,4.24373,44.05753884600348,551_Charge6.csv,888
3.88103,2.99853,24.81741,1380.0,0.0,4.43725,45.973200665383935,551_Charge6.csv,888
3.89957,2.99853,24.81741,1440.0,0.0,4.63166,47.8888624847644,551_Charge6.csv,888
3.91795,2.99853,24.81741,1500.0,0.0,4.82701,49.80414101846671,551_Charge6.csv,888
3.93615,2.99853,24.81741,1560.0,0.0,5.02326,51.71980283784716,551_Charge6.csv,888
3.95419,2.99853,24.81741,1620.0,0.0,5.22044,53.635464657227615,551_Charge6.csv,888
3.97172,2.99853,24.92257,1680.0,0.0,5.41849,55.55074319092993,551_Charge6.csv,888
3.98874,2.99853,24.92257,1740.0,0.0,5.61741,57.46640501031038,551_Charge6.csv,888
4.00526,2.99853,24.81741,1800.0,0.0,5.81717,59.38206682969084,551_Charge6.csv,888
4.02178,2.99853,24.92257,1860.0,0.0,6.01775,61.29734536339314,551_Charge6.csv,888
4.03796,2.99853,25.02773,1920.0,0.0,6.21915,63.21300718277361,551_Charge6.csv,888
4.05465,2.99853,24.92257,1980.0,0.0,6.42138,65.12866900215406,551_Charge6.csv,888
4.07201,2.99853,24.92257,2040.0,0.0,6.62444,67.04394753585638,551_Charge6.csv,888
4.09056,2.99853,24.92257,2100.0,0.0,6.82841,68.95960935523682,551_Charge6.csv,888
4.10994,2.99853,25.02773,2160.0,0.0,7.03335,70.8752711746173,551_Charge6.csv,888
4.13067,2.99853,25.13289,2220.0,0.0,7.23926,72.79093299399774,551_Charge6.csv,888
4.15208,2.99853,24.92257,2280.0,0.0,7.44626,74.70659481337819,551_Charge6.csv,888
4.17366,2.99853,24.92257,2340.0,0.0,7.65431,76.62225663275865,551_Charge6.csv,888
4.19439,2.99853,25.23805,2400.0,0.0,7.86343,78.53791845213911,551_Charge6.csv,888
4.19995,2.63329,25.13289,2460.0,0.0,8.06273,80.35699228062644,551_Charge6.csv,888
4.19995,2.34978,24.81741,2520.0,0.0,8.23652,81.94302841680017,551_Charge6.csv,888
4.19995,2.1429,24.81741,2580.0,0.0,8.39333,83.37421713900238,551_Charge6.csv,888
4.19979,1.98965,24.92257,2640.0,0.0,8.53772,84.69195330047297,551_Charge6.csv,888
4.19979,1.8645,24.92257,2700.0,0.0,8.67257,85.92268361300411,551_Charge6.csv,888
4.19979,1.75212,24.39678,2760.0,0.0,8.79916,87.07790664694022,551_Charge6.csv,888
4.19979,1.6474,24.29162,2820.0,0.0,8.91811,88.16337168745352,551_Charge6.csv,888
4.19979,1.5529,24.71226,2880.0,0.0,9.03017,89.18597787675066,551_Charge6.csv,888
4.19979,1.46862,24.81741,2940.0,0.0,9.1359,90.15109121432567,551_Charge6.csv,888
4.19979,1.37922,24.50194,3000.0,0.0,9.23553,91.0602448428912,551_Charge6.csv,888
4.19979,1.28727,24.0813,3060.0,0.0,9.3289,91.91228890541277,551_Charge6.csv,888
4.19979,1.19788,24.18646,3120.0,0.0,9.41585,92.70607354485593,551_Charge6.csv,888
4.19979,1.10593,24.29162,3180.0,0.0,9.49647,93.44159876122067,551_Charge6.csv,888
4.19979,1.02165,24.39678,3240.0,0.0,9.57092,94.12116426857592,551_Charge6.csv,888
4.19979,0.93481,24.18646,3300.0,0.0,9.6393,94.7451533525998,551_Charge6.csv,888
4.19979,0.84797,24.0813,3360.0,0.0,9.70168,95.31433258464862,551_Charge6.csv,888
4.19979,0.76623,23.97615,3420.0,0.0,9.75817,95.830235107435,551_Charge6.csv,888
4.19979,0.68706,24.0813,3480.0,0.0,9.80905,96.29439406367142,551_Charge6.csv,888
4.19979,0.61554,24.0813,3540.0,0.0,9.85468,96.7110255958176,551_Charge6.csv,888
4.19979,0.54913,24.0813,3600.0,0.0,9.89548,97.08319598929866,551_Charge6.csv,888
4.19979,0.49039,24.0813,3660.0,0.0,9.93184,97.41512138657428,551_Charge6.csv,888
4.19979,0.43675,23.97615,3720.0,0.0,9.96419,97.71025135874773,551_Charge6.csv,888
4.19979,0.38567,23.97615,3780.0,0.0,9.99289,97.97203547692236,551_Charge6.csv,888
4.19979,0.34225,23.97615,3840.0,0.0,10.01837,98.20468988355782,551_Charge6.csv,888
4.19979,0.30394,23.87099,3900.0,0.0,10.04096,98.41089757840108,551_Charge6.csv,888
4.19979,0.27074,23.87099,3960.0,0.0,10.0611,98.59449141823366,551_Charge6.csv,888
4.19979,0.24009,23.87099,4020.0,0.0,10.07898,98.75777111712443,551_Charge6.csv,888
4.19979,0.21455,23.87099,4080.0,0.0,10.09491,98.90341967482044,551_Charge6.csv,888
4.19979,0.19156,23.87099,4140.0,0.0,10.10913,99.03297023403424,551_Charge6.csv,888
4.19979,0.17113,23.76583,4200.0,0.0,10.12185,99.14910579451288,551_Charge6.csv,888
4.19979,0.1558,23.87099,4260.0,0.0,10.13327,99.25335949896896,551_Charge6.csv,888
4.19979,0.14048,23.87099,4320.0,0.0,10.14357,99.34726449011508,551_Charge6.csv,888
4.19979,0.12515,23.87099,4380.0,0.0,10.15286,99.43197062498562,551_Charge6.csv,888
4.19979,0.11238,23.87099,4440.0,0.0,10.16125,99.5086277606151,551_Charge6.csv,888
4.19979,0.10472,23.97615,4500.0,0.0,10.16885,99.57800246835976,551_Charge6.csv,888
4.19979,0.0945,23.87099,4560.0,0.0,10.17579,99.64124460525407,551_Charge6.csv,888
4.19979,0.08684,23.87099,4620.0,0.0,10.18213,99.69912074265432,551_Charge6.csv,888
4.19979,0.07918,23.87099,4680.0,0.0,10.18794,99.7523974519168,551_Charge6.csv,888
4.19979,0.07407,23.76583,4740.0,0.0,10.19327,99.80107473304152,551_Charge6.csv,888
4.19979,0.06641,23.76583,4800.0,0.0,10.1982,99.84591915738476,551_Charge6.csv,888
4.19979,0.0613,23.76583,4860.0,0.0,10.20276,99.88769729630282,551_Charge6.csv,888
4.19979,0.05874,23.76583,4920.0,0.0,10.20696,99.92602586411756,551_Charge6.csv,888
4.19979,0.05364,23.76583,4980.0,0.0,10.21091,99.9620547178634,551_Charge6.csv,888
4.19979,0.05108,23.76583,5040.0,0.0,10.21457,99.99540057186223,551_Charge6.csv,888
4.19979,0.04853,23.87099,5049.0,0.0,10.21507,100.0,551_Charge6.csv,888
3.47816,2.99853,23.76583,0.0,0.0,0.17038,1.9108937767871137,551_Charge7.csv,892
3.53514,3.00108,23.87099,60.0,0.0,0.34598,3.8217875535742274,551_Charge7.csv,892
3.5589,2.99853,23.97615,120.0,0.0,0.52327,5.733063662049374,551_Charge7.csv,892
3.58233,2.99853,24.0813,180.0,0.0,0.70172,7.643575107148455,551_Charge7.csv,892
3.60391,2.99853,24.29162,240.0,0.0,0.88133,9.55446888393557,551_Charge7.csv,892
3.62329,2.99853,24.29162,300.0,0.0,1.06194,11.465362660722684,551_Charge7.csv,892
3.64167,2.99853,24.39678,360.0,0.0,1.24351,13.376638769197829,551_Charge7.csv,892
3.65886,2.99853,24.6071,420.0,0.0,1.42596,15.28753254598494,551_Charge7.csv,892
3.6737,2.99853,24.50194,480.0,0.0,1.60921,17.198426322772058,551_Charge7.csv,892
3.68651,2.99853,24.6071,540.0,0.0,1.79316,19.10932009955917,551_Charge7.csv,892
3.69797,2.99853,24.6071,600.0,0.0,1.9777,21.020213876346283,551_Charge7.csv,892
3.7096,2.99853,24.6071,660.0,0.0,2.16283,22.9311076531334,551_Charge7.csv,892
3.7219,2.99853,24.6071,720.0,0.0,2.34856,24.842383761608545,551_Charge7.csv,892
3.73455,2.99853,24.6071,780.0,0.0,2.53489,26.753277538395658,551_Charge7.csv,892
3.74736,3.00108,24.6071,840.0,0.0,2.72186,28.664171315182774,551_Charge7.csv,892
3.75983,2.99853,24.6071,900.0,0.0,2.90947,30.575065091969883,551_Charge7.csv,892
3.77214,2.99853,24.6071,960.0,0.0,3.09771,32.485958868756995,551_Charge7.csv,892
3.78461,2.99853,24.71226,1020.0,0.0,3.28654,34.396852645544115,551_Charge7.csv,892
3.79776,3.00108,24.71226,1080.0,0.0,3.476,36.30774642233123,551_Charge7.csv,892
3.81192,2.99853,24.81741,1140.0,0.0,3.6662,38.21902253080637,551_Charge7.csv,892
3.82726,2.99853,24.81741,1200.0,0.0,3.8571,40.12991630759348,551_Charge7.csv,892
3.84361,2.99853,24.81741,1260.0,0.0,4.0488,42.0408100843806,551_Charge7.csv,892
3.86097,2.99853,24.81741,1320.0,0.0,4.24135,43.95170386116772,551_Charge7.csv,892
3.87901,2.99853,24.81741,1380.0,0.0,4.43478,45.86297996964286,551_Charge7.csv,892
3.89738,2.99853,24.81741,1440.0,0.0,4.62909,47.77349141474194,551_Charge7.csv,892
3.91592,2.99853,24.81741,1500.0,0.0,4.82438,49.68476752321709,551_Charge7.csv,892
3.93413,2.99853,24.81741,1560.0,0.0,5.02058,51.59604363169223,551_Charge7.csv,892
3.95216,3.00108,24.81741,1620.0,0.0,5.21764,53.50655507679132,551_Charge7.csv,892
3.96969,3.00108,24.81741,1680.0,0.0,5.41564,55.41783118526647,551_Charge7.csv,892
3.98689,2.99853,24.81741,1740.0,0.0,5.61452,57.32910729374161,551_Charge7.csv,892
4.00358,2.99853,24.92257,1800.0,0.0,5.81424,59.24038340221676,551_Charge7.csv,892
4.01993,3.00108,24.92257,1860.0,0.0,6.01476,61.15127717900387,551_Charge7.csv,892
4.03628,2.99853,24.92257,1920.0,0.0,6.21607,63.06217095579099,551_Charge7.csv,892
4.05297,2.99853,24.81741,1980.0,0.0,6.41825,64.97344706426614,551_Charge7.csv,892
4.07016,2.99853,24.92257,2040.0,0.0,6.62127,66.88434084105324,551_Charge7.csv,892
4.08836,3.00108,24.92257,2100.0,0.0,6.82514,68.79523461784036,551_Charge7.csv,892
4.10792,2.99853,24.92257,2160.0,0.0,7.02996,70.70612839462747,551_Charge7.csv,892
4.12848,2.99853,24.92257,2220.0,0.0,7.2358,72.6174045031026,551_Charge7.csv,892
4.14989,2.99853,24.92257,2280.0,0.0,7.44266,74.5279159482017,551_Charge7.csv,892
4.17147,3.00108,25.02773,2340.0,0.0,7.65063,76.43919205667684,551_Charge7.csv,892
4.19237,2.99853,25.02773,2400.0,0.0,7.85965,78.35008583346395,551_Charge7.csv,892
4.19995,2.66649,24.92257,2460.0,0.0,8.06126,80.18604259939667,551_Charge7.csv,892
4.19979,2.37022,24.92257,2520.0,0.0,8.2369,81.78495371874916,551_Charge7.csv,892
4.19995,2.16078,24.92257,2580.0,0.0,8.3952,83.22596185094416,551_Charge7.csv,892
4.19979,2.00242,24.81741,2640.0,0.0,8.54074,84.55074114997726,551_Charge7.csv,892
4.19979,1.87472,24.6071,2700.0,0.0,8.67629,85.7849078389466,551_Charge7.csv,892
4.19979,1.76234,24.6071,2760.0,0.0,8.80344,86.94222585862138,551_Charge7.csv,892
4.19979,1.65762,24.6071,2820.0,0.0,8.92307,88.03148883782637,551_Charge7.csv,892
4.19979,1.56312,24.50194,2880.0,0.0,9.03584,89.058049420194,551_Charge7.csv,892
4.19979,1.47372,24.39678,2940.0,0.0,9.1421,90.02534859091655,551_Charge7.csv,892
4.19979,1.38433,24.39678,3000.0,0.0,9.2421,90.93568034012226,551_Charge7.csv,892
4.19979,1.30004,24.39678,3060.0,0.0,9.33603,91.79095632625128,551_Charge7.csv,892
4.19979,1.21065,24.39678,3120.0,0.0,9.42382,92.59002955423948,551_Charge7.csv,892
4.19979,1.12126,24.29162,3180.0,0.0,9.50539,93.33251769239884,551_Charge7.csv,892
4.19979,1.03186,24.39678,3240.0,0.0,9.5808,94.01918540410549,551_Charge7.csv,892
4.19979,0.94758,24.39678,3300.0,0.0,9.65004,94.64965035767128,551_Charge7.csv,892
4.19979,0.86329,24.18646,3360.0,0.0,9.71329,95.22544187984845,551_Charge7.csv,892
4.19979,0.779,24.29162,3420.0,0.0,9.77066,95.747324634013,551_Charge7.csv,892
4.19979,0.70238,24.0813,3480.0,0.0,9.82244,96.21873960535724,551_Charge7.csv,892
4.19979,0.62831,24.18646,3540.0,0.0,9.86893,96.64198078400936,551_Charge7.csv,892
4.19979,0.55935,24.0813,3600.0,0.0,9.91052,97.02087148684969,551_Charge7.csv,892
4.19979,0.49805,24.0813,3660.0,0.0,9.94758,97.35808803569448,551_Charge7.csv,892
4.19979,0.44697,23.97615,3720.0,0.0,9.98055,97.6582184108001,551_Charge7.csv,892
4.19979,0.39589,23.97615,3780.0,0.0,10.00987,97.92508592904689,551_Charge7.csv,892
4.19979,0.34991,23.97615,3840.0,0.0,10.03591,98.16213157562711,551_Charge7.csv,892
4.19979,0.3116,24.0813,3900.0,0.0,10.05903,98.3727963357331,551_Charge7.csv,892
4.19979,0.27584,23.97615,3960.0,0.0,10.07961,98.56013886286908,551_Charge7.csv,892
4.19979,0.24775,23.97615,4020.0,0.0,10.0979,98.72645314716328,551_Charge7.csv,892
4.19979,0.21965,23.97615,4080.0,0.0,10.11417,98.87479784211996,551_Charge7.csv,892
4.19979,0.19667,23.97615,4140.0,0.0,10.1287,99.00708460617923,551_Charge7.csv,892
4.19979,0.17623,23.97615,4200.0,0.0,10.1417,99.12522509778132,551_Charge7.csv,892
4.19979,0.15836,23.87099,4260.0,0.0,10.15337,99.2315133070544,551_Charge7.csv,892
4.19979,0.14303,23.87099,4320.0,0.0,10.16389,99.32747856075058,551_Charge7.csv,892
4.19979,0.13026,23.97615,4380.0,0.0,10.17337,99.41350319055792,551_Charge7.csv,892
4.19979,0.11749,24.0813,4440.0,0.0,10.18193,99.4914988549166,551_Charge7.csv,892
4.19979,0.10472,23.97615,4500.0,0.0,10.18971,99.56223021720264,551_Charge7.csv,892
4.19979,0.09706,23.87099,4560.0,0.0,10.19681,99.62684427248016,551_Charge7.csv,892
4.19979,0.08684,23.87099,4620.0,0.0,10.20332,99.6861056841252,551_Charge7.csv,892
4.19979,0.08173,23.97615,4680.0,0.0,10.20926,99.74039678382584,551_Charge7.csv,892
4.19979,0.07407,23.97615,4740.0,0.0,10.21471,99.79009990327008,551_Charge7.csv,892
4.19979,0.06896,23.97615,4800.0,0.0,10.21973,99.83559737414596,551_Charge7.csv,892
4.19979,0.06385,23.76583,4860.0,0.0,10.22436,99.87765385982956,551_Charge7.csv,892
4.19979,0.05874,23.87099,4920.0,0.0,10.22864,99.91665169200888,551_Charge7.csv,892
4.19979,0.05364,24.0813,4980.0,0.0,10.23265,99.95335553406002,551_Charge7.csv,892
4.19979,0.05108,23.97615,5040.0,0.0,10.23636,99.9870007226069,551_Charge7.csv,892
4.19979,0.04853,23.97615,5063.0,0.0,10.23778,100.0,551_Charge7.csv,892
3.48153,2.99853,23.66067,0.0,0.0,0.17066,1.9116977696859352,551_Charge8.csv,896
3.5348,2.99853,23.87099,60.0,0.0,0.34631,3.8233955393718704,551_Charge8.csv,896
3.55806,2.99853,24.0813,120.0,0.0,0.52357,5.735093309057806,551_Charge8.csv,896
3.58149,2.99853,24.29162,180.0,0.0,0.702,7.646791078743741,551_Charge8.csv,896
3.60307,2.99853,24.29162,240.0,0.0,0.88156,9.558871340980634,551_Charge8.csv,896
3.62279,3.00108,24.29162,300.0,0.0,1.06213,11.470569110666569,551_Charge8.csv,896
3.64116,2.99853,24.50194,360.0,0.0,1.24369,13.382266880352503,551_Charge8.csv,896
3.65852,2.99853,24.50194,420.0,0.0,1.42612,15.293964650038438,551_Charge8.csv,896
3.67353,2.99853,24.6071,480.0,0.0,1.60935,17.205662419724376,551_Charge8.csv,896
3.68634,2.99853,24.50194,540.0,0.0,1.79329,19.11736018941031,551_Charge8.csv,896
3.6978,2.99853,24.6071,600.0,0.0,1.97782,21.02905795909625,551_Charge8.csv,896
3.70943,2.99853,24.6071,660.0,0.0,2.16291,22.940755728782182,551_Charge8.csv,896
3.72174,2.99853,24.6071,720.0,0.0,2.34861,24.85245349846812,551_Charge8.csv,896
3.73438,2.99853,24.6071,780.0,0.0,2.53494,26.76415126815405,551_Charge8.csv,896
3.74719,3.00108,24.6071,840.0,0.0,2.72192,28.67584903783999,551_Charge8.csv,896
3.75983,3.00108,24.6071,900.0,0.0,2.90953,30.58792930007688,551_Charge8.csv,896
3.77214,2.99853,24.71226,960.0,0.0,3.09778,32.50000956231377,551_Charge8.csv,896
3.78461,3.00108,24.71226,1020.0,0.0,3.28664,34.41170733199971,551_Charge8.csv,896
3.79793,2.99853,24.71226,1080.0,0.0,3.47612,36.32340510168565,551_Charge8.csv,896
3.81209,2.99853,24.71226,1140.0,0.0,3.66631,38.23510287137158,551_Charge8.csv,896
3.82743,2.99853,24.81741,1200.0,0.0,3.85725,40.14718313360847,551_Charge8.csv,896
3.84378,3.00108,24.71226,1260.0,0.0,4.04895,42.0588809032944,551_Charge8.csv,896
3.86114,2.99853,24.71226,1320.0,0.0,4.2415,43.9709611655313,551_Charge8.csv,896
3.87934,2.99853,24.81741,1380.0,0.0,4.43495,45.88265893521724,551_Charge8.csv,896
3.89772,2.99853,24.92257,1440.0,0.0,4.6293,47.794356704903166,551_Charge8.csv,896
3.91626,2.99853,24.81741,1500.0,0.0,4.8246,49.706436967140064,551_Charge8.csv,896
3.93463,2.99853,24.92257,1560.0,0.0,5.0208,51.61813473682601,551_Charge8.csv,896
3.9525,2.99853,24.92257,1620.0,0.0,5.21791,53.52983250651193,551_Charge8.csv,896
3.9702,2.99853,24.92257,1680.0,0.0,5.4159,55.44153027619787,551_Charge8.csv,896
3.98723,2.99853,24.92257,1740.0,0.0,5.61475,57.35322804588381,551_Charge8.csv,896
4.00391,2.99853,24.92257,1800.0,0.0,5.81445,59.26492581556973,551_Charge8.csv,896
4.02026,2.99853,24.92257,1860.0,0.0,6.01498,61.17662358525568,551_Charge8.csv,896
4.03661,2.99853,24.92257,1920.0,0.0,6.21633,63.08832135494161,551_Charge8.csv,896
4.0533,2.99853,24.92257,1980.0,0.0,6.41849,65.00001912462754,551_Charge8.csv,896
4.0705,3.00108,24.92257,2040.0,0.0,6.62152,66.91171689431349,551_Charge8.csv,896
4.08887,2.99853,25.02773,2100.0,0.0,6.82543,68.82379715655037,551_Charge8.csv,896
4.10842,2.99853,25.02773,2160.0,0.0,7.03028,70.73549492623631,551_Charge8.csv,896
4.12899,2.99853,24.92257,2220.0,0.0,7.23616,72.6475751884732,551_Charge8.csv,896
4.1504,2.99853,24.92257,2280.0,0.0,7.44305,74.55889046560819,551_Charge8.csv,896
4.17197,2.99853,24.92257,2340.0,0.0,7.65102,76.47058823529413,551_Charge8.csv,896
4.19271,2.99853,25.02773,2400.0,0.0,7.86007,78.38228600498005,551_Charge8.csv,896
4.19995,2.65883,24.92257,2460.0,0.0,8.06121,80.21480781661778,551_Charge8.csv,896
4.19995,2.36511,24.81741,2520.0,0.0,8.23644,81.81056673921276,551_Charge8.csv,896
4.19979,2.15823,24.92257,2580.0,0.0,8.39442,83.24950371591513,551_Charge8.csv,896
4.19979,1.99987,24.81741,2640.0,0.0,8.5398,84.57331043477929,551_Charge8.csv,896
4.19979,1.87217,24.6071,2700.0,0.0,8.67521,85.80684891161745,551_Charge8.csv,896
4.19979,1.75978,24.6071,2760.0,0.0,8.80223,86.96350638571315,551_Charge8.csv,896
4.19979,1.65762,24.6071,2820.0,0.0,8.92185,88.0528451708403,551_Charge8.csv,896
4.19979,1.56312,24.50194,2880.0,0.0,9.03466,89.08022016271232,551_Charge8.csv,896
4.19979,1.47372,24.39678,2940.0,0.0,9.14093,90.04830880918594,551_Charge8.csv,896
4.19979,1.38688,24.39678,3000.0,0.0,9.24089,90.95864108046496,551_Charge8.csv,896
4.19979,1.29494,24.50194,3060.0,0.0,9.33469,91.81274694675322,551_Charge8.csv,896
4.19979,1.2081,24.39678,3120.0,0.0,9.42239,92.61177388570356,551_Charge8.csv,896
4.19979,1.1187,24.18646,3180.0,0.0,9.50385,93.3534269420103,551_Charge8.csv,896
4.19979,1.02931,24.18646,3240.0,0.0,9.57907,94.03847110077533,551_Charge8.csv,896
4.19979,0.94502,24.29162,3300.0,0.0,9.6481,94.66728885454955,551_Charge8.csv,896
4.19979,0.85818,24.29162,3360.0,0.0,9.71115,95.24141017353686,551_Charge8.csv,896
4.19979,0.77645,24.0813,3420.0,0.0,9.7684,95.76274752049204,551_Charge8.csv,896
4.19979,0.69727,23.97615,3480.0,0.0,9.82005,96.23321335816983,551_Charge8.csv,896
4.19979,0.62576,23.97615,3540.0,0.0,9.86635,96.65510264187604,551_Charge8.csv,896
4.19979,0.5619,24.18646,3600.0,0.0,9.90779,97.03224029712024,551_Charge8.csv,896
4.19979,0.50061,24.0813,3660.0,0.0,9.94476,97.36921623451384,551_Charge8.csv,896
4.19979,0.44186,23.97615,3720.0,0.0,9.97772,97.66909039446456,551_Charge8.csv,896
4.19979,0.39333,23.76583,3780.0,0.0,10.00697,97.935687702482,551_Charge8.csv,896
4.19979,0.34736,23.97615,3840.0,0.0,10.0329,98.1716856064228,551_Charge8.csv,896
4.19979,0.30905,24.0813,3900.0,0.0,10.05592,98.38129152434756,551_Charge8.csv,896
4.19979,0.27584,24.0813,3960.0,0.0,10.0764,98.56794788921486,551_Charge8.csv,896
4.19979,0.24519,23.97615,4020.0,0.0,10.09465,98.7343321488814,551_Charge8.csv,896
4.19979,0.21965,23.87099,4080.0,0.0,10.11092,98.88235676610198,551_Charge8.csv,896
4.19979,0.19411,23.66067,4140.0,0.0,10.12542,99.01431669618232,551_Charge8.csv,896
4.19979,0.17368,23.76583,4200.0,0.0,10.13836,99.13212440187728,551_Charge8.csv,896
4.19979,0.1558,23.87099,4260.0,0.0,10.14998,99.23807483849252,551_Charge8.csv,896
4.19979,0.14048,23.97615,4320.0,0.0,10.16044,99.33331548368096,551_Charge8.csv,896
4.19979,0.12771,23.87099,4380.0,0.0,10.16986,99.41937630764642,551_Charge8.csv,896
4.19979,0.11494,23.87099,4440.0,0.0,10.17842,99.4970222954908,551_Charge8.csv,896
4.19979,0.10472,23.66067,4500.0,0.0,10.18615,99.567400924867,551_Charge8.csv,896
4.19979,0.0945,23.76583,4560.0,0.0,10.19316,99.63127718087688,551_Charge8.csv,896
4.19979,0.08684,23.97615,4620.0,0.0,10.19961,99.69018103372436,551_Charge8.csv,896
4.19979,0.08173,23.87099,4680.0,0.0,10.20553,99.74411248340938,551_Charge8.csv,896
4.19979,0.07407,23.76583,4740.0,0.0,10.21093,99.79307152993196,551_Charge8.csv,896
4.19979,0.06896,23.76583,4800.0,0.0,10.2159,99.8385881434959,551_Charge8.csv,896
4.19979,0.06385,23.76583,4860.0,0.0,10.22053,99.88066232410124,551_Charge8.csv,896
4.19979,0.05874,23.87099,4920.0,0.0,10.22483,99.91967656429892,551_Charge8.csv,896
4.19979,0.05619,23.76583,4980.0,0.0,10.22884,99.95639584919084,551_Charge8.csv,896
4.19979,0.05108,23.76583,5040.0,0.0,10.23256,99.9900551936751,551_Charge8.csv,896
4.19979,0.04853,23.87099,5058.0,0.0,10.23363,100.0,551_Charge8.csv,896
3.49131,2.99853,23.97615,0.0,0.0,0.17117,1.934846989141165,552_Charge13.csv,935
3.54188,2.99853,24.0813,60.0,0.0,0.34725,3.870081102529857,552_Charge13.csv,935
3.56649,2.99853,23.97615,120.0,0.0,0.52488,5.804928091671022,552_Charge13.csv,935
3.59009,2.99853,23.97615,180.0,0.0,0.70373,7.739775080812188,552_Charge13.csv,935
3.6115,2.99853,24.29162,240.0,0.0,0.88371,9.674622069953353,552_Charge13.csv,935
3.63071,2.99853,24.6071,300.0,0.0,1.06471,11.609469059094517,552_Charge13.csv,935
3.64892,2.99853,24.71226,360.0,0.0,1.24663,13.544316048235682,552_Charge13.csv,935
3.6656,3.00108,24.6071,420.0,0.0,1.42943,15.479163037376848,552_Charge13.csv,935
3.6801,2.99853,24.39678,480.0,0.0,1.61302,17.414010026518014,552_Charge13.csv,935
3.69241,2.99853,24.39678,540.0,0.0,1.79727,19.348857015659178,552_Charge13.csv,935
3.70404,3.00108,24.6071,600.0,0.0,1.98211,21.28370400480034,552_Charge13.csv,935
3.71584,2.99853,24.81741,660.0,0.0,2.16753,23.21855099394151,552_Charge13.csv,935
3.72831,2.99853,24.71226,720.0,0.0,2.35355,25.15339798308268,552_Charge13.csv,935
3.74112,2.99853,24.6071,780.0,0.0,2.54022,27.088244972223837,552_Charge13.csv,935
3.7541,2.99853,24.50194,840.0,0.0,2.72754,29.02347908561253,552_Charge13.csv,935
3.76674,2.99853,24.6071,900.0,0.0,2.91549,30.958326074753696,552_Charge13.csv,935
3.77922,2.99853,24.81741,960.0,0.0,3.10407,32.89317306389486,552_Charge13.csv,935
3.79203,2.99853,24.92257,1020.0,0.0,3.29327,34.82802005303603,552_Charge13.csv,935
3.80585,2.99853,24.92257,1080.0,0.0,3.48314,36.76286704217719,552_Charge13.csv,935
3.82068,2.99853,24.81741,1140.0,0.0,3.67372,38.69771403131836,552_Charge13.csv,935
3.83687,2.99853,24.71226,1200.0,0.0,3.86508,40.632561020459526,552_Charge13.csv,935
3.85406,2.99853,24.81741,1260.0,0.0,4.05728,42.56740800960068,552_Charge13.csv,935
3.87193,2.99853,25.02773,1320.0,0.0,4.25036,44.50264212298938,552_Charge13.csv,935
3.89013,3.00108,25.02773,1380.0,0.0,4.44433,46.437489112130535,552_Charge13.csv,935
3.90867,2.99853,24.92257,1440.0,0.0,4.63926,48.372336101271706,552_Charge13.csv,935
3.92722,2.99853,24.81741,1500.0,0.0,4.8351,50.3075702146604,552_Charge13.csv,935
3.94559,2.99853,24.92257,1560.0,0.0,5.03184,52.24241720380156,552_Charge13.csv,935
3.96329,2.99853,25.02773,1620.0,0.0,5.22948,54.17726419294273,552_Charge13.csv,935
3.98065,3.00108,24.92257,1680.0,0.0,5.42801,56.11211118208389,552_Charge13.csv,935
3.99751,2.99853,24.92257,1740.0,0.0,5.62737,58.04695817122506,552_Charge13.csv,935
4.01403,2.99853,24.92257,1800.0,0.0,5.82758,59.98180516036622,552_Charge13.csv,935
4.03055,2.99853,24.92257,1860.0,0.0,6.0286,61.91626502525986,552_Charge13.csv,935
4.0469,2.99853,25.02773,1920.0,0.0,6.23048,63.85149913864856,552_Charge13.csv,935
4.06392,2.99853,25.02773,1980.0,0.0,6.43314,65.78595900354219,552_Charge13.csv,935
4.08196,2.99853,25.02773,2040.0,0.0,6.6367,67.72080599268335,552_Charge13.csv,935
4.10101,2.99853,25.02773,2100.0,0.0,6.84119,69.65565298182452,552_Charge13.csv,935
4.12123,2.99853,25.02773,2160.0,0.0,7.04666,71.5904999709657,552_Charge13.csv,935
4.14247,2.99853,25.13289,2220.0,0.0,7.25319,73.52573408435438,552_Charge13.csv,935
4.16422,2.99853,25.02773,2280.0,0.0,7.46078,75.46058107349555,552_Charge13.csv,935
4.18563,2.99853,25.02773,2340.0,0.0,7.66945,77.39542806263671,552_Charge13.csv,935
4.19995,2.80697,25.02773,2400.0,0.0,7.87697,79.31053171515397,552_Charge13.csv,935
4.19995,2.4545,25.02773,2460.0,0.0,8.0599,80.99684493738266,552_Charge13.csv,935
4.19979,2.22208,24.92257,2520.0,0.0,8.22325,82.50237113601611,552_Charge13.csv,935
4.19979,2.05095,24.81741,2580.0,0.0,8.37252,83.87821071172795,552_Charge13.csv,935
4.19979,1.91559,24.92257,2640.0,0.0,8.51109,85.15572072856784,552_Charge13.csv,935
4.19979,1.7981,24.81741,2700.0,0.0,8.64092,86.35232177767455,552_Charge13.csv,935
4.19979,1.69338,24.50194,2760.0,0.0,8.76307,87.47846621373131,552_Charge13.csv,935
4.19979,1.59888,24.71226,2820.0,0.0,8.8782,88.53957377620348,552_Charge13.csv,935
4.19979,1.50693,24.6071,2880.0,0.0,8.98684,89.54106420455646,552_Charge13.csv,935
4.19979,1.41753,24.50194,2940.0,0.0,9.08919,90.48448599578036,552_Charge13.csv,935
4.19979,1.33069,24.39678,3000.0,0.0,9.18536,91.37100052261776,552_Charge13.csv,935
4.19979,1.2413,24.50194,3060.0,0.0,9.27536,92.2006077850686,552_Charge13.csv,935
4.19979,1.15446,24.39678,3120.0,0.0,9.35927,92.97408203162806,552_Charge13.csv,935
4.19979,1.06507,24.18646,3180.0,0.0,9.43696,93.68987476530592,552_Charge13.csv,935
4.19979,0.97823,24.18646,3240.0,0.0,9.50852,94.34953448309236,552_Charge13.csv,935
4.19979,0.89394,24.29162,3300.0,0.0,9.57406,94.95383543348238,552_Charge13.csv,935
4.19979,0.81221,24.18646,3360.0,0.0,9.63371,95.50355186497109,552_Charge13.csv,935
4.19979,0.73303,24.0813,3420.0,0.0,9.6877,96.0013936472911,552_Charge13.csv,935
4.19979,0.65641,24.0813,3480.0,0.0,9.73625,96.4489092774326,552_Charge13.csv,935
4.19979,0.58745,24.18646,3540.0,0.0,9.77983,96.85035712211835,552_Charge13.csv,935
4.19979,0.52359,24.0813,3600.0,0.0,9.81874,97.20922129957611,552_Charge13.csv,935
4.19979,0.46996,23.97615,3660.0,0.0,9.85341,97.52859880378608,552_Charge13.csv,935
4.19979,0.41377,23.87099,3720.0,0.0,9.88418,97.81236087722355,552_Charge13.csv,935
4.19979,0.36779,24.0813,3780.0,0.0,9.9115,98.06399163811624,552_Charge13.csv,935
4.19979,0.32948,24.0813,3840.0,0.0,9.93576,98.28774945318702,552_Charge13.csv,935
4.19979,0.29117,23.97615,3900.0,0.0,9.95738,98.48711844066354,552_Charge13.csv,935
4.19979,0.26052,23.76583,3960.0,0.0,9.97656,98.66403422178348,552_Charge13.csv,935
4.19979,0.22987,23.97615,4020.0,0.0,9.99365,98.82159379052707,552_Charge13.csv,935
4.19979,0.20688,24.0813,4080.0,0.0,10.00886,98.96173276813194,552_Charge13.csv,935
4.19979,0.1839,23.97615,4140.0,0.0,10.02245,99.08677390008324,552_Charge13.csv,935
4.19979,0.16346,23.66067,4200.0,0.0,10.03462,99.19903993186615,552_Charge13.csv,935
4.19979,0.14814,23.66067,4260.0,0.0,10.04558,99.30007936047076,552_Charge13.csv,935
4.19979,0.13537,23.97615,4320.0,0.0,10.05546,99.39105355863964,552_Charge13.csv,935
4.19979,0.12004,24.18646,4380.0,0.0,10.0644,99.47351102336296,552_Charge13.csv,935
4.19979,0.10983,24.0813,4440.0,0.0,10.07248,99.54822600313572,552_Charge13.csv,935
4.19979,0.09961,23.87099,4500.0,0.0,10.07981,99.61558562220546,552_Charge13.csv,935
4.19979,0.09195,23.76583,4560.0,0.0,10.08647,99.67713837756229,552_Charge13.csv,935
4.19979,0.08429,23.66067,4620.0,0.0,10.09258,99.73327139345372,552_Charge13.csv,935
4.19979,0.07662,23.76583,4680.0,0.0,10.09817,99.78475891837483,552_Charge13.csv,935
4.19979,0.07152,23.87099,4740.0,0.0,10.10331,99.8323752008207,552_Charge13.csv,935
4.19979,0.06385,24.0813,4800.0,0.0,10.10804,99.87573311654376,552_Charge13.csv,935
4.19979,0.0613,23.97615,4860.0,0.0,10.11242,99.91638116253412,552_Charge13.csv,935
4.19979,0.05619,23.87099,4920.0,0.0,10.11651,99.95393221454428,552_Charge13.csv,935
4.19979,0.05108,23.76583,4980.0,0.0,10.1203,99.98877339682171,552_Charge13.csv,935
4.19979,0.04853,23.76583,5000.0,0.0,10.12151,100.0,552_Charge13.csv,935
3.49063,2.99853,23.87099,0.0,0.0,0.17114,1.9358711226426053,552_Charge14.csv,939
3.54188,3.00108,23.87099,60.0,0.0,0.34724,3.8717422452852106,552_Charge14.csv,939
3.56615,2.99853,23.87099,120.0,0.0,0.52487,5.807226116252953,552_Charge14.csv,939
3.58992,2.99853,24.18646,180.0,0.0,0.70373,7.743097238895558,552_Charge14.csv,939
3.61133,2.99853,24.50194,240.0,0.0,0.88369,9.678193858188438,552_Charge14.csv,939
3.63054,2.99853,24.50194,300.0,0.0,1.06468,11.614064980831042,552_Charge14.csv,939
3.64892,2.99853,24.39678,360.0,0.0,1.24659,13.549161600123922,552_Charge14.csv,939
3.66577,2.99853,24.39678,420.0,0.0,1.4294,15.485032722766526,552_Charge14.csv,939
3.68027,2.99853,24.71226,480.0,0.0,1.61298,17.420129342059404,552_Charge14.csv,939
3.69224,2.99853,24.81741,540.0,0.0,1.79721,19.355613213027144,552_Charge14.csv,939
3.70387,2.99853,24.6071,600.0,0.0,1.98205,21.291097083994888,552_Charge14.csv,939
3.71601,2.99853,24.39678,660.0,0.0,2.16748,23.22658095496263,552_Charge14.csv,939
3.72848,2.99853,24.81741,720.0,0.0,2.35354,25.162452077605234,552_Charge14.csv,939
3.74129,2.99853,24.92257,780.0,0.0,2.54021,27.097935948572974,552_Charge14.csv,939
3.75393,2.99853,24.81741,840.0,0.0,2.72752,29.03341981954072,552_Charge14.csv,939
3.76657,3.00108,24.39678,900.0,0.0,2.91547,30.969290942183324,552_Charge14.csv,939
3.77922,2.99853,24.6071,960.0,0.0,3.10404,32.904774813151064,552_Charge14.csv,939
3.79236,2.99853,24.92257,1020.0,0.0,3.29324,34.83987143244394,552_Charge14.csv,939
3.80602,3.00108,24.92257,1080.0,0.0,3.48312,36.775355303411686,552_Charge14.csv,939
3.82085,2.99853,24.92257,1140.0,0.0,3.67374,38.71122642605429,552_Charge14.csv,939
3.83687,3.00108,24.92257,1200.0,0.0,3.86509,40.64671029702203,552_Charge14.csv,939
3.85406,3.00108,24.71226,1260.0,0.0,4.05729,42.582194167989776,552_Charge14.csv,939
3.87226,3.00108,24.71226,1320.0,0.0,4.25037,44.51767803895752,552_Charge14.csv,939
3.89064,2.99853,25.02773,1380.0,0.0,4.44437,46.45316190992526,552_Charge14.csv,939
3.90918,2.99853,25.02773,1440.0,0.0,4.63928,48.388645780893,552_Charge14.csv,939
3.92755,3.00108,24.92257,1500.0,0.0,4.83512,50.32412965186074,552_Charge14.csv,939
3.94593,2.99853,24.81741,1560.0,0.0,5.03188,52.25961352282849,552_Charge14.csv,939
3.96379,2.99853,24.92257,1620.0,0.0,5.22954,54.19509739379623,552_Charge14.csv,939
3.98099,2.99853,24.92257,1680.0,0.0,5.42807,56.13058126476397,552_Charge14.csv,939
3.99801,2.99853,25.02773,1740.0,0.0,5.62747,58.06606513573171,552_Charge14.csv,939
4.01436,2.99853,25.02773,1800.0,0.0,5.82772,60.00154900669945,552_Charge14.csv,939
4.03072,2.99853,25.02773,1860.0,0.0,6.02879,61.93742012934206,552_Charge14.csv,939
4.04723,2.99853,24.92257,1920.0,0.0,6.23066,63.8729040003098,552_Charge14.csv,939
4.06443,2.99853,25.02773,1980.0,0.0,6.43336,65.80838787127755,552_Charge14.csv,939
4.0823,2.99853,25.02773,2040.0,0.0,6.63695,67.74387174224529,552_Charge14.csv,939
4.10134,2.99853,25.02773,2100.0,0.0,6.84143,69.67896836153817,552_Charge14.csv,939
4.12174,2.99853,25.02773,2160.0,0.0,7.0469,71.6144522325059,552_Charge14.csv,939
4.14298,2.99853,25.13289,2220.0,0.0,7.25343,73.54954885179879,552_Charge14.csv,939
4.16472,2.99853,25.02773,2280.0,0.0,7.46105,75.4854199744414,552_Charge14.csv,939
4.18613,2.99853,25.13289,2340.0,0.0,7.66973,77.42090384540913,552_Charge14.csv,939
4.19995,2.7942,25.02773,2400.0,0.0,7.8769,79.33315261588507,552_Charge14.csv,939
4.19995,2.44939,25.13289,2460.0,0.0,8.05921,81.01382488479263,552_Charge14.csv,939
4.19979,2.21697,24.92257,2520.0,0.0,8.2221,82.51597413158811,552_Charge14.csv,939
4.19979,2.04584,24.92257,2580.0,0.0,8.37109,83.8899430740038,552_Charge14.csv,939
4.19979,1.91303,24.81741,2640.0,0.0,8.50948,85.16593734267902,552_Charge14.csv,939
4.19979,1.7981,24.71226,2700.0,0.0,8.63915,86.3613832629826,552_Charge14.csv,939
4.19979,1.69082,24.6071,2760.0,0.0,8.76118,87.48673663013594,552_Charge14.csv,939
4.19979,1.59632,24.6071,2820.0,0.0,8.87621,88.54741896758705,552_Charge14.csv,939
4.19979,1.50437,24.6071,2880.0,0.0,8.9847,89.54769004375945,552_Charge14.csv,939
4.19979,1.41498,24.50194,2940.0,0.0,9.08692,90.4902606203772,552_Charge14.csv,939
4.19979,1.32814,24.39678,3000.0,0.0,9.18297,91.37590520079,552_Charge14.csv,939
4.19979,1.2413,24.39678,3060.0,0.0,9.27287,92.20501103667272,552_Charge14.csv,939
4.19979,1.15191,24.50194,3120.0,0.0,9.35664,92.97719087635052,552_Charge14.csv,939
4.19979,1.06507,24.29162,3180.0,0.0,9.43428,93.69321922317312,552_Charge14.csv,939
4.19979,0.97823,24.18646,3240.0,0.0,9.50573,94.35193432211594,552_Charge14.csv,939
4.19979,0.89139,24.29162,3300.0,0.0,9.57115,94.95527243155328,552_Charge14.csv,939
4.19979,0.80965,24.0813,3360.0,0.0,9.63067,95.50400805483484,552_Charge14.csv,939
4.19979,0.73048,24.18646,3420.0,0.0,9.68451,96.00046470200982,552_Charge14.csv,939
4.19979,0.65385,24.18646,3480.0,0.0,9.73295,96.4473531348023,552_Charge14.csv,939
4.19979,0.58745,24.0813,3540.0,0.0,9.77639,96.84777136661116,552_Charge14.csv,939
4.19979,0.52359,23.97615,3600.0,0.0,9.81517,97.20520466251016,552_Charge14.csv,939
4.19979,0.46485,23.97615,3660.0,0.0,9.8497,97.52352553924794,552_Charge14.csv,939
4.19979,0.41377,23.97615,3720.0,0.0,9.8804,97.80660651357316,552_Charge14.csv,939
4.19979,0.36779,24.0813,3780.0,0.0,9.90771,98.05870735390928,552_Charge14.csv,939
4.19979,0.32693,23.97615,3840.0,0.0,9.93194,98.28215157030552,552_Charge14.csv,939
4.19979,0.28861,23.87099,3900.0,0.0,9.95349,98.48081167951052,552_Charge14.csv,939
4.19979,0.25797,23.97615,3960.0,0.0,9.9726,98.6570111915734,552_Charge14.csv,939
4.19979,0.22987,24.0813,4020.0,0.0,9.9896,98.81384811989312,552_Charge14.csv,939
4.19979,0.20688,23.87099,4080.0,0.0,10.00478,98.95364597451884,552_Charge14.csv,939
4.19979,0.1839,23.76583,4140.0,0.0,10.01836,99.07872826549976,552_Charge14.csv,939
4.19979,0.16346,23.76583,4200.0,0.0,10.03052,99.19103125121016,552_Charge14.csv,939
4.19979,0.14814,23.97615,4260.0,0.0,10.04146,99.29171668667468,552_Charge14.csv,939
4.19979,0.13281,24.0813,4320.0,0.0,10.05132,99.3827208302676,552_Charge14.csv,939
4.19979,0.12004,23.87099,4380.0,0.0,10.06021,99.46481818533866,552_Charge14.csv,939
4.19979,0.10983,23.66067,4440.0,0.0,10.06829,99.53917050691244,552_Charge14.csv,939
4.19979,0.10216,23.87099,4500.0,0.0,10.07563,99.60693955001356,552_Charge14.csv,939
4.19979,0.09195,24.0813,4560.0,0.0,10.0823,99.66851256631683,552_Charge14.csv,939
4.19979,0.08429,24.0813,4620.0,0.0,10.08838,99.72466405917206,552_Charge14.csv,939
4.19979,0.07662,23.87099,4680.0,0.0,10.09396,99.77578128025402,552_Charge14.csv,939
4.19979,0.07152,23.76583,4740.0,0.0,10.09912,99.82341323626224,552_Charge14.csv,939
4.19979,0.06385,23.87099,4800.0,0.0,10.10387,99.86717267552184,552_Charge14.csv,939
4.19979,0.0613,23.87099,4860.0,0.0,10.10826,99.90783410138248,552_Charge14.csv,939
4.19979,0.05619,24.0813,4920.0,0.0,10.11232,99.9450102621694,552_Charge14.csv,939
4.19979,0.05108,23.76583,4980.0,0.0,10.11609,99.97986291290712,552_Charge14.csv,939
4.19979,0.04853,23.87099,5016.0,0.0,10.11828,100.0,552_Charge14.csv,939
4.19979,0.10216,23.66067,0.0,0.0,0.01122,57.66738660907128,552_Charge16.csv,947
4.19979,0.06385,23.76583,60.0,0.0,0.01682,86.39308855291577,552_Charge16.csv,947
4.19979,0.04853,23.87099,100.0,0.0,0.01945,100.0,552_Charge16.csv,947
3.4168,2.99853,23.76583,0.0,0.0,0.16665,1.8456165223105832,552_Charge9.csv,952
3.49974,2.99853,23.87099,60.0,0.0,0.33976,3.6904946503333846,552_Charge9.csv,952
3.52974,2.99853,23.97615,120.0,0.0,0.51559,5.5361111726439685,552_Charge9.csv,952
3.55014,2.99853,24.29162,180.0,0.0,0.6925,7.381358497810661,552_Charge9.csv,952
3.57155,2.99853,24.39678,240.0,0.0,0.87049,9.226605822977351,552_Charge9.csv,952
3.59177,2.99853,24.50194,300.0,0.0,1.04955,11.072222345287935,552_Charge9.csv,952
3.61082,2.99853,24.50194,360.0,0.0,1.22956,12.91783886759852,552_Charge9.csv,952
3.62886,2.99853,24.6071,420.0,0.0,1.41047,14.762716995621322,552_Charge9.csv,952
3.64605,2.99853,24.50194,480.0,0.0,1.59228,16.608333517931907,552_Charge9.csv,952
3.6619,2.99853,24.6071,540.0,0.0,1.77491,18.453211645954703,552_Charge9.csv,952
3.67589,2.99853,24.71226,600.0,0.0,1.9583,20.29882816826529,552_Charge9.csv,952
3.68785,2.99853,24.6071,660.0,0.0,2.14232,22.14370629628809,552_Charge9.csv,952
3.69949,2.99853,24.6071,720.0,0.0,2.32693,23.988953621454783,552_Charge9.csv,952
3.71129,2.99853,24.6071,780.0,0.0,2.51212,25.83420094662148,552_Charge9.csv,952
3.72359,2.99853,24.71226,840.0,0.0,2.69794,27.67981746893206,552_Charge9.csv,952
3.7364,2.99853,24.71226,900.0,0.0,2.88437,29.525064794098757,552_Charge9.csv,952
3.74921,2.99853,24.6071,960.0,0.0,3.07145,31.37031211926544,552_Charge9.csv,952
3.76152,2.99853,24.81741,1020.0,0.0,3.25915,33.21592864157603,552_Charge9.csv,952
3.77382,2.99853,24.92257,1080.0,0.0,3.44746,35.06080676959883,552_Charge9.csv,952
3.7863,2.99853,24.81741,1140.0,0.0,3.63636,36.90605409476552,552_Charge9.csv,952
3.79978,3.00108,24.71226,1200.0,0.0,3.82594,38.75130141993221,552_Charge9.csv,952
3.81411,2.99853,24.81741,1260.0,0.0,4.01619,40.59654874509891,552_Charge9.csv,952
3.82945,2.99853,24.92257,1320.0,0.0,4.20718,42.441426873121706,552_Charge9.csv,952
3.8458,2.99853,24.92257,1380.0,0.0,4.39898,44.28667419828841,552_Charge9.csv,952
3.86333,2.99853,24.6071,1440.0,0.0,4.59161,46.13192152345509,552_Charge9.csv,952
3.88154,3.00108,24.81741,1500.0,0.0,4.78515,47.977168848621794,552_Charge9.csv,952
3.89991,2.99853,25.02773,1560.0,0.0,4.9796,49.82241617378848,552_Charge9.csv,952
3.91828,2.99853,25.02773,1620.0,0.0,5.17498,51.66766349895517,552_Charge9.csv,952
3.93666,2.99853,24.6071,1680.0,0.0,5.37127,53.51254162697797,552_Charge9.csv,952
3.95469,2.99853,24.92257,1740.0,0.0,5.56849,55.35815814928856,552_Charge9.csv,952
3.97222,2.99853,25.13289,1800.0,0.0,5.76661,57.20340547445525,552_Charge9.csv,952
3.98891,3.00108,25.13289,1860.0,0.0,5.96556,59.04865279962195,552_Charge9.csv,952
4.0056,2.99853,25.02773,1920.0,0.0,6.16534,60.89390012478864,552_Charge9.csv,952
4.02212,2.99853,24.81741,1980.0,0.0,6.36598,62.739516647099215,552_Charge9.csv,952
4.03864,2.99853,24.81741,2040.0,0.0,6.56745,64.5851331694098,552_Charge9.csv,952
4.05549,2.99853,25.02773,2100.0,0.0,6.76971,66.4300112974326,552_Charge9.csv,952
4.07269,2.99853,25.13289,2160.0,0.0,6.97284,68.27562781974319,552_Charge9.csv,952
4.09106,2.99853,25.02773,2220.0,0.0,7.17685,70.12087514490987,552_Charge9.csv,952
4.11061,2.99853,25.02773,2280.0,0.0,7.38181,71.96612247007657,552_Charge9.csv,952
4.13135,2.99853,24.92257,2340.0,0.0,7.58779,73.81136979524327,552_Charge9.csv,952
4.15292,2.99853,24.92257,2400.0,0.0,7.79482,75.65661712040996,552_Charge9.csv,952
4.1745,2.99853,25.02773,2460.0,0.0,8.00293,77.50186444557666,552_Charge9.csv,952
4.19523,2.99853,25.13289,2520.0,0.0,8.2121,79.34711177074334,552_Charge9.csv,952
4.19995,2.61797,25.02773,2580.0,0.0,8.41023,81.08935309276447,552_Charge9.csv,952
4.19995,2.33957,24.92257,2640.0,0.0,8.58312,82.6089685370194,552_Charge9.csv,952
4.19979,2.13779,24.81741,2700.0,0.0,8.73949,83.98348950372521,552_Charge9.csv,952
4.19979,1.9871,24.81741,2760.0,0.0,8.88367,85.25094329870264,552_Charge9.csv,952
4.19979,1.86195,24.81741,2820.0,0.0,9.0182,86.43385094772907,552_Charge9.csv,952
4.19979,1.74957,24.6071,2880.0,0.0,9.14446,87.5436575622651,552_Charge9.csv,952
4.19979,1.64996,24.6071,2940.0,0.0,9.26342,88.589593070908,552_Charge9.csv,952
4.19979,1.55801,24.6071,3000.0,0.0,9.37559,89.57534944509669,552_Charge9.csv,952
4.19979,1.46862,24.50194,3060.0,0.0,9.48127,90.50461865627008,552_Charge9.csv,952
4.19979,1.37667,24.50194,3120.0,0.0,9.58075,91.37887749300371,552_Charge9.csv,952
4.19979,1.28727,24.50194,3180.0,0.0,9.67403,92.1988643495854,552_Charge9.csv,952
4.19979,1.19788,24.29162,3240.0,0.0,9.76107,92.9642100288712,552_Charge9.csv,952
4.19979,1.11359,24.29162,3300.0,0.0,9.84189,93.67454533371728,552_Charge9.csv,952
4.19979,1.02165,24.39678,3360.0,0.0,9.9165,94.3306086584114,552_Charge9.csv,952
4.19979,0.93736,24.39678,3420.0,0.0,9.98496,94.93240000295356,552_Charge9.csv,952
4.19979,0.84797,24.18646,3480.0,0.0,10.04736,95.48102695877544,552_Charge9.csv,952
4.19979,0.76623,24.0813,3540.0,0.0,10.10387,95.9775971173087,552_Charge9.csv,952
4.19979,0.68961,24.0813,3600.0,0.0,10.15483,96.42580244999225,552_Charge9.csv,952
4.19979,0.6181,24.0813,3660.0,0.0,10.20054,96.82748894254554,552_Charge9.csv,952
4.19979,0.55169,24.0813,3720.0,0.0,10.24141,97.18671776355136,552_Charge9.csv,952
4.19979,0.49039,23.97615,3780.0,0.0,10.27779,97.5064424901609,552_Charge9.csv,952
4.19979,0.43675,24.0813,3840.0,0.0,10.31016,97.79109348810078,552_Charge9.csv,952
4.19979,0.38567,23.97615,3900.0,0.0,10.33888,98.04362433452216,552_Charge9.csv,952
4.19979,0.34225,23.97615,3960.0,0.0,10.36438,98.26772700086391,552_Charge9.csv,952
4.19979,0.30649,23.87099,4020.0,0.0,10.387,98.46672426142112,552_Charge9.csv,952
4.19979,0.27074,23.87099,4080.0,0.0,10.40709,98.64320049620096,552_Charge9.csv,952
4.19979,0.24009,23.87099,4140.0,0.0,10.42499,98.80047847949848,552_Charge9.csv,952
4.19979,0.21455,23.87099,4200.0,0.0,10.44091,98.94040419703312,552_Charge9.csv,952
4.19979,0.19156,23.87099,4260.0,0.0,10.45512,99.06556202881214,552_Charge9.csv,952
4.19979,0.17113,23.87099,4320.0,0.0,10.46782,99.1770595662672,552_Charge9.csv,952
4.19979,0.15325,23.87099,4380.0,0.0,10.47927,99.27785038654942,552_Charge9.csv,952
4.19979,0.13792,23.87099,4440.0,0.0,10.48959,99.36867288394656,552_Charge9.csv,952
4.19979,0.12515,23.87099,4500.0,0.0,10.49887,99.45026545274646,552_Charge9.csv,952
4.19979,0.11494,23.87099,4560.0,0.0,10.50727,99.52410488152464,552_Charge9.csv,952
4.19979,0.10472,23.97615,4620.0,0.0,10.51488,99.59092956456888,552_Charge9.csv,952
4.19979,0.0945,23.87099,4680.0,0.0,10.52181,99.65184709331088,552_Charge9.csv,952
4.19979,0.08684,23.87099,4740.0,0.0,10.52817,99.70759586203842,552_Charge9.csv,952
4.19979,0.07918,23.87099,4800.0,0.0,10.534,99.75891426503924,552_Charge9.csv,952
4.19979,0.07407,23.97615,4860.0,0.0,10.53934,99.8058023023134,552_Charge9.csv,952
4.19979,0.06896,23.87099,4920.0,0.0,10.54426,99.84899836814864,552_Charge9.csv,952
4.19979,0.0613,23.97615,4980.0,0.0,10.54881,99.88924085683271,552_Charge9.csv,952
4.19979,0.05874,23.87099,5040.0,0.0,10.55304,99.92616057122184,552_Charge9.csv,952
4.19979,0.05364,23.87099,5100.0,0.0,10.55697,99.96086510274758,552_Charge9.csv,952
4.19979,0.05108,23.87099,5160.0,0.0,10.56064,99.99298525426607,552_Charge9.csv,952
4.19979,0.04853,23.87099,5174.0,0.0,10.56143,100.0,552_Charge9.csv,952
2.96674,0.14814,38.48802,0.0,0.0,-10.00701,0.0,555_C20DisCh.csv,986
2.98612,0.15069,38.48802,60.0,0.0,-9.99962,0.0,555_C20DisCh.csv,986
3.00365,0.14814,38.59318,120.0,0.0,-9.99215,0.0,555_C20DisCh.csv,986
3.01983,0.14814,38.59318,180.0,0.0,-9.98467,0.0,555_C20DisCh.csv,986
3.03467,0.14814,38.48802,240.0,0.0,-9.97717,0.0,555_C20DisCh.csv,986
3.04866,0.15069,38.38286,300.0,0.0,-9.96962,0.0,555_C20DisCh.csv,986
3.06164,0.14814,38.38286,360.0,0.0,-9.96204,0.0,555_C20DisCh.csv,986
3.07411,0.14814,38.59318,420.0,0.0,-9.95444,0.0,555_C20DisCh.csv,986
3.08574,0.14814,38.48802,480.0,0.0,-9.94683,0.0,555_C20DisCh.csv,986
3.09687,0.14814,38.59318,540.0,0.0,-9.93915,0.0,555_C20DisCh.csv,986
3.10766,0.14814,38.48802,600.0,0.0,-9.93145,0.0,555_C20DisCh.csv,986
3.11794,0.15069,38.48802,660.0,0.0,-9.92374,0.0,555_C20DisCh.csv,986
3.12771,0.14814,38.48802,720.0,0.0,-9.91599,0.0,555_C20DisCh.csv,986
3.13715,0.14814,38.59318,780.0,0.0,-9.90821,0.0,555_C20DisCh.csv,986
3.14643,0.15069,38.59318,840.0,0.0,-9.90042,0.0,555_C20DisCh.csv,986
3.15519,0.15069,38.59318,900.0,0.0,-9.89261,0.0,555_C20DisCh.csv,986
3.16362,0.15069,38.48802,960.0,0.0,-9.88476,0.0,555_C20DisCh.csv,986
3.17188,0.14814,38.48802,1020.0,0.0,-9.87689,0.0,555_C20DisCh.csv,986
3.1798,0.14814,38.48802,1080.0,0.0,-9.86902,0.0,555_C20DisCh.csv,986
3.18756,0.14814,38.59318,1140.0,0.0,-9.86113,0.0,555_C20DisCh.csv,986
3.19514,0.14814,38.48802,1200.0,0.0,-9.85322,0.0,555_C20DisCh.csv,986
3.20239,0.15069,38.48802,1260.0,0.0,-9.84531,0.0,555_C20DisCh.csv,986
3.20947,0.14814,38.38286,1320.0,0.0,-9.83735,0.0,555_C20DisCh.csv,986
3.21621,0.14814,38.48802,1380.0,0.0,-9.82939,0.0,555_C20DisCh.csv,986
3.22295,0.14814,38.48802,1440.0,0.0,-9.82142,0.0,555_C20DisCh.csv,986
3.22936,0.14814,38.59318,1500.0,0.0,-9.81342,0.0,555_C20DisCh.csv,986
3.23576,0.14814,38.59318,1560.0,0.0,-9.80541,0.0,555_C20DisCh.csv,986
3.24183,0.14814,38.48802,1620.0,0.0,-9.7974,0.0,555_C20DisCh.csv,986
3.24773,0.14814,38.48802,1680.0,0.0,-9.78934,0.0,555_C20DisCh.csv,986
3.25363,0.14814,38.59318,1740.0,0.0,-9.78128,0.0,555_C20DisCh.csv,986
3.2592,0.14814,38.48802,1800.0,0.0,-9.7732,0.0,555_C20DisCh.csv,986
3.26459,0.14814,38.48802,1860.0,0.0,-9.76512,0.0,555_C20DisCh.csv,986
3.26998,0.15069,38.59318,1920.0,0.0,-9.75702,0.0,555_C20DisCh.csv,986
3.27521,0.14814,38.48802,1980.0,0.0,-9.74891,0.0,555_C20DisCh.csv,986
3.28027,0.14814,38.48802,2040.0,0.0,-9.74079,0.0,555_C20DisCh.csv,986
3.28515,0.15069,38.48802,2100.0,0.0,-9.73266,0.0,555_C20DisCh.csv,986
3.28987,0.15069,38.48802,2160.0,0.0,-9.72452,0.0,555_C20DisCh.csv,986
3.29443,0.14814,38.48802,2220.0,0.0,-9.71638,0.0,555_C20DisCh.csv,986
3.29898,0.14814,38.48802,2280.0,0.0,-9.70819,0.0,555_C20DisCh.csv,986
3.30319,0.15069,38.48802,2340.0,0.0,-9.69994,0.0,555_C20DisCh.csv,986
3.30757,0.15069,38.48802,2400.0,0.0,-9.6917,0.0,555_C20DisCh.csv,986
3.31162,0.14814,38.59318,2460.0,0.0,-9.68349,0.0,555_C20DisCh.csv,986
3.3155,0.15069,38.48802,2520.0,0.0,-9.6753,0.0,555_C20DisCh.csv,986
3.31937,0.14814,38.48802,2580.0,0.0,-9.66707,0.0,555_C20DisCh.csv,986
3.32291,0.15069,38.69834,2640.0,0.0,-9.65885,0.0,555_C20DisCh.csv,986
3.32645,0.14814,38.59318,2700.0,0.0,-9.65062,0.0,555_C20DisCh.csv,986
3.32982,0.14814,38.48802,2760.0,0.0,-9.64236,0.0,555_C20DisCh.csv,986
3.33303,0.15069,38.48802,2820.0,0.0,-9.63412,0.0,555_C20DisCh.csv,986
3.33623,0.14814,38.48802,2880.0,0.0,-9.62585,0.0,555_C20DisCh.csv,986
3.33909,0.15069,38.59318,2940.0,0.0,-9.61759,0.0,555_C20DisCh.csv,986
3.34196,0.14814,38.59318,3000.0,0.0,-9.60929,0.0,555_C20DisCh.csv,986
3.34466,0.14814,38.59318,3060.0,0.0,-9.601,0.0,555_C20DisCh.csv,986
3.34719,0.14814,38.59318,3120.0,0.0,-9.59271,0.0,555_C20DisCh.csv,986
3.34971,0.14814,38.59318,3180.0,0.0,-9.58441,0.0,555_C20DisCh.csv,986
3.35191,0.14814,38.48802,3240.0,0.0,-9.57612,0.0,555_C20DisCh.csv,986
3.3541,0.14814,38.69834,3300.0,0.0,-9.56784,0.0,555_C20DisCh.csv,986
3.35629,0.14814,38.59318,3360.0,0.0,-9.55947,0.0,555_C20DisCh.csv,986
3.35831,0.14814,38.48802,3420.0,0.0,-9.55113,0.0,555_C20DisCh.csv,986
3.36033,0.14814,38.59318,3480.0,0.0,-9.5428,0.0,555_C20DisCh.csv,986
3.36236,0.15069,38.69834,3540.0,0.0,-9.53448,0.0,555_C20DisCh.csv,986
3.36421,0.14814,38.59318,3600.0,0.0,-9.52611,0.0,555_C20DisCh.csv,986
3.36607,0.14814,38.48802,3660.0,0.0,-9.51777,0.0,555_C20DisCh.csv,986
3.36792,0.15069,38.59318,3720.0,0.0,-9.50943,0.0,555_C20DisCh.csv,986
3.36977,0.14814,38.59318,3780.0,0.0,-9.50109,0.0,555_C20DisCh.csv,986
3.3718,0.14814,38.48802,3840.0,0.0,-9.49273,0.0,555_C20DisCh.csv,986
3.37365,0.15069,38.38286,3900.0,0.0,-9.48436,0.0,555_C20DisCh.csv,986
3.3755,0.14814,38.59318,3960.0,0.0,-9.476,0.0,555_C20DisCh.csv,986
3.37736,0.14814,38.59318,4020.0,0.0,-9.46763,0.0,555_C20DisCh.csv,986
3.37938,0.14814,38.48802,4080.0,0.0,-9.45925,0.0,555_C20DisCh.csv,986
3.38124,0.15069,38.48802,4140.0,0.0,-9.45088,0.0,555_C20DisCh.csv,986
3.38326,0.14814,38.59318,4200.0,0.0,-9.4425,0.0,555_C20DisCh.csv,986
3.38511,0.14814,38.59318,4260.0,0.0,-9.43409,0.0,555_C20DisCh.csv,986
3.38697,0.14814,38.48802,4320.0,0.0,-9.4257,0.0,555_C20DisCh.csv,986
3.38882,0.14814,38.48802,4380.0,0.0,-9.41731,0.0,555_C20DisCh.csv,986
3.39068,0.14814,38.48802,4440.0,0.0,-9.40892,0.0,555_C20DisCh.csv,986
3.39253,0.15069,38.59318,4500.0,0.0,-9.40049,0.0,555_C20DisCh.csv,986
3.39438,0.15069,38.48802,4560.0,0.0,-9.39209,0.0,555_C20DisCh.csv,986
3.39624,0.14814,38.38286,4620.0,0.0,-9.38369,0.0,555_C20DisCh.csv,986
3.39809,0.14814,38.59318,4680.0,0.0,-9.37527,0.0,555_C20DisCh.csv,986
3.39995,0.15069,38.69834,4740.0,0.0,-9.36687,0.0,555_C20DisCh.csv,986
3.40163,0.14814,38.48802,4800.0,0.0,-9.35844,0.0,555_C20DisCh.csv,986
3.40349,0.14814,38.48802,4860.0,0.0,-9.35002,0.0,555_C20DisCh.csv,986
3.40534,0.14814,38.48802,4920.0,0.0,-9.34159,0.0,555_C20DisCh.csv,986
3.40703,0.14814,38.59318,4980.0,0.0,-9.33315,0.0,555_C20DisCh.csv,986
3.40871,0.14814,38.69834,5040.0,0.0,-9.32471,0.0,555_C20DisCh.csv,986
3.41057,0.14814,38.59318,5100.0,0.0,-9.31626,0.0,555_C20DisCh.csv,986
3.41225,0.15069,38.59318,5160.0,0.0,-9.30781,0.0,555_C20DisCh.csv,986
3.41394,0.15069,38.69834,5220.0,0.0,-9.29933,0.0,555_C20DisCh.csv,986
3.41562,0.14814,38.69834,5280.0,0.0,-9.29087,0.0,555_C20DisCh.csv,986
3.41748,0.14814,38.59318,5340.0,0.0,-9.28241,0.0,555_C20DisCh.csv,986
3.41916,0.14814,38.38286,5400.0,0.0,-9.27393,0.0,555_C20DisCh.csv,986
3.42102,0.14814,38.59318,5460.0,0.0,-9.26545,0.0,555_C20DisCh.csv,986
3.4227,0.14814,38.69834,5520.0,0.0,-9.25697,0.0,555_C20DisCh.csv,986
3.42439,0.14814,38.38286,5580.0,0.0,-9.24852,0.0,555_C20DisCh.csv,986
3.42607,0.14814,38.48802,5640.0,0.0,-9.24003,0.0,555_C20DisCh.csv,986
3.42776,0.14814,38.69834,5700.0,0.0,-9.23153,0.0,555_C20DisCh.csv,986
3.42945,0.14814,38.59318,5760.0,0.0,-9.22306,0.0,555_C20DisCh.csv,986
3.43113,0.14814,38.48802,5820.0,0.0,-9.21457,0.0,555_C20DisCh.csv,986
3.43282,0.14814,38.48802,5880.0,0.0,-9.20608,0.0,555_C20DisCh.csv,986
3.4345,0.15069,38.8035,5940.0,0.0,-9.19758,0.0,555_C20DisCh.csv,986
3.43619,0.14814,38.69834,6000.0,0.0,-9.18905,0.0,555_C20DisCh.csv,986
3.43787,0.15069,38.48802,6060.0,0.0,-9.18056,0.0,555_C20DisCh.csv,986
3.43956,0.15069,38.38286,6120.0,0.0,-9.17204,0.0,555_C20DisCh.csv,986
3.44108,0.14814,38.59318,6180.0,0.0,-9.16352,0.0,555_C20DisCh.csv,986
3.44276,0.14814,38.8035,6240.0,0.0,-9.155,0.0,555_C20DisCh.csv,986
3.44428,0.14814,38.59318,6300.0,0.0,-9.14647,0.0,555_C20DisCh.csv,986
3.4458,0.15069,38.48802,6360.0,0.0,-9.13795,0.0,555_C20DisCh.csv,986
3.44731,0.14814,38.27771,6420.0,0.0,-9.1294,0.0,555_C20DisCh.csv,986
3.44883,0.14814,38.59318,6480.0,0.0,-9.12085,0.0,555_C20DisCh.csv,986
3.45018,0.14814,38.69834,6540.0,0.0,-9.11231,0.0,555_C20DisCh.csv,986
3.45136,0.14814,38.69834,6600.0,0.0,-9.10377,0.0,555_C20DisCh.csv,986
3.45271,0.14814,38.48802,6660.0,0.0,-9.09523,0.0,555_C20DisCh.csv,986
3.45389,0.14814,38.38286,6720.0,0.0,-9.08661,0.0,555_C20DisCh.csv,986
3.4549,0.14814,38.38286,6780.0,0.0,-9.07807,0.0,555_C20DisCh.csv,986
3.45591,0.14814,38.69834,6840.0,0.0,-9.06949,0.0,555_C20DisCh.csv,986
3.45692,0.14814,38.69834,6900.0,0.0,-9.06094,0.0,555_C20DisCh.csv,986
3.45776,0.14814,38.59318,6960.0,0.0,-9.05237,0.0,555_C20DisCh.csv,986
3.45861,0.15069,38.48802,7020.0,0.0,-9.0438,0.0,555_C20DisCh.csv,986
3.45945,0.14814,38.48802,7080.0,0.0,-9.03519,0.0,555_C20DisCh.csv,986
3.46012,0.15069,38.59318,7140.0,0.0,-9.02654,0.0,555_C20DisCh.csv,986
3.4608,0.14814,38.69834,7200.0,0.0,-9.01796,0.0,555_C20DisCh.csv,986
3.46164,0.14814,38.69834,7260.0,0.0,-9.00939,0.0,555_C20DisCh.csv,986
3.46232,0.15069,38.59318,7320.0,0.0,-9.00077,0.0,555_C20DisCh.csv,986
3.46299,0.14814,38.48802,7380.0,0.0,-8.99219,0.0,555_C20DisCh.csv,986
3.46366,0.14814,38.48802,7440.0,0.0,-8.98362,0.0,555_C20DisCh.csv,986
3.46417,0.14814,38.59318,7500.0,0.0,-8.97506,0.0,555_C20DisCh.csv,986
3.46484,0.15069,38.59318,7560.0,0.0,-8.9665,0.0,555_C20DisCh.csv,986
3.46552,0.14814,38.69834,7620.0,0.0,-8.95791,0.0,555_C20DisCh.csv,986
3.46602,0.14814,38.59318,7680.0,0.0,-8.94933,0.0,555_C20DisCh.csv,986
3.4667,0.14814,38.59318,7740.0,0.0,-8.94074,0.0,555_C20DisCh.csv,986
3.46737,0.14814,38.48802,7800.0,0.0,-8.93216,0.0,555_C20DisCh.csv,986
3.46788,0.14814,38.48802,7860.0,0.0,-8.92354,0.0,555_C20DisCh.csv,986
3.46855,0.14814,38.59318,7920.0,0.0,-8.91494,0.0,555_C20DisCh.csv,986
3.46906,0.14814,38.59318,7980.0,0.0,-8.90634,0.0,555_C20DisCh.csv,986
3.46956,0.14814,38.59318,8040.0,0.0,-8.89776,0.0,555_C20DisCh.csv,986
3.47024,0.15069,38.48802,8100.0,0.0,-8.88916,0.0,555_C20DisCh.csv,986
3.47074,0.14814,38.48802,8160.0,0.0,-8.88053,0.0,555_C20DisCh.csv,986
3.47125,0.14814,38.48802,8220.0,0.0,-8.87191,0.0,555_C20DisCh.csv,986
3.47192,0.15069,38.59318,8280.0,0.0,-8.86333,0.0,555_C20DisCh.csv,986
3.47243,0.15069,38.59318,8340.0,0.0,-8.85474,0.0,555_C20DisCh.csv,986
3.47293,0.14814,38.59318,8400.0,0.0,-8.84614,0.0,555_C20DisCh.csv,986
3.47344,0.14814,38.59318,8460.0,0.0,-8.83753,0.0,555_C20DisCh.csv,986
3.47411,0.14814,38.59318,8520.0,0.0,-8.82893,0.0,555_C20DisCh.csv,986
3.47462,0.14814,38.59318,8580.0,0.0,-8.82032,0.0,555_C20DisCh.csv,986
3.47513,0.14814,38.59318,8640.0,0.0,-8.81172,0.0,555_C20DisCh.csv,986
3.4758,0.14814,38.48802,8700.0,0.0,-8.80314,0.0,555_C20DisCh.csv,986
3.47631,0.14814,38.59318,8760.0,0.0,-8.79456,0.0,555_C20DisCh.csv,986
3.47681,0.15069,38.59318,8820.0,0.0,-8.78594,0.0,555_C20DisCh.csv,986
3.47732,0.14814,38.59318,8880.0,0.0,-8.77734,0.0,555_C20DisCh.csv,986
3.47799,0.14814,38.48802,8940.0,0.0,-8.76874,0.0,555_C20DisCh.csv,986
3.4785,0.14814,38.59318,9000.0,0.0,-8.76006,0.0,555_C20DisCh.csv,986
3.479,0.14814,38.59318,9060.0,0.0,-8.75145,0.0,555_C20DisCh.csv,986
3.47951,0.15069,38.59318,9120.0,0.0,-8.74282,0.0,555_C20DisCh.csv,986
3.48018,0.15069,38.48802,9180.0,0.0,-8.73419,0.0,555_C20DisCh.csv,986
3.48069,0.15069,38.59318,9240.0,0.0,-8.72556,0.0,555_C20DisCh.csv,986
3.48119,0.14814,38.59318,9300.0,0.0,-8.71696,0.0,555_C20DisCh.csv,986
3.48187,0.14814,38.59318,9360.0,0.0,-8.70834,0.0,555_C20DisCh.csv,986
3.48237,0.14814,38.59318,9420.0,0.0,-8.69971,0.0,555_C20DisCh.csv,986
3.48288,0.14814,38.59318,9480.0,0.0,-8.6911,0.0,555_C20DisCh.csv,986
3.48355,0.14814,38.59318,9540.0,0.0,-8.68248,0.0,555_C20DisCh.csv,986
3.48406,0.14814,38.59318,9600.0,0.0,-8.67384,0.0,555_C20DisCh.csv,986
3.48473,0.14814,38.59318,9660.0,0.0,-8.66521,0.0,555_C20DisCh.csv,986
3.48524,0.15069,38.59318,9720.0,0.0,-8.65658,0.0,555_C20DisCh.csv,986
3.48575,0.14814,38.59318,9780.0,0.0,-8.64795,0.0,555_C20DisCh.csv,986
3.48642,0.14814,38.59318,9840.0,0.0,-8.63931,0.0,555_C20DisCh.csv,986
3.48693,0.14814,38.59318,9900.0,0.0,-8.63066,0.0,555_C20DisCh.csv,986
3.4876,0.14814,38.69834,9960.0,0.0,-8.62202,0.0,555_C20DisCh.csv,986
3.48827,0.14814,38.59318,10020.0,0.0,-8.61339,0.0,555_C20DisCh.csv,986
3.48878,0.14814,38.59318,10080.0,0.0,-8.60472,0.0,555_C20DisCh.csv,986
3.48945,0.15069,38.69834,10140.0,0.0,-8.59608,0.0,555_C20DisCh.csv,986
3.49013,0.14814,38.59318,10200.0,0.0,-8.58743,0.0,555_C20DisCh.csv,986
3.49063,0.14814,38.69834,10260.0,0.0,-8.57878,0.0,555_C20DisCh.csv,986
3.49131,0.14814,38.59318,10320.0,0.0,-8.57012,0.0,555_C20DisCh.csv,986
3.49198,0.14814,38.59318,10380.0,0.0,-8.56146,0.0,555_C20DisCh.csv,986
3.49266,0.14814,38.48802,10440.0,0.0,-8.55281,0.0,555_C20DisCh.csv,986
3.49333,0.14814,38.59318,10500.0,0.0,-8.54414,0.0,555_C20DisCh.csv,986
3.49401,0.14814,38.59318,10560.0,0.0,-8.53549,0.0,555_C20DisCh.csv,986
3.49468,0.14814,38.59318,10620.0,0.0,-8.52684,0.0,555_C20DisCh.csv,986
3.49535,0.14814,38.59318,10680.0,0.0,-8.51812,0.0,555_C20DisCh.csv,986
3.49603,0.15069,38.59318,10740.0,0.0,-8.50944,0.0,555_C20DisCh.csv,986
3.4967,0.14814,38.48802,10800.0,0.0,-8.50078,0.0,555_C20DisCh.csv,986
3.49755,0.15069,38.59318,10860.0,0.0,-8.49211,0.0,555_C20DisCh.csv,986
3.49822,0.14814,38.59318,10920.0,0.0,-8.48343,0.0,555_C20DisCh.csv,986
3.49889,0.14814,38.59318,10980.0,0.0,-8.47478,0.0,555_C20DisCh.csv,986
3.49974,0.15069,38.48802,11040.0,0.0,-8.46609,0.0,555_C20DisCh.csv,986
3.50058,0.14814,38.59318,11100.0,0.0,-8.4574,0.0,555_C20DisCh.csv,986
3.50125,0.15069,38.59318,11160.0,0.0,-8.44872,0.0,555_C20DisCh.csv,986
3.5021,0.15069,38.59318,11220.0,0.0,-8.44003,0.0,555_C20DisCh.csv,986
3.50294,0.14814,38.59318,11280.0,0.0,-8.43134,0.0,555_C20DisCh.csv,986
3.50378,0.14814,38.59318,11340.0,0.0,-8.42265,0.0,555_C20DisCh.csv,986
3.50463,0.14814,38.59318,11400.0,0.0,-8.41396,0.0,555_C20DisCh.csv,986
3.50547,0.14814,38.59318,11460.0,0.0,-8.40528,0.0,555_C20DisCh.csv,986
3.50631,0.14814,38.59318,11520.0,0.0,-8.39659,0.0,555_C20DisCh.csv,986
3.50715,0.14814,38.59318,11580.0,0.0,-8.38793,0.0,555_C20DisCh.csv,986
3.50816,0.14814,38.59318,11640.0,0.0,-8.37921,0.0,555_C20DisCh.csv,986
3.50901,0.14814,38.48802,11700.0,0.0,-8.37054,0.0,555_C20DisCh.csv,986
3.51002,0.15069,38.59318,11760.0,0.0,-8.36187,0.0,555_C20DisCh.csv,986
3.51086,0.14814,38.59318,11820.0,0.0,-8.35316,0.0,555_C20DisCh.csv,986
3.51187,0.15069,38.59318,11880.0,0.0,-8.34446,0.0,555_C20DisCh.csv,986
3.51288,0.14814,38.59318,11940.0,0.0,-8.33578,0.0,555_C20DisCh.csv,986
3.51373,0.14814,38.59318,12000.0,0.0,-8.3271,0.0,555_C20DisCh.csv,986
3.51474,0.14814,38.59318,12060.0,0.0,-8.31839,0.0,555_C20DisCh.csv,986
3.51575,0.14814,38.59318,12120.0,0.0,-8.30969,0.0,555_C20DisCh.csv,986
3.51676,0.15069,38.48802,12180.0,0.0,-8.30096,0.0,555_C20DisCh.csv,986
3.51777,0.14814,38.59318,12240.0,0.0,-8.29224,0.0,555_C20DisCh.csv,986
3.51878,0.14814,38.59318,12300.0,0.0,-8.28355,0.0,555_C20DisCh.csv,986
3.5198,0.15069,38.59318,12360.0,0.0,-8.27485,0.0,555_C20DisCh.csv,986
3.52081,0.15069,38.59318,12420.0,0.0,-8.26611,0.0,555_C20DisCh.csv,986
3.52199,0.15069,38.59318,12480.0,0.0,-8.25738,0.0,555_C20DisCh.csv,986
3.523,0.15069,38.69834,12540.0,0.0,-8.24865,0.0,555_C20DisCh.csv,986
3.52401,0.14814,38.59318,12600.0,0.0,-8.23993,0.0,555_C20DisCh.csv,986
3.52502,0.14814,38.69834,12660.0,0.0,-8.2312,0.0,555_C20DisCh.csv,986
3.5262,0.14814,38.69834,12720.0,0.0,-8.22247,0.0,555_C20DisCh.csv,986
3.52721,0.14814,38.69834,12780.0,0.0,-8.21373,0.0,555_C20DisCh.csv,986
3.52822,0.14814,38.69834,12840.0,0.0,-8.205,0.0,555_C20DisCh.csv,986
3.5294,0.14814,38.59318,12900.0,0.0,-8.19626,0.0,555_C20DisCh.csv,986
3.53042,0.14814,38.59318,12960.0,0.0,-8.18752,0.0,555_C20DisCh.csv,986
3.53143,0.14814,38.59318,13020.0,0.0,-8.17878,0.0,555_C20DisCh.csv,986
3.53261,0.14814,38.59318,13080.0,0.0,-8.17003,0.0,555_C20DisCh.csv,986
3.53362,0.15069,38.59318,13140.0,0.0,-8.16126,0.0,555_C20DisCh.csv,986
3.53463,0.14814,38.59318,13200.0,0.0,-8.1525,0.0,555_C20DisCh.csv,986
3.53564,0.14814,38.59318,13260.0,0.0,-8.14374,0.0,555_C20DisCh.csv,986
3.53665,0.14814,38.69834,13320.0,0.0,-8.13498,0.0,555_C20DisCh.csv,986
3.53766,0.14814,38.59318,13380.0,0.0,-8.12622,0.0,555_C20DisCh.csv,986
3.53868,0.14814,38.59318,13440.0,0.0,-8.11747,0.0,555_C20DisCh.csv,986
3.53969,0.14814,38.59318,13500.0,0.0,-8.1087,0.0,555_C20DisCh.csv,986
3.5407,0.14814,38.59318,13560.0,0.0,-8.09996,0.0,555_C20DisCh.csv,986
3.54171,0.14814,38.59318,13620.0,0.0,-8.09118,0.0,555_C20DisCh.csv,986
3.54272,0.14814,38.59318,13680.0,0.0,-8.0824,0.0,555_C20DisCh.csv,986
3.54373,0.14814,38.59318,13740.0,0.0,-8.07364,0.0,555_C20DisCh.csv,986
3.54474,0.14814,38.69834,13800.0,0.0,-8.06486,0.0,555_C20DisCh.csv,986
3.54559,0.14814,38.69834,13860.0,0.0,-8.05607,0.0,555_C20DisCh.csv,986
3.5466,0.15069,38.59318,13920.0,0.0,-8.04729,0.0,555_C20DisCh.csv,986
3.54761,0.15069,38.59318,13980.0,0.0,-8.03849,0.0,555_C20DisCh.csv,986
3.54862,0.14814,38.59318,14040.0,0.0,-8.0297,0.0,555_C20DisCh.csv,986
3.54963,0.14814,38.48802,14100.0,0.0,-8.02092,0.0,555_C20DisCh.csv,986
3.55047,0.14814,38.48802,14160.0,0.0,-8.01212,0.0,555_C20DisCh.csv,986
3.55149,0.14814,38.48802,14220.0,0.0,-8.00335,0.0,555_C20DisCh.csv,986
3.5525,0.14814,38.59318,14280.0,0.0,-7.99454,0.0,555_C20DisCh.csv,986
3.55351,0.15069,38.59318,14340.0,0.0,-7.98573,0.0,555_C20DisCh.csv,986
3.55452,0.15069,38.59318,14400.0,0.0,-7.97693,0.0,555_C20DisCh.csv,986
3.55553,0.14814,38.48802,14460.0,0.0,-7.96814,0.0,555_C20DisCh.csv,986
3.55654,0.15069,38.59318,14520.0,0.0,-7.95931,0.0,555_C20DisCh.csv,986
3.55755,0.14814,38.48802,14580.0,0.0,-7.95047,0.0,555_C20DisCh.csv,986
3.55857,0.14814,38.59318,14640.0,0.0,-7.9416,0.0,555_C20DisCh.csv,986
3.55958,0.15069,38.48802,14700.0,0.0,-7.93278,0.0,555_C20DisCh.csv,986
3.56042,0.15069,38.59318,14760.0,0.0,-7.92398,0.0,555_C20DisCh.csv,986
3.56143,0.14814,38.59318,14820.0,0.0,-7.91515,0.0,555_C20DisCh.csv,986
3.56244,0.14814,38.69834,14880.0,0.0,-7.90632,0.0,555_C20DisCh.csv,986
3.56345,0.14814,38.59318,14940.0,0.0,-7.8975,0.0,555_C20DisCh.csv,986
3.56447,0.15069,38.59318,15000.0,0.0,-7.88868,0.0,555_C20DisCh.csv,986
3.56531,0.14814,38.59318,15060.0,0.0,-7.87985,0.0,555_C20DisCh.csv,986
3.56632,0.14814,38.59318,15120.0,0.0,-7.87098,0.0,555_C20DisCh.csv,986
3.56733,0.14814,38.48802,15180.0,0.0,-7.86214,0.0,555_C20DisCh.csv,986
3.56817,0.14814,38.48802,15240.0,0.0,-7.85329,0.0,555_C20DisCh.csv,986
3.56902,0.14814,38.59318,15300.0,0.0,-7.84446,0.0,555_C20DisCh.csv,986
3.57003,0.14814,38.69834,15360.0,0.0,-7.83561,0.0,555_C20DisCh.csv,986
3.57087,0.14814,38.59318,15420.0,0.0,-7.82674,0.0,555_C20DisCh.csv,986
3.57171,0.15069,38.59318,15480.0,0.0,-7.81788,0.0,555_C20DisCh.csv,986
3.57239,0.14814,38.59318,15540.0,0.0,-7.80903,0.0,555_C20DisCh.csv,986
3.57323,0.14814,38.59318,15600.0,0.0,-7.80018,0.0,555_C20DisCh.csv,986
3.57407,0.14814,38.59318,15660.0,0.0,-7.79133,0.0,555_C20DisCh.csv,986
3.57492,0.14814,38.59318,15720.0,0.0,-7.78247,0.0,555_C20DisCh.csv,986
3.57559,0.15069,38.48802,15780.0,0.0,-7.77361,0.0,555_C20DisCh.csv,986
3.57643,0.15069,38.59318,15840.0,0.0,-7.76474,0.0,555_C20DisCh.csv,986
3.57728,0.14814,38.59318,15900.0,0.0,-7.75588,0.0,555_C20DisCh.csv,986
3.57795,0.15069,38.59318,15960.0,0.0,-7.747,0.0,555_C20DisCh.csv,986
3.57879,0.14814,38.59318,16020.0,0.0,-7.73805,0.0,555_C20DisCh.csv,986
3.57964,0.14814,38.59318,16080.0,0.0,-7.72918,0.0,555_C20DisCh.csv,986
3.58031,0.14814,38.59318,16140.0,0.0,-7.72031,0.0,555_C20DisCh.csv,986
3.58115,0.14814,38.69834,16200.0,0.0,-7.71145,0.0,555_C20DisCh.csv,986
3.58183,0.15069,38.59318,16260.0,0.0,-7.70257,0.0,555_C20DisCh.csv,986
3.58267,0.15069,38.48802,16320.0,0.0,-7.6937,0.0,555_C20DisCh.csv,986
3.58351,0.15069,38.59318,16380.0,0.0,-7.68481,0.0,555_C20DisCh.csv,986
3.58436,0.14814,38.59318,16440.0,0.0,-7.67594,0.0,555_C20DisCh.csv,986
3.5852,0.14814,38.48802,16500.0,0.0,-7.66706,0.0,555_C20DisCh.csv,986
3.58604,0.14814,38.69834,16560.0,0.0,-7.65818,0.0,555_C20DisCh.csv,986
3.58688,0.14814,38.59318,16620.0,0.0,-7.6493,0.0,555_C20DisCh.csv,986
3.5879,0.14814,38.48802,16680.0,0.0,-7.64038,0.0,555_C20DisCh.csv,986
3.58874,0.14814,38.59318,16740.0,0.0,-7.63151,0.0,555_C20DisCh.csv,986
3.58958,0.14814,38.59318,16800.0,0.0,-7.62262,0.0,555_C20DisCh.csv,986
3.59042,0.15069,38.59318,16860.0,0.0,-7.61373,0.0,555_C20DisCh.csv,986
3.59144,0.14814,38.59318,16920.0,0.0,-7.60485,0.0,555_C20DisCh.csv,986
3.59228,0.14814,38.59318,16980.0,0.0,-7.59598,0.0,555_C20DisCh.csv,986
3.59329,0.15069,38.59318,17040.0,0.0,-7.58706,0.0,555_C20DisCh.csv,986
3.5943,0.14814,38.59318,17100.0,0.0,-7.57816,0.0,555_C20DisCh.csv,986
3.59514,0.14814,38.48802,17160.0,0.0,-7.56927,0.0,555_C20DisCh.csv,986
3.59616,0.14814,38.59318,17220.0,0.0,-7.56035,0.0,555_C20DisCh.csv,986
3.59717,0.15069,38.59318,17280.0,0.0,-7.55143,0.0,555_C20DisCh.csv,986
3.59818,0.14814,38.59318,17340.0,0.0,-7.54251,0.0,555_C20DisCh.csv,986
3.59919,0.14814,38.59318,17400.0,0.0,-7.5336,0.0,555_C20DisCh.csv,986
3.60003,0.14814,38.59318,17460.0,0.0,-7.52468,0.0,555_C20DisCh.csv,986
3.60104,0.15069,38.48802,17520.0,0.0,-7.51575,0.0,555_C20DisCh.csv,986
3.60206,0.14814,38.59318,17580.0,0.0,-7.50683,0.0,555_C20DisCh.csv,986
3.6029,0.14814,38.59318,17640.0,0.0,-7.49788,0.0,555_C20DisCh.csv,986
3.60391,0.14814,38.59318,17700.0,0.0,-7.48896,0.0,555_C20DisCh.csv,986
3.60475,0.15069,38.48802,17760.0,0.0,-7.48006,0.0,555_C20DisCh.csv,986
3.6056,0.14814,38.59318,17820.0,0.0,-7.47114,0.0,555_C20DisCh.csv,986
3.60644,0.14814,38.59318,17880.0,0.0,-7.46223,0.0,555_C20DisCh.csv,986
3.60728,0.14814,38.59318,17940.0,0.0,-7.45329,0.0,555_C20DisCh.csv,986
3.60796,0.15069,38.48802,18000.0,0.0,-7.44435,0.0,555_C20DisCh.csv,986
3.60863,0.15069,38.59318,18060.0,0.0,-7.43541,0.0,555_C20DisCh.csv,986
3.6093,0.14814,38.59318,18120.0,0.0,-7.42646,0.0,555_C20DisCh.csv,986
3.60998,0.14814,38.59318,18180.0,0.0,-7.41753,0.0,555_C20DisCh.csv,986
3.61065,0.14814,38.59318,18240.0,0.0,-7.4086,0.0,555_C20DisCh.csv,986
3.61116,0.15069,38.59318,18300.0,0.0,-7.39966,0.0,555_C20DisCh.csv,986
3.61183,0.14814,38.69834,18360.0,0.0,-7.39071,0.0,555_C20DisCh.csv,986
3.61251,0.14814,38.59318,18420.0,0.0,-7.38174,0.0,555_C20DisCh.csv,986
3.61301,0.14814,38.59318,18480.0,0.0,-7.37279,0.0,555_C20DisCh.csv,986
3.61352,0.14814,38.59318,18540.0,0.0,-7.36385,0.0,555_C20DisCh.csv,986
3.61419,0.15069,38.59318,18600.0,0.0,-7.35489,0.0,555_C20DisCh.csv,986
3.6147,0.14814,38.59318,18660.0,0.0,-7.34588,0.0,555_C20DisCh.csv,986
3.6152,0.14814,38.59318,18720.0,0.0,-7.33693,0.0,555_C20DisCh.csv,986
3.61571,0.14814,38.59318,18780.0,0.0,-7.32797,0.0,555_C20DisCh.csv,986
3.61621,0.14814,38.59318,18840.0,0.0,-7.31897,0.0,555_C20DisCh.csv,986
3.61689,0.14814,38.59318,18900.0,0.0,-7.31,0.0,555_C20DisCh.csv,986
3.61739,0.15069,38.59318,18960.0,0.0,-7.30104,0.0,555_C20DisCh.csv,986
3.6179,0.14814,38.59318,19020.0,0.0,-7.29208,0.0,555_C20DisCh.csv,986
3.61841,0.15069,38.59318,19080.0,0.0,-7.28313,0.0,555_C20DisCh.csv,986
3.61891,0.14814,38.48802,19140.0,0.0,-7.27415,0.0,555_C20DisCh.csv,986
3.61942,0.15069,38.48802,19200.0,0.0,-7.2652,0.0,555_C20DisCh.csv,986
3.62009,0.14814,38.48802,19260.0,0.0,-7.25625,0.0,555_C20DisCh.csv,986
3.6206,0.15069,38.48802,19320.0,0.0,-7.24728,0.0,555_C20DisCh.csv,986
3.6211,0.14814,38.59318,19380.0,0.0,-7.23832,0.0,555_C20DisCh.csv,986
3.62161,0.14814,38.48802,19440.0,0.0,-7.22936,0.0,555_C20DisCh.csv,986
3.62211,0.14814,38.48802,19500.0,0.0,-7.2204,0.0,555_C20DisCh.csv,986
3.62262,0.14814,38.48802,19560.0,0.0,-7.21146,0.0,555_C20DisCh.csv,986
3.62313,0.14814,38.48802,19620.0,0.0,-7.20244,0.0,555_C20DisCh.csv,986
3.6238,0.15069,38.59318,19680.0,0.0,-7.19344,0.0,555_C20DisCh.csv,986
3.62431,0.14814,38.48802,19740.0,0.0,-7.18442,0.0,555_C20DisCh.csv,986
3.62481,0.14814,38.48802,19800.0,0.0,-7.17546,0.0,555_C20DisCh.csv,986
3.62532,0.14814,38.48802,19860.0,0.0,-7.16649,0.0,555_C20DisCh.csv,986
3.62582,0.14814,38.48802,19920.0,0.0,-7.15751,0.0,555_C20DisCh.csv,986
3.6265,0.14814,38.59318,19980.0,0.0,-7.14848,0.0,555_C20DisCh.csv,986
3.627,0.14814,38.59318,20040.0,0.0,-7.13949,0.0,555_C20DisCh.csv,986
3.62751,0.14814,38.59318,20100.0,0.0,-7.1305,0.0,555_C20DisCh.csv,986
3.62801,0.15069,38.48802,20160.0,0.0,-7.12152,0.0,555_C20DisCh.csv,986
3.62869,0.14814,38.59318,20220.0,0.0,-7.11253,0.0,555_C20DisCh.csv,986
3.62919,0.14814,38.48802,20280.0,0.0,-7.10353,0.0,555_C20DisCh.csv,986
3.62987,0.14814,38.48802,20340.0,0.0,-7.09456,0.0,555_C20DisCh.csv,986
3.63037,0.14814,38.48802,20400.0,0.0,-7.08554,0.0,555_C20DisCh.csv,986
3.63088,0.14814,38.59318,20460.0,0.0,-7.07651,0.0,555_C20DisCh.csv,986
3.63155,0.14814,38.59318,20520.0,0.0,-7.06752,0.0,555_C20DisCh.csv,986
3.63206,0.14814,38.59318,20580.0,0.0,-7.05852,0.0,555_C20DisCh.csv,986
3.63273,0.14814,38.59318,20640.0,0.0,-7.0495,0.0,555_C20DisCh.csv,986
3.63324,0.14814,38.59318,20700.0,0.0,-7.0405,0.0,555_C20DisCh.csv,986
3.63391,0.14814,38.59318,20760.0,0.0,-7.03148,0.0,555_C20DisCh.csv,986
3.63459,0.14814,38.59318,20820.0,0.0,-7.02248,0.0,555_C20DisCh.csv,986
3.63509,0.15069,38.59318,20880.0,0.0,-7.01347,0.0,555_C20DisCh.csv,986
3.63577,0.14814,38.59318,20940.0,0.0,-7.00447,0.0,555_C20DisCh.csv,986
3.63627,0.14814,38.59318,21000.0,0.0,-6.99545,0.0,555_C20DisCh.csv,986
3.63695,0.14814,38.59318,21060.0,0.0,-6.98641,0.0,555_C20DisCh.csv,986
3.63745,0.14814,38.69834,21120.0,0.0,-6.97739,0.0,555_C20DisCh.csv,986
3.63813,0.14814,38.59318,21180.0,0.0,-6.96839,0.0,555_C20DisCh.csv,986
3.63863,0.14814,38.59318,21240.0,0.0,-6.95937,0.0,555_C20DisCh.csv,986
3.63931,0.15069,38.48802,21300.0,0.0,-6.95036,0.0,555_C20DisCh.csv,986
3.63981,0.14814,38.59318,21360.0,0.0,-6.94133,0.0,555_C20DisCh.csv,986
3.64049,0.15069,38.59318,21420.0,0.0,-6.93228,0.0,555_C20DisCh.csv,986
3.64099,0.14814,38.59318,21480.0,0.0,-6.92325,0.0,555_C20DisCh.csv,986
3.6415,0.15069,38.59318,21540.0,0.0,-6.91418,0.0,555_C20DisCh.csv,986
3.64201,0.14814,38.59318,21600.0,0.0,-6.90516,0.0,555_C20DisCh.csv,986
3.64268,0.14814,38.59318,21660.0,0.0,-6.89614,0.0,555_C20DisCh.csv,986
3.64319,0.15069,38.59318,21720.0,0.0,-6.88712,0.0,555_C20DisCh.csv,986
3.64369,0.14814,38.59318,21780.0,0.0,-6.87806,0.0,555_C20DisCh.csv,986
3.6442,0.14814,38.59318,21840.0,0.0,-6.86897,0.0,555_C20DisCh.csv,986
3.6447,0.14814,38.59318,21900.0,0.0,-6.85995,0.0,555_C20DisCh.csv,986
3.64521,0.14814,38.48802,21960.0,0.0,-6.85093,0.0,555_C20DisCh.csv,986
3.64571,0.15069,38.48802,22020.0,0.0,-6.84191,0.0,555_C20DisCh.csv,986
3.64622,0.14814,38.59318,22080.0,0.0,-6.83289,0.0,555_C20DisCh.csv,986
3.64673,0.14814,38.48802,22140.0,0.0,-6.82381,0.0,555_C20DisCh.csv,986
3.64723,0.14814,38.48802,22200.0,0.0,-6.81479,0.0,555_C20DisCh.csv,986
3.64774,0.14814,38.48802,22260.0,0.0,-6.80576,0.0,555_C20DisCh.csv,986
3.64824,0.14814,38.59318,22320.0,0.0,-6.79675,0.0,555_C20DisCh.csv,986
3.64858,0.14814,38.48802,22380.0,0.0,-6.78773,0.0,555_C20DisCh.csv,986
3.64908,0.15069,38.48802,22440.0,0.0,-6.7787,0.0,555_C20DisCh.csv,986
3.64959,0.14814,38.48802,22500.0,0.0,-6.76964,0.0,555_C20DisCh.csv,986
3.6501,0.14814,38.59318,22560.0,0.0,-6.7606,0.0,555_C20DisCh.csv,986
3.6506,0.15069,38.69834,22620.0,0.0,-6.75154,0.0,555_C20DisCh.csv,986
3.65094,0.14814,38.59318,22680.0,0.0,-6.74248,0.0,555_C20DisCh.csv,986
3.65144,0.14814,38.48802,22740.0,0.0,-6.73343,0.0,555_C20DisCh.csv,986
3.65195,0.14814,38.59318,22800.0,0.0,-6.7244,0.0,555_C20DisCh.csv,986
3.65229,0.14814,38.59318,22860.0,0.0,-6.71534,0.0,555_C20DisCh.csv,986
3.65279,0.14814,38.48802,22920.0,0.0,-6.7063,0.0,555_C20DisCh.csv,986
3.6533,0.15069,38.59318,22980.0,0.0,-6.69727,0.0,555_C20DisCh.csv,986
3.6538,0.14814,38.59318,23040.0,0.0,-6.6882,0.0,555_C20DisCh.csv,986
3.65431,0.14814,38.48802,23100.0,0.0,-6.67915,0.0,555_C20DisCh.csv,986
3.65465,0.15069,38.48802,23160.0,0.0,-6.67006,0.0,555_C20DisCh.csv,986
3.65515,0.14814,38.48802,23220.0,0.0,-6.66099,0.0,555_C20DisCh.csv,986
3.65549,0.15069,38.59318,23280.0,0.0,-6.65195,0.0,555_C20DisCh.csv,986
3.656,0.14814,38.48802,23340.0,0.0,-6.64291,0.0,555_C20DisCh.csv,986
3.6565,0.14814,38.48802,23400.0,0.0,-6.63384,0.0,555_C20DisCh.csv,986
3.65684,0.14814,38.48802,23460.0,0.0,-6.62479,0.0,555_C20DisCh.csv,986
3.65734,0.14814,38.59318,23520.0,0.0,-6.61573,0.0,555_C20DisCh.csv,986
3.65785,0.14814,38.27771,23580.0,0.0,-6.60668,0.0,555_C20DisCh.csv,986
3.65836,0.15069,38.48802,23640.0,0.0,-6.59762,0.0,555_C20DisCh.csv,986
3.65869,0.14814,38.59318,23700.0,0.0,-6.58855,0.0,555_C20DisCh.csv,986
3.6592,0.14814,38.59318,23760.0,0.0,-6.57948,0.0,555_C20DisCh.csv,986
3.6597,0.14814,38.38286,23820.0,0.0,-6.57044,0.0,555_C20DisCh.csv,986
3.66004,0.14814,38.38286,23880.0,0.0,-6.56139,0.0,555_C20DisCh.csv,986
3.66055,0.14814,38.69834,23940.0,0.0,-6.55231,0.0,555_C20DisCh.csv,986
3.66105,0.14814,38.69834,24000.0,0.0,-6.54324,0.0,555_C20DisCh.csv,986
3.66156,0.14814,38.38286,24060.0,0.0,-6.53418,0.0,555_C20DisCh.csv,986
3.66206,0.14814,38.27771,24120.0,0.0,-6.52514,0.0,555_C20DisCh.csv,986
3.6624,0.14814,38.38286,24180.0,0.0,-6.51607,0.0,555_C20DisCh.csv,986
3.66291,0.14814,38.59318,24240.0,0.0,-6.507,0.0,555_C20DisCh.csv,986
3.66341,0.15069,38.59318,24300.0,0.0,-6.49787,0.0,555_C20DisCh.csv,986
3.66375,0.14814,38.48802,24360.0,0.0,-6.48878,0.0,555_C20DisCh.csv,986
3.66426,0.14814,38.38286,24420.0,0.0,-6.4797,0.0,555_C20DisCh.csv,986
3.66476,0.15069,38.38286,24480.0,0.0,-6.47061,0.0,555_C20DisCh.csv,986
3.66527,0.14814,38.69834,24540.0,0.0,-6.46151,0.0,555_C20DisCh.csv,986
3.66577,0.15069,38.59318,24600.0,0.0,-6.45245,0.0,555_C20DisCh.csv,986
3.66611,0.14814,38.48802,24660.0,0.0,-6.44336,0.0,555_C20DisCh.csv,986
3.66662,0.14814,38.38286,24720.0,0.0,-6.4343,0.0,555_C20DisCh.csv,986
3.66712,0.14814,38.59318,24780.0,0.0,-6.42523,0.0,555_C20DisCh.csv,986
3.66746,0.14814,38.59318,24840.0,0.0,-6.41614,0.0,555_C20DisCh.csv,986
3.66796,0.14814,38.48802,24900.0,0.0,-6.40705,0.0,555_C20DisCh.csv,986
3.66847,0.15069,38.48802,24960.0,0.0,-6.39796,0.0,555_C20DisCh.csv,986
3.66898,0.14814,38.48802,25020.0,0.0,-6.38886,0.0,555_C20DisCh.csv,986
3.66948,0.14814,38.48802,25080.0,0.0,-6.37978,0.0,555_C20DisCh.csv,986
3.66999,0.14814,38.59318,25140.0,0.0,-6.37066,0.0,555_C20DisCh.csv,986
3.67049,0.14814,38.59318,25200.0,0.0,-6.36159,0.0,555_C20DisCh.csv,986
3.671,0.14814,38.59318,25260.0,0.0,-6.3525,0.0,555_C20DisCh.csv,986
3.6715,0.15069,38.59318,25320.0,0.0,-6.3434,0.0,555_C20DisCh.csv,986
3.67184,0.14814,38.48802,25380.0,0.0,-6.3343,0.0,555_C20DisCh.csv,986
3.67235,0.14814,38.59318,25440.0,0.0,-6.32521,0.0,555_C20DisCh.csv,986
3.67285,0.14814,38.59318,25500.0,0.0,-6.31608,0.0,555_C20DisCh.csv,986
3.67336,0.15069,38.48802,25560.0,0.0,-6.30698,0.0,555_C20DisCh.csv,986
3.67386,0.14814,38.48802,25620.0,0.0,-6.29789,0.0,555_C20DisCh.csv,986
3.67437,0.14814,38.48802,25680.0,0.0,-6.28878,0.0,555_C20DisCh.csv,986
3.67488,0.14814,38.59318,25740.0,0.0,-6.27968,0.0,555_C20DisCh.csv,986
3.67538,0.14814,38.48802,25800.0,0.0,-6.27059,0.0,555_C20DisCh.csv,986
3.67589,0.14814,38.59318,25860.0,0.0,-6.26149,0.0,555_C20DisCh.csv,986
3.67639,0.14814,38.48802,25920.0,0.0,-6.2524,0.0,555_C20DisCh.csv,986
3.6769,0.15069,38.48802,25980.0,0.0,-6.24327,0.0,555_C20DisCh.csv,986
3.6774,0.14814,38.48802,26040.0,0.0,-6.23417,0.0,555_C20DisCh.csv,986
3.67791,0.14814,38.59318,26100.0,0.0,-6.22506,0.0,555_C20DisCh.csv,986
3.67842,0.15069,38.59318,26160.0,0.0,-6.21593,0.0,555_C20DisCh.csv,986
3.67892,0.14814,38.59318,26220.0,0.0,-6.20679,0.0,555_C20DisCh.csv,986
3.67943,0.14814,38.69834,26280.0,0.0,-6.19765,0.0,555_C20DisCh.csv,986
3.67993,0.14814,38.59318,26340.0,0.0,-6.18852,0.0,555_C20DisCh.csv,986
3.68044,0.14814,38.48802,26400.0,0.0,-6.1794,0.0,555_C20DisCh.csv,986
3.68094,0.14814,38.59318,26460.0,0.0,-6.17027,0.0,555_C20DisCh.csv,986
3.68145,0.14814,38.59318,26520.0,0.0,-6.16114,0.0,555_C20DisCh.csv,986
3.68212,0.15069,38.48802,26580.0,0.0,-6.152,0.0,555_C20DisCh.csv,986
3.68263,0.14814,38.48802,26640.0,0.0,-6.14287,0.0,555_C20DisCh.csv,986
3.68313,0.14814,38.48802,26700.0,0.0,-6.13377,0.0,555_C20DisCh.csv,986
3.68364,0.14814,38.48802,26760.0,0.0,-6.12464,0.0,555_C20DisCh.csv,986
3.68415,0.14814,38.48802,26820.0,0.0,-6.11555,0.0,555_C20DisCh.csv,986
3.68482,0.15069,38.59318,26880.0,0.0,-6.10641,0.0,555_C20DisCh.csv,986
3.68533,0.14814,38.48802,26940.0,0.0,-6.09729,0.0,555_C20DisCh.csv,986
3.68583,0.15069,38.48802,27000.0,0.0,-6.08813,0.0,555_C20DisCh.csv,986
3.68634,0.14814,38.48802,27060.0,0.0,-6.07899,0.0,555_C20DisCh.csv,986
3.68701,0.14814,38.48802,27120.0,0.0,-6.06985,0.0,555_C20DisCh.csv,986
3.68752,0.15069,38.48802,27180.0,0.0,-6.0607,0.0,555_C20DisCh.csv,986
3.68802,0.14814,38.48802,27240.0,0.0,-6.05155,0.0,555_C20DisCh.csv,986
3.68853,0.14814,38.59318,27300.0,0.0,-6.04244,0.0,555_C20DisCh.csv,986
3.6892,0.14814,38.48802,27360.0,0.0,-6.03333,0.0,555_C20DisCh.csv,986
3.68971,0.15069,38.48802,27420.0,0.0,-6.02417,0.0,555_C20DisCh.csv,986
3.69021,0.14814,38.48802,27480.0,0.0,-6.01503,0.0,555_C20DisCh.csv,986
3.69089,0.14814,38.48802,27540.0,0.0,-6.0059,0.0,555_C20DisCh.csv,986
3.69139,0.14814,38.59318,27600.0,0.0,-5.99675,0.0,555_C20DisCh.csv,986
3.69207,0.15069,38.48802,27660.0,0.0,-5.98759,0.0,555_C20DisCh.csv,986
3.69257,0.14814,38.48802,27720.0,0.0,-5.97844,0.0,555_C20DisCh.csv,986
3.69308,0.14814,38.48802,27780.0,0.0,-5.96931,0.0,555_C20DisCh.csv,986
3.69375,0.14814,38.48802,27840.0,0.0,-5.96016,0.0,555_C20DisCh.csv,986
3.69426,0.14814,38.48802,27900.0,0.0,-5.95102,0.0,555_C20DisCh.csv,986
3.69493,0.15069,38.48802,27960.0,0.0,-5.94186,0.0,555_C20DisCh.csv,986
3.69544,0.15069,38.48802,28020.0,0.0,-5.93268,0.0,555_C20DisCh.csv,986
3.69611,0.14814,38.48802,28080.0,0.0,-5.92353,0.0,555_C20DisCh.csv,986
3.69662,0.14814,38.48802,28140.0,0.0,-5.91438,0.0,555_C20DisCh.csv,986
3.69729,0.14814,38.48802,28200.0,0.0,-5.90521,0.0,555_C20DisCh.csv,986
3.6978,0.14814,38.48802,28260.0,0.0,-5.89603,0.0,555_C20DisCh.csv,986
3.69847,0.14814,38.59318,28320.0,0.0,-5.88688,0.0,555_C20DisCh.csv,986
3.69898,0.14814,38.48802,28380.0,0.0,-5.87769,0.0,555_C20DisCh.csv,986
3.69965,0.14814,38.48802,28440.0,0.0,-5.86849,0.0,555_C20DisCh.csv,986
3.70033,0.14814,38.48802,28500.0,0.0,-5.85932,0.0,555_C20DisCh.csv,986
3.70083,0.14814,38.48802,28560.0,0.0,-5.85014,0.0,555_C20DisCh.csv,986
3.70151,0.14814,38.48802,28620.0,0.0,-5.84097,0.0,555_C20DisCh.csv,986
3.70218,0.14814,38.48802,28680.0,0.0,-5.83179,0.0,555_C20DisCh.csv,986
3.70269,0.15069,38.48802,28740.0,0.0,-5.82259,0.0,555_C20DisCh.csv,986
3.70336,0.14814,38.48802,28800.0,0.0,-5.81344,0.0,555_C20DisCh.csv,986
3.70404,0.15069,38.48802,28860.0,0.0,-5.80426,0.0,555_C20DisCh.csv,986
3.70454,0.14814,38.48802,28920.0,0.0,-5.79505,0.0,555_C20DisCh.csv,986
3.70522,0.14814,38.38286,28980.0,0.0,-5.78587,0.0,555_C20DisCh.csv,986
3.70589,0.14814,38.48802,29040.0,0.0,-5.77669,0.0,555_C20DisCh.csv,986
3.70657,0.14814,38.48802,29100.0,0.0,-5.7675,0.0,555_C20DisCh.csv,986
3.70724,0.15069,38.48802,29160.0,0.0,-5.75831,0.0,555_C20DisCh.csv,986
3.70775,0.14814,38.48802,29220.0,0.0,-5.74912,0.0,555_C20DisCh.csv,986
3.70842,0.14814,38.48802,29280.0,0.0,-5.73994,0.0,555_C20DisCh.csv,986
3.70909,0.15069,38.48802,29340.0,0.0,-5.73076,0.0,555_C20DisCh.csv,986
3.70977,0.14814,38.48802,29400.0,0.0,-5.72157,0.0,555_C20DisCh.csv,986
3.71044,0.14814,38.48802,29460.0,0.0,-5.71235,0.0,555_C20DisCh.csv,986
3.71112,0.14814,38.59318,29520.0,0.0,-5.70314,0.0,555_C20DisCh.csv,986
3.71162,0.14814,38.48802,29580.0,0.0,-5.69395,0.0,555_C20DisCh.csv,986
3.7123,0.14814,38.38286,29640.0,0.0,-5.68477,0.0,555_C20DisCh.csv,986
3.71297,0.14814,38.48802,29700.0,0.0,-5.67558,0.0,555_C20DisCh.csv,986
3.71365,0.14814,38.59318,29760.0,0.0,-5.66632,0.0,555_C20DisCh.csv,986
3.71432,0.14814,38.48802,29820.0,0.0,-5.65707,0.0,555_C20DisCh.csv,986
3.71499,0.15069,38.48802,29880.0,0.0,-5.64788,0.0,555_C20DisCh.csv,986
3.71567,0.14814,38.59318,29940.0,0.0,-5.63868,0.0,555_C20DisCh.csv,986
3.71634,0.14814,38.59318,30000.0,0.0,-5.62946,0.0,555_C20DisCh.csv,986
3.71702,0.14814,38.59318,30060.0,0.0,-5.62026,0.0,555_C20DisCh.csv,986
3.71769,0.15069,38.48802,30120.0,0.0,-5.61103,0.0,555_C20DisCh.csv,986
3.71836,0.14814,38.59318,30180.0,0.0,-5.60182,0.0,555_C20DisCh.csv,986
3.71904,0.14814,38.59318,30240.0,0.0,-5.59261,0.0,555_C20DisCh.csv,986
3.71971,0.14814,38.59318,30300.0,0.0,-5.58338,0.0,555_C20DisCh.csv,986
3.72056,0.14814,38.59318,30360.0,0.0,-5.57409,0.0,555_C20DisCh.csv,986
3.72123,0.14814,38.48802,30420.0,0.0,-5.56488,0.0,555_C20DisCh.csv,986
3.7219,0.14814,38.59318,30480.0,0.0,-5.55569,0.0,555_C20DisCh.csv,986
3.72258,0.14814,38.59318,30540.0,0.0,-5.54649,0.0,555_C20DisCh.csv,986
3.72325,0.14814,38.59318,30600.0,0.0,-5.53726,0.0,555_C20DisCh.csv,986
3.72393,0.14814,38.59318,30660.0,0.0,-5.52803,0.0,555_C20DisCh.csv,986
3.72477,0.14814,38.69834,30720.0,0.0,-5.51883,0.0,555_C20DisCh.csv,986
3.72544,0.14814,38.59318,30780.0,0.0,-5.50962,0.0,555_C20DisCh.csv,986
3.72612,0.15069,38.48802,30840.0,0.0,-5.50037,0.0,555_C20DisCh.csv,986
3.72696,0.14814,38.48802,30900.0,0.0,-5.49114,0.0,555_C20DisCh.csv,986
3.72764,0.14814,38.59318,30960.0,0.0,-5.48192,0.0,555_C20DisCh.csv,986
3.72831,0.14814,38.69834,31020.0,0.0,-5.47268,0.0,555_C20DisCh.csv,986
3.72915,0.14814,38.59318,31080.0,0.0,-5.46344,0.0,555_C20DisCh.csv,986
3.72983,0.14814,38.59318,31140.0,0.0,-5.45421,0.0,555_C20DisCh.csv,986
3.7305,0.14814,38.59318,31200.0,0.0,-5.44495,0.0,555_C20DisCh.csv,986
3.73134,0.14814,38.59318,31260.0,0.0,-5.43572,0.0,555_C20DisCh.csv,986
3.73202,0.15069,38.59318,31320.0,0.0,-5.42643,0.0,555_C20DisCh.csv,986
3.73269,0.14814,38.48802,31380.0,0.0,-5.41718,0.0,555_C20DisCh.csv,986
3.73354,0.14814,38.59318,31440.0,0.0,-5.40793,0.0,555_C20DisCh.csv,986
3.73421,0.14814,38.48802,31500.0,0.0,-5.39869,0.0,555_C20DisCh.csv,986
3.73488,0.14814,38.59318,31560.0,0.0,-5.38943,0.0,555_C20DisCh.csv,986
3.73573,0.14814,38.48802,31620.0,0.0,-5.38014,0.0,555_C20DisCh.csv,986
3.7364,0.14814,38.59318,31680.0,0.0,-5.37087,0.0,555_C20DisCh.csv,986
3.73724,0.14814,38.59318,31740.0,0.0,-5.36161,0.0,555_C20DisCh.csv,986
3.73792,0.14814,38.59318,31800.0,0.0,-5.35237,0.0,555_C20DisCh.csv,986
3.73876,0.14814,38.48802,31860.0,0.0,-5.34314,0.0,555_C20DisCh.csv,986
3.73944,0.14814,38.48802,31920.0,0.0,-5.33385,0.0,555_C20DisCh.csv,986
3.74028,0.14814,38.48802,31980.0,0.0,-5.32458,0.0,555_C20DisCh.csv,986
3.74112,0.14814,38.59318,32040.0,0.0,-5.31532,0.0,555_C20DisCh.csv,986
3.7418,0.15069,38.59318,32100.0,0.0,-5.30606,0.0,555_C20DisCh.csv,986
3.74264,0.14814,38.48802,32160.0,0.0,-5.29678,0.0,555_C20DisCh.csv,986
3.74331,0.15069,38.48802,32220.0,0.0,-5.28752,0.0,555_C20DisCh.csv,986
3.74416,0.14814,38.59318,32280.0,0.0,-5.27822,0.0,555_C20DisCh.csv,986
3.74483,0.14814,38.59318,32340.0,0.0,-5.26894,0.0,555_C20DisCh.csv,986
3.74567,0.14814,38.59318,32400.0,0.0,-5.25963,0.0,555_C20DisCh.csv,986
3.74635,0.14814,38.59318,32460.0,0.0,-5.25035,0.0,555_C20DisCh.csv,986
3.74719,0.14814,38.59318,32520.0,0.0,-5.24107,0.0,555_C20DisCh.csv,986
3.74803,0.15069,38.48802,32580.0,0.0,-5.2318,0.0,555_C20DisCh.csv,986
3.74871,0.15069,38.59318,32640.0,0.0,-5.22252,0.0,555_C20DisCh.csv,986
3.74955,0.14814,38.59318,32700.0,0.0,-5.21323,0.0,555_C20DisCh.csv,986
3.75039,0.14814,38.48802,32760.0,0.0,-5.20391,0.0,555_C20DisCh.csv,986
3.75107,0.14814,38.59318,32820.0,0.0,-5.19461,0.0,555_C20DisCh.csv,986
3.75191,0.14814,38.59318,32880.0,0.0,-5.18531,0.0,555_C20DisCh.csv,986
3.75275,0.14814,38.59318,32940.0,0.0,-5.17604,0.0,555_C20DisCh.csv,986
3.75343,0.14814,38.48802,33000.0,0.0,-5.16671,0.0,555_C20DisCh.csv,986
3.75427,0.15069,38.59318,33060.0,0.0,-5.15743,0.0,555_C20DisCh.csv,986
3.75511,0.14814,38.48802,33120.0,0.0,-5.14811,0.0,555_C20DisCh.csv,986
3.75579,0.14814,38.48802,33180.0,0.0,-5.13882,0.0,555_C20DisCh.csv,986
3.75663,0.14814,38.59318,33240.0,0.0,-5.12952,0.0,555_C20DisCh.csv,986
3.75747,0.14814,38.48802,33300.0,0.0,-5.1202,0.0,555_C20DisCh.csv,986
3.75815,0.14814,38.48802,33360.0,0.0,-5.11088,0.0,555_C20DisCh.csv,986
3.75899,0.14814,38.48802,33420.0,0.0,-5.10158,0.0,555_C20DisCh.csv,986
3.75983,0.14814,38.48802,33480.0,0.0,-5.09225,0.0,555_C20DisCh.csv,986
3.76067,0.14814,38.48802,33540.0,0.0,-5.08294,0.0,555_C20DisCh.csv,986
3.76135,0.14814,38.59318,33600.0,0.0,-5.07359,0.0,555_C20DisCh.csv,986
3.76219,0.14814,38.59318,33660.0,0.0,-5.06427,0.0,555_C20DisCh.csv,986
3.76303,0.14814,38.48802,33720.0,0.0,-5.05496,0.0,555_C20DisCh.csv,986
3.76388,0.14814,38.59318,33780.0,0.0,-5.04563,0.0,555_C20DisCh.csv,986
3.76455,0.14814,38.59318,33840.0,0.0,-5.03631,0.0,555_C20DisCh.csv,986
3.76539,0.15069,38.59318,33900.0,0.0,-5.02693,0.0,555_C20DisCh.csv,986
3.76624,0.14814,38.48802,33960.0,0.0,-5.01758,0.0,555_C20DisCh.csv,986
3.76708,0.14814,38.59318,34020.0,0.0,-5.00825,0.0,555_C20DisCh.csv,986
3.76775,0.15069,38.59318,34080.0,0.0,-4.99892,0.0,555_C20DisCh.csv,986
3.7686,0.14814,38.48802,34140.0,0.0,-4.98958,0.0,555_C20DisCh.csv,986
3.76944,0.14814,38.59318,34200.0,0.0,-4.98024,0.0,555_C20DisCh.csv,986
3.77028,0.14814,38.48802,34260.0,0.0,-4.9709,0.0,555_C20DisCh.csv,986
3.77113,0.14814,38.48802,34320.0,0.0,-4.96154,0.0,555_C20DisCh.csv,986
3.77197,0.14814,38.48802,34380.0,0.0,-4.95221,0.0,555_C20DisCh.csv,986
3.77264,0.14814,38.48802,34440.0,0.0,-4.94288,0.0,555_C20DisCh.csv,986
3.77349,0.14814,38.48802,34500.0,0.0,-4.93353,0.0,555_C20DisCh.csv,986
3.77433,0.14814,38.48802,34560.0,0.0,-4.92419,0.0,555_C20DisCh.csv,986
3.77517,0.14814,38.48802,34620.0,0.0,-4.91482,0.0,555_C20DisCh.csv,986
3.77601,0.14814,38.48802,34680.0,0.0,-4.90541,0.0,555_C20DisCh.csv,986
3.77669,0.14814,38.38286,34740.0,0.0,-4.89604,0.0,555_C20DisCh.csv,986
3.77753,0.14814,38.48802,34800.0,0.0,-4.8867,0.0,555_C20DisCh.csv,986
3.77837,0.15069,38.59318,34860.0,0.0,-4.87734,0.0,555_C20DisCh.csv,986
3.77922,0.14814,38.48802,34920.0,0.0,-4.86799,0.0,555_C20DisCh.csv,986
3.78006,0.14814,38.48802,34980.0,0.0,-4.85863,0.0,555_C20DisCh.csv,986
3.7809,0.15069,38.48802,35040.0,0.0,-4.84926,0.0,555_C20DisCh.csv,986
3.78175,0.14814,38.59318,35100.0,0.0,-4.83989,0.0,555_C20DisCh.csv,986
3.78259,0.14814,38.48802,35160.0,0.0,-4.83052,0.0,555_C20DisCh.csv,986
3.78343,0.14814,38.48802,35220.0,0.0,-4.82115,0.0,555_C20DisCh.csv,986
3.78411,0.14814,38.48802,35280.0,0.0,-4.81178,0.0,555_C20DisCh.csv,986
3.78495,0.14814,38.48802,35340.0,0.0,-4.80239,0.0,555_C20DisCh.csv,986
3.78579,0.14814,38.48802,35400.0,0.0,-4.79302,0.0,555_C20DisCh.csv,986
3.78663,0.14814,38.59318,35460.0,0.0,-4.78362,0.0,555_C20DisCh.csv,986
3.78748,0.14814,38.48802,35520.0,0.0,-4.77424,0.0,555_C20DisCh.csv,986
3.78832,0.14814,38.48802,35580.0,0.0,-4.76484,0.0,555_C20DisCh.csv,986
3.78916,0.14814,38.59318,35640.0,0.0,-4.75549,0.0,555_C20DisCh.csv,986
3.79,0.14814,38.59318,35700.0,0.0,-4.74613,0.0,555_C20DisCh.csv,986
3.79085,0.15069,38.38286,35760.0,0.0,-4.73674,0.0,555_C20DisCh.csv,986
3.79169,0.14814,38.48802,35820.0,0.0,-4.72733,0.0,555_C20DisCh.csv,986
3.79236,0.14814,38.48802,35880.0,0.0,-4.71793,0.0,555_C20DisCh.csv,986
3.79321,0.15069,38.59318,35940.0,0.0,-4.70853,0.0,555_C20DisCh.csv,986
3.79405,0.14814,38.48802,36000.0,0.0,-4.6991,0.0,555_C20DisCh.csv,986
3.79489,0.15069,38.38286,36060.0,0.0,-4.68971,0.0,555_C20DisCh.csv,986
3.79574,0.14814,38.48802,36120.0,0.0,-4.68031,0.0,555_C20DisCh.csv,986
3.79658,0.14814,38.48802,36180.0,0.0,-4.67091,0.0,555_C20DisCh.csv,986
3.79742,0.14814,38.48802,36240.0,0.0,-4.66148,0.0,555_C20DisCh.csv,986
3.79826,0.14814,38.48802,36300.0,0.0,-4.65209,0.0,555_C20DisCh.csv,986
3.79911,0.14814,38.59318,36360.0,0.0,-4.64271,0.0,555_C20DisCh.csv,986
3.79995,0.14814,38.48802,36420.0,0.0,-4.63331,0.0,555_C20DisCh.csv,986
3.80079,0.14814,38.48802,36480.0,0.0,-4.62387,0.0,555_C20DisCh.csv,986
3.80164,0.14814,38.48802,36540.0,0.0,-4.61445,0.0,555_C20DisCh.csv,986
3.80248,0.15069,38.48802,36600.0,0.0,-4.60503,0.0,555_C20DisCh.csv,986
3.80332,0.14814,38.48802,36660.0,0.0,-4.5956,0.0,555_C20DisCh.csv,986
3.80416,0.14814,38.48802,36720.0,0.0,-4.58617,0.0,555_C20DisCh.csv,986
3.80518,0.14814,38.48802,36780.0,0.0,-4.57673,0.0,555_C20DisCh.csv,986
3.80602,0.14814,38.48802,36840.0,0.0,-4.56731,0.0,555_C20DisCh.csv,986
3.80686,0.14814,38.48802,36900.0,0.0,-4.55789,0.0,555_C20DisCh.csv,986
3.8077,0.14814,38.48802,36960.0,0.0,-4.54844,0.0,555_C20DisCh.csv,986
3.80855,0.14814,38.48802,37020.0,0.0,-4.53903,0.0,555_C20DisCh.csv,986
3.80939,0.14814,38.48802,37080.0,0.0,-4.5296,0.0,555_C20DisCh.csv,986
3.81023,0.14814,38.48802,37140.0,0.0,-4.52014,0.0,555_C20DisCh.csv,986
3.81108,0.14814,38.48802,37200.0,0.0,-4.51071,0.0,555_C20DisCh.csv,986
3.81209,0.14814,38.48802,37260.0,0.0,-4.50127,0.0,555_C20DisCh.csv,986
3.81293,0.14814,38.48802,37320.0,0.0,-4.49183,0.0,555_C20DisCh.csv,986
3.81394,0.15069,38.59318,37380.0,0.0,-4.48235,0.0,555_C20DisCh.csv,986
3.81478,0.14814,38.48802,37440.0,0.0,-4.47289,0.0,555_C20DisCh.csv,986
3.81563,0.15069,38.48802,37500.0,0.0,-4.46346,0.0,555_C20DisCh.csv,986
3.81664,0.14814,38.69834,37560.0,0.0,-4.454,0.0,555_C20DisCh.csv,986
3.81748,0.15069,38.48802,37620.0,0.0,-4.44457,0.0,555_C20DisCh.csv,986
3.81832,0.14814,38.48802,37680.0,0.0,-4.43512,0.0,555_C20DisCh.csv,986
3.81934,0.15069,38.59318,37740.0,0.0,-4.42567,0.0,555_C20DisCh.csv,986
3.82035,0.14814,38.59318,37800.0,0.0,-4.41623,0.0,555_C20DisCh.csv,986
3.82119,0.14814,38.59318,37860.0,0.0,-4.40676,0.0,555_C20DisCh.csv,986
3.8222,0.15069,38.48802,37920.0,0.0,-4.39731,0.0,555_C20DisCh.csv,986
3.82321,0.15069,38.48802,37980.0,0.0,-4.38783,0.0,555_C20DisCh.csv,986
3.82422,0.14814,38.59318,38040.0,0.0,-4.37839,0.0,555_C20DisCh.csv,986
3.82507,0.14814,38.59318,38100.0,0.0,-4.36891,0.0,555_C20DisCh.csv,986
3.82608,0.14814,38.48802,38160.0,0.0,-4.35944,0.0,555_C20DisCh.csv,986
3.82726,0.14814,38.48802,38220.0,0.0,-4.34996,0.0,555_C20DisCh.csv,986
3.82827,0.14814,38.48802,38280.0,0.0,-4.3405,0.0,555_C20DisCh.csv,986
3.82928,0.15069,38.59318,38340.0,0.0,-4.33102,0.0,555_C20DisCh.csv,986
3.83029,0.14814,38.48802,38400.0,0.0,-4.32154,0.0,555_C20DisCh.csv,986
3.8313,0.14814,38.48802,38460.0,0.0,-4.31207,0.0,555_C20DisCh.csv,986
3.83248,0.15069,38.59318,38520.0,0.0,-4.30257,0.0,555_C20DisCh.csv,986
3.83366,0.14814,38.59318,38580.0,0.0,-4.2931,0.0,555_C20DisCh.csv,986
3.83467,0.15069,38.59318,38640.0,0.0,-4.28361,0.0,555_C20DisCh.csv,986
3.83585,0.14814,38.59318,38700.0,0.0,-4.27411,0.0,555_C20DisCh.csv,986
3.83703,0.14814,38.48802,38760.0,0.0,-4.2646,0.0,555_C20DisCh.csv,986
3.83821,0.15069,38.59318,38820.0,0.0,-4.25508,0.0,555_C20DisCh.csv,986
3.83939,0.14814,38.59318,38880.0,0.0,-4.24559,0.0,555_C20DisCh.csv,986
3.84074,0.14814,38.48802,38940.0,0.0,-4.23604,0.0,555_C20DisCh.csv,986
3.84192,0.15069,38.48802,39000.0,0.0,-4.22652,0.0,555_C20DisCh.csv,986
3.8431,0.14814,38.59318,39060.0,0.0,-4.21701,0.0,555_C20DisCh.csv,986
3.84445,0.14814,38.48802,39120.0,0.0,-4.20749,0.0,555_C20DisCh.csv,986
3.8458,0.15069,38.59318,39180.0,0.0,-4.19798,0.0,555_C20DisCh.csv,986
3.84698,0.14814,38.59318,39240.0,0.0,-4.18844,0.0,555_C20DisCh.csv,986
3.84833,0.14814,38.59318,39300.0,0.0,-4.17892,0.0,555_C20DisCh.csv,986
3.84968,0.14814,38.38286,39360.0,0.0,-4.1694,0.0,555_C20DisCh.csv,986
3.85086,0.14814,38.59318,39420.0,0.0,-4.15986,0.0,555_C20DisCh.csv,986
3.85221,0.14814,38.59318,39480.0,0.0,-4.15032,0.0,555_C20DisCh.csv,986
3.85339,0.14814,38.59318,39540.0,0.0,-4.14078,0.0,555_C20DisCh.csv,986
3.85473,0.14814,38.48802,39600.0,0.0,-4.13123,0.0,555_C20DisCh.csv,986
3.85591,0.14814,38.48802,39660.0,0.0,-4.12169,0.0,555_C20DisCh.csv,986
3.85709,0.14814,38.48802,39720.0,0.0,-4.1121,0.0,555_C20DisCh.csv,986
3.85827,0.14814,38.59318,39780.0,0.0,-4.10254,0.0,555_C20DisCh.csv,986
3.85945,0.15069,38.59318,39840.0,0.0,-4.09297,0.0,555_C20DisCh.csv,986
3.86046,0.14814,38.48802,39900.0,0.0,-4.08337,0.0,555_C20DisCh.csv,986
3.86164,0.15069,38.48802,39960.0,0.0,-4.07382,0.0,555_C20DisCh.csv,986
3.86266,0.15069,38.59318,40020.0,0.0,-4.06425,0.0,555_C20DisCh.csv,986
3.86367,0.14814,38.48802,40080.0,0.0,-4.05469,0.0,555_C20DisCh.csv,986
3.86468,0.14814,38.59318,40140.0,0.0,-4.04511,0.0,555_C20DisCh.csv,986
3.86552,0.14814,38.59318,40200.0,0.0,-4.03555,0.0,555_C20DisCh.csv,986
3.86653,0.15069,38.59318,40260.0,0.0,-4.02597,0.0,555_C20DisCh.csv,986
3.86738,0.14814,38.38286,40320.0,0.0,-4.01638,0.0,555_C20DisCh.csv,986
3.86822,0.14814,38.59318,40380.0,0.0,-4.00677,0.0,555_C20DisCh.csv,986
3.86906,0.14814,38.59318,40440.0,0.0,-3.99715,0.0,555_C20DisCh.csv,986
3.87007,0.14814,38.48802,40500.0,0.0,-3.98757,0.0,555_C20DisCh.csv,986
3.87075,0.14814,38.59318,40560.0,0.0,-3.97797,0.0,555_C20DisCh.csv,986
3.87159,0.15069,38.59318,40620.0,0.0,-3.96841,0.0,555_C20DisCh.csv,986
3.87243,0.14814,38.48802,40680.0,0.0,-3.95881,0.0,555_C20DisCh.csv,986
3.87328,0.15069,38.48802,40740.0,0.0,-3.94921,0.0,555_C20DisCh.csv,986
3.87412,0.14814,38.48802,40800.0,0.0,-3.93963,0.0,555_C20DisCh.csv,986
3.87479,0.14814,38.59318,40860.0,0.0,-3.93001,0.0,555_C20DisCh.csv,986
3.87564,0.15069,38.59318,40920.0,0.0,-3.92042,0.0,555_C20DisCh.csv,986
3.87648,0.15069,38.48802,40980.0,0.0,-3.91074,0.0,555_C20DisCh.csv,986
3.87715,0.14814,38.48802,41040.0,0.0,-3.90114,0.0,555_C20DisCh.csv,986
3.878,0.14814,38.59318,41100.0,0.0,-3.89153,0.0,555_C20DisCh.csv,986
3.87867,0.14814,38.59318,41160.0,0.0,-3.88192,0.0,555_C20DisCh.csv,986
3.87951,0.15069,38.48802,41220.0,0.0,-3.87232,0.0,555_C20DisCh.csv,986
3.88019,0.14814,38.59318,41280.0,0.0,-3.8627,0.0,555_C20DisCh.csv,986
3.88086,0.14814,38.59318,41340.0,0.0,-3.85311,0.0,555_C20DisCh.csv,986
3.8817,0.14814,38.48802,41400.0,0.0,-3.8435,0.0,555_C20DisCh.csv,986
3.88238,0.14814,38.48802,41460.0,0.0,-3.8339,0.0,555_C20DisCh.csv,986
3.88305,0.15069,38.59318,41520.0,0.0,-3.82421,0.0,555_C20DisCh.csv,986
3.88373,0.14814,38.59318,41580.0,0.0,-3.8146,0.0,555_C20DisCh.csv,986
3.88457,0.14814,38.38286,41640.0,0.0,-3.80496,0.0,555_C20DisCh.csv,986
3.88524,0.14814,38.48802,41700.0,0.0,-3.79534,0.0,555_C20DisCh.csv,986
3.88592,0.14814,38.48802,41760.0,0.0,-3.78573,0.0,555_C20DisCh.csv,986
3.88659,0.14814,38.38286,41820.0,0.0,-3.77608,0.0,555_C20DisCh.csv,986
3.88727,0.14814,38.48802,41880.0,0.0,-3.76642,0.0,555_C20DisCh.csv,986
3.88777,0.14814,38.59318,41940.0,0.0,-3.75677,0.0,555_C20DisCh.csv,986
3.88845,0.14814,38.59318,42000.0,0.0,-3.74716,0.0,555_C20DisCh.csv,986
3.88912,0.14814,38.38286,42060.0,0.0,-3.73752,0.0,555_C20DisCh.csv,986
3.8898,0.14814,38.48802,42120.0,0.0,-3.72789,0.0,555_C20DisCh.csv,986
3.89047,0.14814,38.69834,42180.0,0.0,-3.71827,0.0,555_C20DisCh.csv,986
3.89114,0.14814,38.59318,42240.0,0.0,-3.70861,0.0,555_C20DisCh.csv,986
3.89182,0.15069,38.38286,42300.0,0.0,-3.69896,0.0,555_C20DisCh.csv,986
3.89249,0.14814,38.17255,42360.0,0.0,-3.68932,0.0,555_C20DisCh.csv,986
3.893,0.14814,38.59318,42420.0,0.0,-3.67966,0.0,555_C20DisCh.csv,986
3.89367,0.14814,38.69834,42480.0,0.0,-3.66999,0.0,555_C20DisCh.csv,986
3.89435,0.14814,38.59318,42540.0,0.0,-3.66035,0.0,555_C20DisCh.csv,986
3.89485,0.14814,38.38286,42600.0,0.0,-3.65072,0.0,555_C20DisCh.csv,986
3.89553,0.14814,38.38286,42660.0,0.0,-3.64105,0.0,555_C20DisCh.csv,986
3.8962,0.14814,38.59318,42720.0,0.0,-3.63139,0.0,555_C20DisCh.csv,986
3.89687,0.14814,38.69834,42780.0,0.0,-3.62173,0.0,555_C20DisCh.csv,986
3.89738,0.14814,38.59318,42840.0,0.0,-3.61209,0.0,555_C20DisCh.csv,986
3.89805,0.14814,38.48802,42900.0,0.0,-3.60247,0.0,555_C20DisCh.csv,986
3.89873,0.14814,38.48802,42960.0,0.0,-3.59281,0.0,555_C20DisCh.csv,986
3.8994,0.14814,38.59318,43020.0,0.0,-3.58316,0.0,555_C20DisCh.csv,986
3.90008,0.15069,38.59318,43080.0,0.0,-3.57351,0.0,555_C20DisCh.csv,986
3.90058,0.14814,38.48802,43140.0,0.0,-3.56385,0.0,555_C20DisCh.csv,986
3.90126,0.15069,38.48802,43200.0,0.0,-3.55418,0.0,555_C20DisCh.csv,986
3.90193,0.14814,38.48802,43260.0,0.0,-3.5445,0.0,555_C20DisCh.csv,986
3.90244,0.14814,38.59318,43320.0,0.0,-3.53483,0.0,555_C20DisCh.csv,986
3.90311,0.15069,38.48802,43380.0,0.0,-3.52515,0.0,555_C20DisCh.csv,986
3.90362,0.14814,38.59318,43440.0,0.0,-3.51547,0.0,555_C20DisCh.csv,986
3.90429,0.14814,38.48802,43500.0,0.0,-3.50582,0.0,555_C20DisCh.csv,986
3.9048,0.14814,38.59318,43560.0,0.0,-3.49615,0.0,555_C20DisCh.csv,986
3.90547,0.14814,38.59318,43620.0,0.0,-3.48644,0.0,555_C20DisCh.csv,986
3.90615,0.14814,38.48802,43680.0,0.0,-3.47678,0.0,555_C20DisCh.csv,986
3.90682,0.14814,38.59318,43740.0,0.0,-3.46709,0.0,555_C20DisCh.csv,986
3.90733,0.14814,38.48802,43800.0,0.0,-3.4574,0.0,555_C20DisCh.csv,986
3.908,0.14814,38.48802,43860.0,0.0,-3.44773,0.0,555_C20DisCh.csv,986
3.90851,0.15069,38.48802,43920.0,0.0,-3.43805,0.0,555_C20DisCh.csv,986
3.90918,0.14814,38.48802,43980.0,0.0,-3.42837,0.0,555_C20DisCh.csv,986
3.90985,0.14814,38.59318,44040.0,0.0,-3.41865,0.0,555_C20DisCh.csv,986
3.91036,0.14814,38.48802,44100.0,0.0,-3.40889,0.0,555_C20DisCh.csv,986
3.91103,0.14814,38.48802,44160.0,0.0,-3.39923,0.0,555_C20DisCh.csv,986
3.91154,0.14814,38.48802,44220.0,0.0,-3.38954,0.0,555_C20DisCh.csv,986
3.91221,0.14814,38.59318,44280.0,0.0,-3.37984,0.0,555_C20DisCh.csv,986
3.91289,0.15069,38.59318,44340.0,0.0,-3.37017,0.0,555_C20DisCh.csv,986
3.91339,0.14814,38.59318,44400.0,0.0,-3.36049,0.0,555_C20DisCh.csv,986
3.91407,0.15069,38.59318,44460.0,0.0,-3.3508,0.0,555_C20DisCh.csv,986
3.91457,0.15069,38.48802,44520.0,0.0,-3.34111,0.0,555_C20DisCh.csv,986
3.91525,0.15069,38.59318,44580.0,0.0,-3.33139,0.0,555_C20DisCh.csv,986
3.91592,0.14814,38.59318,44640.0,0.0,-3.32171,0.0,555_C20DisCh.csv,986
3.91643,0.14814,38.59318,44700.0,0.0,-3.312,0.0,555_C20DisCh.csv,986
3.9171,0.14814,38.59318,44760.0,0.0,-3.30229,0.0,555_C20DisCh.csv,986
3.91778,0.14814,38.59318,44820.0,0.0,-3.29259,0.0,555_C20DisCh.csv,986
3.91828,0.15069,38.59318,44880.0,0.0,-3.28282,0.0,555_C20DisCh.csv,986
3.91896,0.14814,38.59318,44940.0,0.0,-3.27309,0.0,555_C20DisCh.csv,986
3.91963,0.14814,38.59318,45000.0,0.0,-3.26332,0.0,555_C20DisCh.csv,986
3.92014,0.14814,38.59318,45060.0,0.0,-3.25358,0.0,555_C20DisCh.csv,986
3.92081,0.14814,38.59318,45120.0,0.0,-3.24378,0.0,555_C20DisCh.csv,986
3.92132,0.15069,38.69834,45180.0,0.0,-3.23408,0.0,555_C20DisCh.csv,986
3.92199,0.14814,38.48802,45240.0,0.0,-3.22435,0.0,555_C20DisCh.csv,986
3.92267,0.14814,38.59318,45300.0,0.0,-3.21464,0.0,555_C20DisCh.csv,986
3.92317,0.14814,38.59318,45360.0,0.0,-3.20493,0.0,555_C20DisCh.csv,986
3.92385,0.15069,38.59318,45420.0,0.0,-3.19521,0.0,555_C20DisCh.csv,986
3.92452,0.14814,38.48802,45480.0,0.0,-3.18548,0.0,555_C20DisCh.csv,986
3.92503,0.15069,38.59318,45540.0,0.0,-3.17576,0.0,555_C20DisCh.csv,986
3.9257,0.15069,38.59318,45600.0,0.0,-3.16602,0.0,555_C20DisCh.csv,986
3.9262,0.14814,38.59318,45660.0,0.0,-3.15631,0.0,555_C20DisCh.csv,986
3.92688,0.15069,38.59318,45720.0,0.0,-3.14658,0.0,555_C20DisCh.csv,986
3.92755,0.14814,38.59318,45780.0,0.0,-3.13686,0.0,555_C20DisCh.csv,986
3.92806,0.14814,38.59318,45840.0,0.0,-3.12711,0.0,555_C20DisCh.csv,986
3.92873,0.14814,38.59318,45900.0,0.0,-3.11736,0.0,555_C20DisCh.csv,986
3.92941,0.14814,38.59318,45960.0,0.0,-3.10764,0.0,555_C20DisCh.csv,986
3.92991,0.14814,38.48802,46020.0,0.0,-3.09791,0.0,555_C20DisCh.csv,986
3.93059,0.15069,38.48802,46080.0,0.0,-3.08816,0.0,555_C20DisCh.csv,986
3.93126,0.14814,38.59318,46140.0,0.0,-3.07843,0.0,555_C20DisCh.csv,986
3.93194,0.14814,38.59318,46200.0,0.0,-3.06867,0.0,555_C20DisCh.csv,986
3.93261,0.15069,38.59318,46260.0,0.0,-3.05896,0.0,555_C20DisCh.csv,986
3.93312,0.14814,38.48802,46320.0,0.0,-3.04921,0.0,555_C20DisCh.csv,986
3.93379,0.14814,38.59318,46380.0,0.0,-3.03946,0.0,555_C20DisCh.csv,986
3.93446,0.15069,38.59318,46440.0,0.0,-3.02973,0.0,555_C20DisCh.csv,986
3.93514,0.14814,38.59318,46500.0,0.0,-3.01997,0.0,555_C20DisCh.csv,986
3.93564,0.14814,38.59318,46560.0,0.0,-3.01022,0.0,555_C20DisCh.csv,986
3.93632,0.14814,38.48802,46620.0,0.0,-3.0005,0.0,555_C20DisCh.csv,986
3.93699,0.14814,38.59318,46680.0,0.0,-2.99074,0.0,555_C20DisCh.csv,986
3.93767,0.14814,38.59318,46740.0,0.0,-2.98102,0.0,555_C20DisCh.csv,986
3.93817,0.14814,38.69834,46800.0,0.0,-2.97126,0.0,555_C20DisCh.csv,986
3.93885,0.14814,38.48802,46860.0,0.0,-2.96151,0.0,555_C20DisCh.csv,986
3.93952,0.14814,38.59318,46920.0,0.0,-2.95176,0.0,555_C20DisCh.csv,986
3.9402,0.14814,38.48802,46980.0,0.0,-2.94201,0.0,555_C20DisCh.csv,986
3.94087,0.14814,38.59318,47040.0,0.0,-2.93224,0.0,555_C20DisCh.csv,986
3.94154,0.14814,38.59318,47100.0,0.0,-2.92248,0.0,555_C20DisCh.csv,986
3.94222,0.14814,38.69834,47160.0,0.0,-2.91272,0.0,555_C20DisCh.csv,986
3.94289,0.14814,38.59318,47220.0,0.0,-2.90294,0.0,555_C20DisCh.csv,986
3.9434,0.15069,38.59318,47280.0,0.0,-2.89315,0.0,555_C20DisCh.csv,986
3.94407,0.14814,38.48802,47340.0,0.0,-2.88337,0.0,555_C20DisCh.csv,986
3.94475,0.14814,38.59318,47400.0,0.0,-2.87358,0.0,555_C20DisCh.csv,986
3.94542,0.14814,38.48802,47460.0,0.0,-2.86381,0.0,555_C20DisCh.csv,986
3.9461,0.14814,38.59318,47520.0,0.0,-2.85407,0.0,555_C20DisCh.csv,986
3.94677,0.14814,38.59318,47580.0,0.0,-2.84425,0.0,555_C20DisCh.csv,986
3.94744,0.14814,38.59318,47640.0,0.0,-2.83446,0.0,555_C20DisCh.csv,986
3.94812,0.14814,38.59318,47700.0,0.0,-2.82467,0.0,555_C20DisCh.csv,986
3.94879,0.14814,38.59318,47760.0,0.0,-2.81487,0.0,555_C20DisCh.csv,986
3.94947,0.14814,38.59318,47820.0,0.0,-2.80509,0.0,555_C20DisCh.csv,986
3.95014,0.15069,38.48802,47880.0,0.0,-2.79531,0.0,555_C20DisCh.csv,986
3.95082,0.14814,38.59318,47940.0,0.0,-2.7855,0.0,555_C20DisCh.csv,986
3.95149,0.14814,38.59318,48000.0,0.0,-2.77572,0.0,555_C20DisCh.csv,986
3.95216,0.14814,38.59318,48060.0,0.0,-2.76592,0.0,555_C20DisCh.csv,986
3.95301,0.14814,38.59318,48120.0,0.0,-2.75612,0.0,555_C20DisCh.csv,986
3.95368,0.14814,38.59318,48180.0,0.0,-2.74632,0.0,555_C20DisCh.csv,986
3.95436,0.14814,38.59318,48240.0,0.0,-2.73652,0.0,555_C20DisCh.csv,986
3.95486,0.14814,38.59318,48300.0,0.0,-2.72673,0.0,555_C20DisCh.csv,986
3.9557,0.14814,38.59318,48360.0,0.0,-2.71696,0.0,555_C20DisCh.csv,986
3.95638,0.14814,38.69834,48420.0,0.0,-2.70719,0.0,555_C20DisCh.csv,986
3.95705,0.14814,38.59318,48480.0,0.0,-2.6974,0.0,555_C20DisCh.csv,986
3.95773,0.14814,38.59318,48540.0,0.0,-2.68757,0.0,555_C20DisCh.csv,986
3.95857,0.14814,38.59318,48600.0,0.0,-2.67778,0.0,555_C20DisCh.csv,986
3.95924,0.14814,38.59318,48660.0,0.0,-2.66797,0.0,555_C20DisCh.csv,986
3.95992,0.14814,38.59318,48720.0,0.0,-2.65817,0.0,555_C20DisCh.csv,986
3.96059,0.14814,38.59318,48780.0,0.0,-2.64836,0.0,555_C20DisCh.csv,986
3.96143,0.14814,38.69834,48840.0,0.0,-2.63855,0.0,555_C20DisCh.csv,986
3.96211,0.14814,38.59318,48900.0,0.0,-2.62872,0.0,555_C20DisCh.csv,986
3.96278,0.14814,38.69834,48960.0,0.0,-2.6189,0.0,555_C20DisCh.csv,986
3.96363,0.14814,38.59318,49020.0,0.0,-2.60908,0.0,555_C20DisCh.csv,986
3.9643,0.14814,38.59318,49080.0,0.0,-2.59926,0.0,555_C20DisCh.csv,986
3.96514,0.14814,38.59318,49140.0,0.0,-2.58944,0.0,555_C20DisCh.csv,986
3.96582,0.15069,38.48802,49200.0,0.0,-2.57962,0.0,555_C20DisCh.csv,986
3.96666,0.14814,38.48802,49260.0,0.0,-2.5698,0.0,555_C20DisCh.csv,986
3.96733,0.15069,38.59318,49320.0,0.0,-2.55999,0.0,555_C20DisCh.csv,986
3.96818,0.15069,38.59318,49380.0,0.0,-2.55011,0.0,555_C20DisCh.csv,986
3.96885,0.14814,38.59318,49440.0,0.0,-2.54028,0.0,555_C20DisCh.csv,986
3.96953,0.14814,38.59318,49500.0,0.0,-2.53046,0.0,555_C20DisCh.csv,986
3.97037,0.14814,38.59318,49560.0,0.0,-2.52062,0.0,555_C20DisCh.csv,986
3.97104,0.14814,38.59318,49620.0,0.0,-2.51079,0.0,555_C20DisCh.csv,986
3.97189,0.14814,38.59318,49680.0,0.0,-2.50094,0.0,555_C20DisCh.csv,986
3.97256,0.14814,38.59318,49740.0,0.0,-2.49108,0.0,555_C20DisCh.csv,986
3.9734,0.14814,38.59318,49800.0,0.0,-2.48126,0.0,555_C20DisCh.csv,986
3.97425,0.15069,38.48802,49860.0,0.0,-2.47138,0.0,555_C20DisCh.csv,986
3.97492,0.14814,38.69834,49920.0,0.0,-2.46146,0.0,555_C20DisCh.csv,986
3.97576,0.14814,38.48802,49980.0,0.0,-2.45161,0.0,555_C20DisCh.csv,986
3.97661,0.14814,38.59318,50040.0,0.0,-2.44177,0.0,555_C20DisCh.csv,986
3.97728,0.14814,38.59318,50100.0,0.0,-2.43191,0.0,555_C20DisCh.csv,986
3.97812,0.15069,38.59318,50160.0,0.0,-2.42205,0.0,555_C20DisCh.csv,986
3.97897,0.14814,38.48802,50220.0,0.0,-2.41216,0.0,555_C20DisCh.csv,986
3.97981,0.14814,38.59318,50280.0,0.0,-2.40234,0.0,555_C20DisCh.csv,986
3.98048,0.14814,38.59318,50340.0,0.0,-2.39247,0.0,555_C20DisCh.csv,986
3.98133,0.15069,38.59318,50400.0,0.0,-2.38261,0.0,555_C20DisCh.csv,986
3.982,0.15069,38.48802,50460.0,0.0,-2.37272,0.0,555_C20DisCh.csv,986
3.98284,0.14814,38.59318,50520.0,0.0,-2.36284,0.0,555_C20DisCh.csv,986
3.98369,0.15069,38.48802,50580.0,0.0,-2.35292,0.0,555_C20DisCh.csv,986
3.98453,0.14814,38.48802,50640.0,0.0,-2.34304,0.0,555_C20DisCh.csv,986
3.98537,0.15069,38.59318,50700.0,0.0,-2.33313,0.0,555_C20DisCh.csv,986
3.98621,0.14814,38.59318,50760.0,0.0,-2.32323,0.0,555_C20DisCh.csv,986
3.98689,0.14814,38.59318,50820.0,0.0,-2.31335,0.0,555_C20DisCh.csv,986
3.98773,0.14814,38.59318,50880.0,0.0,-2.30347,0.0,555_C20DisCh.csv,986
3.98857,0.15069,38.59318,50940.0,0.0,-2.29357,0.0,555_C20DisCh.csv,986
3.98942,0.14814,38.48802,51000.0,0.0,-2.28368,0.0,555_C20DisCh.csv,986
3.99026,0.15069,38.59318,51060.0,0.0,-2.2738,0.0,555_C20DisCh.csv,986
3.9911,0.14814,38.69834,51120.0,0.0,-2.2639,0.0,555_C20DisCh.csv,986
3.99195,0.14814,38.59318,51180.0,0.0,-2.25401,0.0,555_C20DisCh.csv,986
3.99279,0.14814,38.59318,51240.0,0.0,-2.24412,0.0,555_C20DisCh.csv,986
3.99363,0.15069,38.59318,51300.0,0.0,-2.23424,0.0,555_C20DisCh.csv,986
3.99447,0.14814,38.59318,51360.0,0.0,-2.22433,0.0,555_C20DisCh.csv,986
3.99532,0.14814,38.59318,51420.0,0.0,-2.21442,0.0,555_C20DisCh.csv,986
3.99616,0.15069,38.59318,51480.0,0.0,-2.20452,0.0,555_C20DisCh.csv,986
3.997,0.15069,38.59318,51540.0,0.0,-2.19459,0.0,555_C20DisCh.csv,986
3.99784,0.14814,38.59318,51600.0,0.0,-2.18469,0.0,555_C20DisCh.csv,986
3.99869,0.15069,38.59318,51660.0,0.0,-2.17473,0.0,555_C20DisCh.csv,986
3.99953,0.14814,38.59318,51720.0,0.0,-2.16477,0.0,555_C20DisCh.csv,986
4.00037,0.14814,38.59318,51780.0,0.0,-2.15485,0.0,555_C20DisCh.csv,986
4.00122,0.14814,38.59318,51840.0,0.0,-2.14492,0.0,555_C20DisCh.csv,986
4.00206,0.14814,38.69834,51900.0,0.0,-2.13501,0.0,555_C20DisCh.csv,986
4.0029,0.14814,38.59318,51960.0,0.0,-2.12509,0.0,555_C20DisCh.csv,986
4.00391,0.14814,38.48802,52020.0,0.0,-2.11517,0.0,555_C20DisCh.csv,986
4.00476,0.14814,38.69834,52080.0,0.0,-2.10526,0.0,555_C20DisCh.csv,986
4.0056,0.14814,38.69834,52140.0,0.0,-2.09532,0.0,555_C20DisCh.csv,986
4.00644,0.14814,38.59318,52200.0,0.0,-2.08543,0.0,555_C20DisCh.csv,986
4.00728,0.14814,38.48802,52260.0,0.0,-2.07549,0.0,555_C20DisCh.csv,986
4.00813,0.14814,38.59318,52320.0,0.0,-2.06555,0.0,555_C20DisCh.csv,986
4.00914,0.14814,38.59318,52380.0,0.0,-2.0556,0.0,555_C20DisCh.csv,986
4.00998,0.14814,38.59318,52440.0,0.0,-2.04563,0.0,555_C20DisCh.csv,986
4.01082,0.14814,38.59318,52500.0,0.0,-2.03572,0.0,555_C20DisCh.csv,986
4.01167,0.14814,38.48802,52560.0,0.0,-2.02576,0.0,555_C20DisCh.csv,986
4.01251,0.15069,38.59318,52620.0,0.0,-2.01582,0.0,555_C20DisCh.csv,986
4.01335,0.14814,38.59318,52680.0,0.0,-2.00584,0.0,555_C20DisCh.csv,986
4.0142,0.14814,38.59318,52740.0,0.0,-1.99592,0.0,555_C20DisCh.csv,986
4.01521,0.14814,38.48802,52800.0,0.0,-1.98596,0.0,555_C20DisCh.csv,986
4.01605,0.15069,38.59318,52860.0,0.0,-1.97602,0.0,555_C20DisCh.csv,986
4.01689,0.14814,38.69834,52920.0,0.0,-1.96604,0.0,555_C20DisCh.csv,986
4.01774,0.15069,38.59318,52980.0,0.0,-1.95609,0.0,555_C20DisCh.csv,986
4.01875,0.14814,38.59318,53040.0,0.0,-1.94613,0.0,555_C20DisCh.csv,986
4.01959,0.14814,38.69834,53100.0,0.0,-1.93617,0.0,555_C20DisCh.csv,986
4.02043,0.14814,38.69834,53160.0,0.0,-1.92623,0.0,555_C20DisCh.csv,986
4.02128,0.14814,38.59318,53220.0,0.0,-1.9163,0.0,555_C20DisCh.csv,986
4.02212,0.14814,38.59318,53280.0,0.0,-1.90635,0.0,555_C20DisCh.csv,986
4.02313,0.15069,38.48802,53340.0,0.0,-1.89637,0.0,555_C20DisCh.csv,986
4.02397,0.14814,38.48802,53400.0,0.0,-1.88638,0.0,555_C20DisCh.csv,986
4.02482,0.15069,38.59318,53460.0,0.0,-1.87636,0.0,555_C20DisCh.csv,986
4.02566,0.14814,38.59318,53520.0,0.0,-1.86641,0.0,555_C20DisCh.csv,986
4.02667,0.14814,38.38286,53580.0,0.0,-1.85639,0.0,555_C20DisCh.csv,986
4.02751,0.14814,38.59318,53640.0,0.0,-1.84642,0.0,555_C20DisCh.csv,986
4.02836,0.14814,38.59318,53700.0,0.0,-1.83643,0.0,555_C20DisCh.csv,986
4.0292,0.14814,38.48802,53760.0,0.0,-1.82641,0.0,555_C20DisCh.csv,986
4.03004,0.14814,38.48802,53820.0,0.0,-1.81644,0.0,555_C20DisCh.csv,986
4.03088,0.14814,38.59318,53880.0,0.0,-1.80644,0.0,555_C20DisCh.csv,986
4.03173,0.15069,38.8035,53940.0,0.0,-1.79646,0.0,555_C20DisCh.csv,986
4.03274,0.15069,38.59318,54000.0,0.0,-1.78648,0.0,555_C20DisCh.csv,986
4.03358,0.14814,38.48802,54060.0,0.0,-1.7765,0.0,555_C20DisCh.csv,986
4.03442,0.15069,38.48802,54120.0,0.0,-1.76648,0.0,555_C20DisCh.csv,986
4.03527,0.14814,38.69834,54180.0,0.0,-1.75646,0.0,555_C20DisCh.csv,986
4.03611,0.14814,38.69834,54240.0,0.0,-1.74645,0.0,555_C20DisCh.csv,986
4.03695,0.14814,38.48802,54300.0,0.0,-1.73646,0.0,555_C20DisCh.csv,986
4.03779,0.14814,38.38286,54360.0,0.0,-1.72645,0.0,555_C20DisCh.csv,986
4.03864,0.14814,38.48802,54420.0,0.0,-1.71643,0.0,555_C20DisCh.csv,986
4.03948,0.14814,38.8035,54480.0,0.0,-1.70645,0.0,555_C20DisCh.csv,986
4.04032,0.14814,38.59318,54540.0,0.0,-1.69643,0.0,555_C20DisCh.csv,986
4.04117,0.14814,38.48802,54600.0,0.0,-1.68642,0.0,555_C20DisCh.csv,986
4.04201,0.15069,38.27771,54660.0,0.0,-1.6764,0.0,555_C20DisCh.csv,986
4.04285,0.14814,38.48802,54720.0,0.0,-1.6664,0.0,555_C20DisCh.csv,986
4.04369,0.14814,38.69834,54780.0,0.0,-1.65638,0.0,555_C20DisCh.csv,986
4.04454,0.14814,38.69834,54840.0,0.0,-1.64635,0.0,555_C20DisCh.csv,986
4.04538,0.14814,38.38286,54900.0,0.0,-1.63634,0.0,555_C20DisCh.csv,986
4.04622,0.14814,38.27771,54960.0,0.0,-1.62631,0.0,555_C20DisCh.csv,986
4.04707,0.15069,38.59318,55020.0,0.0,-1.6163,0.0,555_C20DisCh.csv,986
4.04791,0.14814,38.69834,55080.0,0.0,-1.60629,0.0,555_C20DisCh.csv,986
4.04875,0.14814,38.59318,55140.0,0.0,-1.59622,0.0,555_C20DisCh.csv,986
4.04959,0.14814,38.38286,55200.0,0.0,-1.58619,0.0,555_C20DisCh.csv,986
4.05044,0.14814,38.38286,55260.0,0.0,-1.57614,0.0,555_C20DisCh.csv,986
4.05128,0.15069,38.48802,55320.0,0.0,-1.56611,0.0,555_C20DisCh.csv,986
4.05195,0.15069,38.59318,55380.0,0.0,-1.55603,0.0,555_C20DisCh.csv,986
4.0528,0.14814,38.59318,55440.0,0.0,-1.54599,0.0,555_C20DisCh.csv,986
4.05364,0.14814,38.48802,55500.0,0.0,-1.53595,0.0,555_C20DisCh.csv,986
4.05448,0.14814,38.48802,55560.0,0.0,-1.52594,0.0,555_C20DisCh.csv,986
4.05516,0.15069,38.59318,55620.0,0.0,-1.51591,0.0,555_C20DisCh.csv,986
4.056,0.14814,38.59318,55680.0,0.0,-1.50585,0.0,555_C20DisCh.csv,986
4.05667,0.15069,38.59318,55740.0,0.0,-1.4958,0.0,555_C20DisCh.csv,986
4.05752,0.14814,38.59318,55800.0,0.0,-1.48572,0.0,555_C20DisCh.csv,986
4.05836,0.15069,38.48802,55860.0,0.0,-1.47566,0.0,555_C20DisCh.csv,986
4.05903,0.14814,38.59318,55920.0,0.0,-1.46562,0.0,555_C20DisCh.csv,986
4.05988,0.15069,38.59318,55980.0,0.0,-1.45556,0.0,555_C20DisCh.csv,986
4.06055,0.14814,38.69834,56040.0,0.0,-1.4455,0.0,555_C20DisCh.csv,986
4.06139,0.14814,38.59318,56100.0,0.0,-1.43543,0.0,555_C20DisCh.csv,986
4.06207,0.14814,38.59318,56160.0,0.0,-1.42537,0.0,555_C20DisCh.csv,986
4.06291,0.14814,38.48802,56220.0,0.0,-1.4153,0.0,555_C20DisCh.csv,986
4.06359,0.14814,38.48802,56280.0,0.0,-1.40522,0.0,555_C20DisCh.csv,986
4.06443,0.14814,38.48802,56340.0,0.0,-1.39513,0.0,555_C20DisCh.csv,986
4.0651,0.14814,38.59318,56400.0,0.0,-1.38505,0.0,555_C20DisCh.csv,986
4.06578,0.14814,38.59318,56460.0,0.0,-1.37498,0.0,555_C20DisCh.csv,986
4.06645,0.14814,38.48802,56520.0,0.0,-1.36491,0.0,555_C20DisCh.csv,986
4.06729,0.14814,38.48802,56580.0,0.0,-1.35484,0.0,555_C20DisCh.csv,986
4.06797,0.14814,38.48802,56640.0,0.0,-1.34477,0.0,555_C20DisCh.csv,986
4.06864,0.14814,38.48802,56700.0,0.0,-1.33469,0.0,555_C20DisCh.csv,986
4.06932,0.14814,38.48802,56760.0,0.0,-1.3246,0.0,555_C20DisCh.csv,986
4.06999,0.14814,38.48802,56820.0,0.0,-1.31451,0.0,555_C20DisCh.csv,986
4.07066,0.14814,38.48802,56880.0,0.0,-1.30443,0.0,555_C20DisCh.csv,986
4.07134,0.14814,38.48802,56940.0,0.0,-1.29434,0.0,555_C20DisCh.csv,986
4.07201,0.14814,38.59318,57000.0,0.0,-1.28427,0.0,555_C20DisCh.csv,986
4.07269,0.14814,38.48802,57060.0,0.0,-1.27416,0.0,555_C20DisCh.csv,986
4.07336,0.15069,38.48802,57120.0,0.0,-1.26406,0.0,555_C20DisCh.csv,986
4.07404,0.15069,38.48802,57180.0,0.0,-1.25398,0.0,555_C20DisCh.csv,986
4.07471,0.14814,38.48802,57240.0,0.0,-1.24388,0.0,555_C20DisCh.csv,986
4.07538,0.14814,38.59318,57300.0,0.0,-1.23379,0.0,555_C20DisCh.csv,986
4.07589,0.14814,38.59318,57360.0,0.0,-1.22369,0.0,555_C20DisCh.csv,986
4.07656,0.14814,38.48802,57420.0,0.0,-1.21359,0.0,555_C20DisCh.csv,986
4.07707,0.14814,38.48802,57480.0,0.0,-1.20352,0.0,555_C20DisCh.csv,986
4.07774,0.15069,38.48802,57540.0,0.0,-1.19341,0.0,555_C20DisCh.csv,986
4.07825,0.14814,38.59318,57600.0,0.0,-1.18331,0.0,555_C20DisCh.csv,986
4.07892,0.14814,38.59318,57660.0,0.0,-1.1732,0.0,555_C20DisCh.csv,986
4.07943,0.14814,38.48802,57720.0,0.0,-1.1631,0.0,555_C20DisCh.csv,986
4.0801,0.14814,38.48802,57780.0,0.0,-1.15299,0.0,555_C20DisCh.csv,986
4.08061,0.14814,38.59318,57840.0,0.0,-1.14289,0.0,555_C20DisCh.csv,986
4.08112,0.14814,38.59318,57900.0,0.0,-1.13278,0.0,555_C20DisCh.csv,986
4.08162,0.14814,38.48802,57960.0,0.0,-1.12264,0.0,555_C20DisCh.csv,986
4.08213,0.14814,38.48802,58020.0,0.0,-1.11252,0.0,555_C20DisCh.csv,986
4.08263,0.15069,38.59318,58080.0,0.0,-1.10242,0.0,555_C20DisCh.csv,986
4.08314,0.15069,38.59318,58140.0,0.0,-1.0923,0.0,555_C20DisCh.csv,986
4.08364,0.14814,38.48802,58200.0,0.0,-1.08218,0.0,555_C20DisCh.csv,986
4.08415,0.14814,38.59318,58260.0,0.0,-1.07207,0.0,555_C20DisCh.csv,986
4.08466,0.14814,38.59318,58320.0,0.0,-1.06195,0.0,555_C20DisCh.csv,986
4.08499,0.14814,38.48802,58380.0,0.0,-1.05182,0.0,555_C20DisCh.csv,986
4.0855,0.14814,38.38286,58440.0,0.0,-1.0417,0.0,555_C20DisCh.csv,986
4.086,0.14814,38.48802,58500.0,0.0,-1.03158,0.0,555_C20DisCh.csv,986
4.08634,0.14814,38.59318,58560.0,0.0,-1.02145,0.0,555_C20DisCh.csv,986
4.08685,0.14814,38.48802,58620.0,0.0,-1.01132,0.0,555_C20DisCh.csv,986
4.08718,0.14814,38.48802,58680.0,0.0,-1.00119,0.0,555_C20DisCh.csv,986
4.08769,0.14814,38.48802,58740.0,0.0,-0.99106,0.0,555_C20DisCh.csv,986
4.08803,0.14814,38.59318,58800.0,0.0,-0.98093,0.0,555_C20DisCh.csv,986
4.08836,0.14814,38.48802,58860.0,0.0,-0.9708,0.0,555_C20DisCh.csv,986
4.0887,0.14814,38.59318,58920.0,0.0,-0.96066,0.0,555_C20DisCh.csv,986
4.08904,0.14814,38.59318,58980.0,0.0,-0.95054,0.0,555_C20DisCh.csv,986
4.08938,0.14814,38.59318,59040.0,0.0,-0.94043,0.0,555_C20DisCh.csv,986
4.08971,0.15069,38.48802,59100.0,0.0,-0.93031,0.0,555_C20DisCh.csv,986
4.09005,0.14814,38.38286,59160.0,0.0,-0.92016,0.0,555_C20DisCh.csv,986
4.09039,0.14814,38.48802,59220.0,0.0,-0.91002,0.0,555_C20DisCh.csv,986
4.09072,0.14814,38.38286,59280.0,0.0,-0.89989,0.0,555_C20DisCh.csv,986
4.09106,0.15069,38.48802,59340.0,0.0,-0.88975,0.0,555_C20DisCh.csv,986
4.0914,0.14814,38.48802,59400.0,0.0,-0.8796,0.0,555_C20DisCh.csv,986
4.09174,0.15069,38.48802,59460.0,0.0,-0.86946,0.0,555_C20DisCh.csv,986
4.0919,0.15069,38.48802,59520.0,0.0,-0.85934,0.0,555_C20DisCh.csv,986
4.09224,0.15069,38.48802,59580.0,0.0,-0.84919,0.0,555_C20DisCh.csv,986
4.09258,0.15069,38.48802,59640.0,0.0,-0.83904,0.0,555_C20DisCh.csv,986
4.09275,0.14814,38.48802,59700.0,0.0,-0.82892,0.0,555_C20DisCh.csv,986
4.09308,0.14814,38.48802,59760.0,0.0,-0.81879,0.0,555_C20DisCh.csv,986
4.09342,0.14814,38.48802,59820.0,0.0,-0.80867,0.0,555_C20DisCh.csv,986
4.09359,0.14814,38.48802,59880.0,0.0,-0.7985,0.0,555_C20DisCh.csv,986
4.09393,0.15069,38.48802,59940.0,0.0,-0.78836,0.0,555_C20DisCh.csv,986
4.09426,0.15069,38.48802,60000.0,0.0,-0.77822,0.0,555_C20DisCh.csv,986
4.09443,0.14814,38.59318,60060.0,0.0,-0.76806,0.0,555_C20DisCh.csv,986
4.09477,0.15069,38.59318,60120.0,0.0,-0.75788,0.0,555_C20DisCh.csv,986
4.09494,0.14814,38.48802,60180.0,0.0,-0.74777,0.0,555_C20DisCh.csv,986
4.09528,0.14814,38.48802,60240.0,0.0,-0.73763,0.0,555_C20DisCh.csv,986
4.09544,0.14814,38.38286,60300.0,0.0,-0.72746,0.0,555_C20DisCh.csv,986
4.09578,0.15069,38.48802,60360.0,0.0,-0.71729,0.0,555_C20DisCh.csv,986
4.09595,0.15069,38.48802,60420.0,0.0,-0.70714,0.0,555_C20DisCh.csv,986
4.09612,0.14814,38.48802,60480.0,0.0,-0.69697,0.0,555_C20DisCh.csv,986
4.09646,0.14814,38.59318,60540.0,0.0,-0.68683,0.0,555_C20DisCh.csv,986
4.09662,0.14814,38.59318,60600.0,0.0,-0.67668,0.0,555_C20DisCh.csv,986
4.09679,0.14814,38.48802,60660.0,0.0,-0.66652,0.0,555_C20DisCh.csv,986
4.09713,0.14814,38.48802,60720.0,0.0,-0.65638,0.0,555_C20DisCh.csv,986
4.0973,0.15069,38.59318,60780.0,0.0,-0.64623,0.0,555_C20DisCh.csv,986
4.09764,0.15069,38.69834,60840.0,0.0,-0.63607,0.0,555_C20DisCh.csv,986
4.0978,0.14814,38.69834,60900.0,0.0,-0.62591,0.0,555_C20DisCh.csv,986
4.09814,0.14814,38.59318,60960.0,0.0,-0.61575,0.0,555_C20DisCh.csv,986
4.09831,0.14814,38.59318,61020.0,0.0,-0.6056,0.0,555_C20DisCh.csv,986
4.09865,0.15069,38.48802,61080.0,0.0,-0.59544,0.0,555_C20DisCh.csv,986
4.09882,0.14814,38.59318,61140.0,0.0,-0.58528,0.0,555_C20DisCh.csv,986
4.09915,0.14814,38.48802,61200.0,0.0,-0.57515,0.0,555_C20DisCh.csv,986
4.09932,0.14814,38.59318,61260.0,0.0,-0.56499,0.0,555_C20DisCh.csv,986
4.09949,0.15069,38.59318,61320.0,0.0,-0.55483,0.0,555_C20DisCh.csv,986
4.09983,0.15069,38.59318,61380.0,0.0,-0.54466,0.0,555_C20DisCh.csv,986
4.1,0.14814,38.59318,61440.0,0.0,-0.53453,0.0,555_C20DisCh.csv,986
4.10033,0.14814,38.59318,61500.0,0.0,-0.52437,0.0,555_C20DisCh.csv,986
4.1005,0.15069,38.59318,61560.0,0.0,-0.51421,0.0,555_C20DisCh.csv,986
4.10084,0.14814,38.48802,61620.0,0.0,-0.50406,0.0,555_C20DisCh.csv,986
4.10117,0.15069,38.48802,61680.0,0.0,-0.49387,0.0,555_C20DisCh.csv,986
4.10134,0.14814,38.59318,61740.0,0.0,-0.48365,0.0,555_C20DisCh.csv,986
4.10168,0.15069,38.59318,61800.0,0.0,-0.4735,0.0,555_C20DisCh.csv,986
4.10185,0.14814,38.69834,61860.0,0.0,-0.46331,0.0,555_C20DisCh.csv,986
4.10219,0.14814,38.59318,61920.0,0.0,-0.45315,0.0,555_C20DisCh.csv,986
4.10235,0.15069,38.59318,61980.0,0.0,-0.44298,0.0,555_C20DisCh.csv,986
4.10269,0.15069,38.59318,62040.0,0.0,-0.43283,0.0,555_C20DisCh.csv,986
4.10286,0.14814,38.48802,62100.0,0.0,-0.42263,0.0,555_C20DisCh.csv,986
4.1032,0.14814,38.59318,62160.0,0.0,-0.41243,0.0,555_C20DisCh.csv,986
4.10353,0.15069,38.48802,62220.0,0.0,-0.40224,0.0,555_C20DisCh.csv,986
4.1037,0.14814,38.59318,62280.0,0.0,-0.39209,0.0,555_C20DisCh.csv,986
4.10404,0.14814,38.48802,62340.0,0.0,-0.38192,0.0,555_C20DisCh.csv,986
4.10421,0.14814,38.48802,62400.0,0.0,-0.37174,0.0,555_C20DisCh.csv,986
4.10455,0.14814,38.59318,62460.0,0.0,-0.3616,0.0,555_C20DisCh.csv,986
4.10488,0.14814,38.59318,62520.0,0.0,-0.35143,0.0,555_C20DisCh.csv,986
4.10522,0.14814,38.59318,62580.0,0.0,-0.34124,0.0,555_C20DisCh.csv,986
4.10539,0.14814,38.59318,62640.0,0.0,-0.33105,0.0,555_C20DisCh.csv,986
4.10573,0.14814,38.69834,62700.0,0.0,-0.32087,0.0,555_C20DisCh.csv,986
4.10606,0.14814,38.59318,62760.0,0.0,-0.31064,0.0,555_C20DisCh.csv,986
4.10623,0.15069,38.59318,62820.0,0.0,-0.30047,0.0,555_C20DisCh.csv,986
4.10657,0.15069,38.59318,62880.0,0.0,-0.29027,0.0,555_C20DisCh.csv,986
4.10691,0.15069,38.59318,62940.0,0.0,-0.28004,0.0,555_C20DisCh.csv,986
4.10724,0.14814,38.59318,63000.0,0.0,-0.26988,0.0,555_C20DisCh.csv,986
4.10758,0.15069,38.59318,63060.0,0.0,-0.2597,0.0,555_C20DisCh.csv,986
4.10792,0.14814,38.48802,63120.0,0.0,-0.24953,0.0,555_C20DisCh.csv,986
4.10825,0.14814,38.59318,63180.0,0.0,-0.23935,0.0,555_C20DisCh.csv,986
4.10859,0.14814,38.48802,63240.0,0.0,-0.22919,0.0,555_C20DisCh.csv,986
4.10893,0.15069,38.59318,63300.0,0.0,-0.21895,0.0,555_C20DisCh.csv,986
4.1091,0.14814,38.59318,63360.0,0.0,-0.20878,0.0,555_C20DisCh.csv,986
4.10943,0.15069,38.48802,63420.0,0.0,-0.19862,0.0,555_C20DisCh.csv,986
4.10977,0.14814,38.59318,63480.0,0.0,-0.18845,0.0,555_C20DisCh.csv,986
4.11011,0.14814,38.59318,63540.0,0.0,-0.17823,0.0,555_C20DisCh.csv,986
4.11045,0.14814,38.48802,63600.0,0.0,-0.16806,0.0,555_C20DisCh.csv,986
4.11095,0.15069,38.59318,63660.0,0.0,-0.15788,0.0,555_C20DisCh.csv,986
4.11129,0.14814,38.59318,63720.0,0.0,-0.14771,0.0,555_C20DisCh.csv,986
4.11163,0.14814,38.59318,63780.0,0.0,-0.13749,0.0,555_C20DisCh.csv,986
4.11196,0.15069,38.48802,63840.0,0.0,-0.12725,0.0,555_C20DisCh.csv,986
4.1123,0.15069,38.48802,63900.0,0.0,-0.11708,0.0,555_C20DisCh.csv,986
4.11281,0.15069,38.59318,63960.0,0.0,-0.10685,0.0,555_C20DisCh.csv,986
4.11314,0.14814,38.59318,64020.0,0.0,-0.09667,0.0,555_C20DisCh.csv,986
4.11348,0.14814,38.59318,64080.0,0.0,-0.08648,0.0,555_C20DisCh.csv,986
4.11399,0.14814,38.59318,64140.0,0.0,-0.07627,0.0,555_C20DisCh.csv,986
4.11432,0.14814,38.59318,64200.0,0.0,-0.0661,0.0,555_C20DisCh.csv,986
4.11483,0.14814,38.59318,64260.0,0.0,-0.05587,0.0,555_C20DisCh.csv,986
4.11517,0.15069,38.59318,64320.0,0.0,-0.04565,0.0,555_C20DisCh.csv,986
4.11567,0.15069,38.48802,64380.0,0.0,-0.03545,0.0,555_C20DisCh.csv,986
4.11618,0.14814,38.59318,64440.0,0.0,-0.02526,0.0,555_C20DisCh.csv,986
4.11651,0.14814,38.59318,64500.0,0.0,-0.01506,0.0,555_C20DisCh.csv,986
4.11702,0.14814,38.59318,64560.0,0.0,-0.00485,0.0,555_C20DisCh.csv,986
4.11753,0.14814,38.59318,64620.0,0.0,0.00535,0.0,555_C20DisCh.csv,986
4.11786,0.14814,38.48802,64680.0,0.0,0.01556,0.0,555_C20DisCh.csv,986
4.11837,0.14814,38.59318,64740.0,0.0,0.02576,0.0,555_C20DisCh.csv,986
4.11887,0.14814,38.59318,64800.0,0.0,0.036,0.0,555_C20DisCh.csv,986
4.11938,0.15069,38.59318,64860.0,0.0,0.0462,0.0,555_C20DisCh.csv,986
4.11989,0.14814,38.59318,64920.0,0.0,0.05639,0.0,555_C20DisCh.csv,986
4.12039,0.15069,38.59318,64980.0,0.0,0.0666,0.0,555_C20DisCh.csv,986
4.1209,0.14814,38.59318,65040.0,0.0,0.07681,0.0,555_C20DisCh.csv,986
4.1214,0.14814,38.59318,65100.0,0.0,0.08703,0.887557238962067,555_C20DisCh.csv,986
4.12191,0.14814,38.59318,65160.0,0.0,0.09723,2.2839052518514333,555_C20DisCh.csv,986
4.12241,0.14814,38.48802,65220.0,0.0,0.10743,3.685906495562214,555_C20DisCh.csv,986
4.12309,0.14814,38.69834,65280.0,0.0,0.11764,5.087907739272994,555_C20DisCh.csv,986
4.12359,0.14814,38.59318,65340.0,0.0,0.12786,6.48425575216236,555_C20DisCh.csv,986
4.12427,0.14814,38.59318,65400.0,0.0,0.13809,7.886256995873142,555_C20DisCh.csv,986
4.12477,0.14814,38.59318,65460.0,0.0,0.14829,9.288258239583923,555_C20DisCh.csv,986
4.12545,0.14814,38.48802,65520.0,0.0,0.15849,10.684606252473287,555_C20DisCh.csv,986
4.12612,0.15069,38.59318,65580.0,0.0,0.16877,12.092260727005485,555_C20DisCh.csv,986
4.12663,0.14814,38.59318,65640.0,0.0,0.17901,13.494261970716265,555_C20DisCh.csv,986
4.1273,0.14814,38.48802,65700.0,0.0,0.18922,14.896263214427044,555_C20DisCh.csv,986
4.12798,0.14814,38.59318,65760.0,0.0,0.19946,16.298264458137826,555_C20DisCh.csv,986
4.12865,0.14814,38.48802,65820.0,0.0,0.20968,17.69461247102719,555_C20DisCh.csv,986
4.12933,0.14814,38.48802,65880.0,0.0,0.21997,19.1079201763808,555_C20DisCh.csv,986
4.13,0.14814,38.48802,65940.0,0.0,0.23022,20.509921420091583,555_C20DisCh.csv,986
4.13067,0.14814,38.48802,66000.0,0.0,0.24045,21.90626943298095,555_C20DisCh.csv,986
4.13135,0.15069,38.48802,66060.0,0.0,0.25068,23.30827067669173,555_C20DisCh.csv,986
4.13219,0.14814,38.48802,66120.0,0.0,0.26091,24.71027192040251,555_C20DisCh.csv,986
4.13287,0.14814,38.59318,66180.0,0.0,0.2712,26.117926394934702,555_C20DisCh.csv,986
4.13371,0.14814,38.48802,66240.0,0.0,0.28147,27.519927638645488,555_C20DisCh.csv,986
4.13438,0.14814,38.59318,66300.0,0.0,0.2917,28.92192888235627,555_C20DisCh.csv,986
4.13523,0.14814,38.48802,66360.0,0.0,0.30194,30.31827689524563,555_C20DisCh.csv,986
4.13607,0.15069,38.48802,66420.0,0.0,0.31219,31.720278138956417,555_C20DisCh.csv,986
4.13691,0.14814,38.48802,66480.0,0.0,0.32244,33.122279382667195,555_C20DisCh.csv,986
4.13775,0.14814,38.38286,66540.0,0.0,0.33266,34.518627395556564,555_C20DisCh.csv,986
4.1386,0.14814,38.48802,66600.0,0.0,0.34292,35.92062863926734,555_C20DisCh.csv,986
4.13944,0.14814,38.48802,66660.0,0.0,0.35317,37.32262988297812,555_C20DisCh.csv,986
4.14045,0.14814,38.48802,66720.0,0.0,0.36342,38.71897789586749,555_C20DisCh.csv,986
4.14129,0.14814,38.59318,66780.0,0.0,0.37366,40.11532590875685,555_C20DisCh.csv,986
4.1423,0.14814,38.48802,66840.0,0.0,0.38394,41.52298038328905,555_C20DisCh.csv,986
4.14315,0.14814,38.59318,66900.0,0.0,0.39417,42.91932839617842,555_C20DisCh.csv,986
4.14416,0.14814,38.69834,66960.0,0.0,0.40445,44.32132963988919,555_C20DisCh.csv,986
4.14517,0.14814,38.59318,67020.0,0.0,0.41469,45.71767765277856,555_C20DisCh.csv,986
4.14618,0.14814,38.48802,67080.0,0.0,0.42495,47.11402566566793,555_C20DisCh.csv,986
4.14719,0.14814,38.59318,67140.0,0.0,0.43524,48.51602690937871,555_C20DisCh.csv,986
4.14837,0.14814,38.59318,67200.0,0.0,0.44549,49.91802815308949,555_C20DisCh.csv,986
4.14938,0.14814,38.48802,67260.0,0.0,0.45573,51.30872293515744,555_C20DisCh.csv,986
4.15056,0.14814,38.48802,67320.0,0.0,0.46603,52.71072417886823,555_C20DisCh.csv,986
4.15174,0.15069,38.59318,67380.0,0.0,0.47631,54.11272542257901,555_C20DisCh.csv,986
4.15276,0.14814,38.59318,67440.0,0.0,0.4866,55.51472666628978,555_C20DisCh.csv,986
4.15394,0.15069,38.48802,67500.0,0.0,0.49694,56.92238114082199,555_C20DisCh.csv,986
4.15512,0.14814,38.48802,67560.0,0.0,0.50732,58.33568884617559,555_C20DisCh.csv,986
4.15646,0.14814,38.59318,67620.0,0.0,0.5176,59.73203685906496,555_C20DisCh.csv,986
4.15764,0.14814,38.59318,67680.0,0.0,0.5279,61.13403810277573,555_C20DisCh.csv,986
4.15899,0.14814,38.59318,67740.0,0.0,0.53819,62.5303861156651,555_C20DisCh.csv,986
4.16017,0.14814,38.59318,67800.0,0.0,0.54849,63.93238735937589,555_C20DisCh.csv,986
4.16152,0.14814,38.59318,67860.0,0.0,0.55881,65.33438860308667,555_C20DisCh.csv,986
4.16287,0.14814,38.69834,67920.0,0.0,0.56914,66.73638984679745,555_C20DisCh.csv,986
4.16422,0.14814,38.59318,67980.0,0.0,0.57945,68.13839109050824,555_C20DisCh.csv,986
4.16574,0.14814,38.69834,68040.0,0.0,0.58977,69.540392334219,555_C20DisCh.csv,986
4.16708,0.14814,38.59318,68100.0,0.0,0.6001,70.93674034710838,555_C20DisCh.csv,986
4.1686,0.14814,38.69834,68160.0,0.0,0.61042,72.33874159081915,555_C20DisCh.csv,986
4.17012,0.15069,38.59318,68220.0,0.0,0.62076,73.74074283452994,555_C20DisCh.csv,986
4.17163,0.14814,38.59318,68280.0,0.0,0.63108,75.14274407824072,555_C20DisCh.csv,986
4.17315,0.14814,38.59318,68340.0,0.0,0.64141,76.53909209113009,555_C20DisCh.csv,986
4.17484,0.14814,38.59318,68400.0,0.0,0.65176,77.94109333484086,555_C20DisCh.csv,986
4.17652,0.14814,38.59318,68460.0,0.0,0.6621,79.34309457855164,555_C20DisCh.csv,986
4.17804,0.14814,38.59318,68520.0,0.0,0.67243,80.73944259144102,555_C20DisCh.csv,986
4.17989,0.14814,38.59318,68580.0,0.0,0.68279,82.14144383515179,555_C20DisCh.csv,986
4.18158,0.14814,38.59318,68640.0,0.0,0.69315,83.54344507886256,555_C20DisCh.csv,986
4.18327,0.15069,38.59318,68700.0,0.0,0.70352,84.94544632257336,555_C20DisCh.csv,986
4.18512,0.15069,38.48802,68760.0,0.0,0.71389,86.34179433546272,555_C20DisCh.csv,986
4.18681,0.14814,38.59318,68820.0,0.0,0.72426,87.7437955791735,555_C20DisCh.csv,986
4.18866,0.14814,38.59318,68880.0,0.0,0.7347,89.1514500537057,555_C20DisCh.csv,986
4.19068,0.14814,38.59318,68940.0,0.0,0.74508,90.55345129741649,555_C20DisCh.csv,986
4.19254,0.14814,38.48802,69000.0,0.0,0.75547,91.95545254112726,555_C20DisCh.csv,986
4.19456,0.14814,38.59318,69060.0,0.0,0.76586,93.35745378483804,555_C20DisCh.csv,986
4.19641,0.14814,38.59318,69120.0,0.0,0.77626,94.7594550285488,555_C20DisCh.csv,986
4.19844,0.14814,38.59318,69180.0,0.0,0.78664,96.15580304143818,555_C20DisCh.csv,986
4.19995,0.13026,38.59318,69240.0,0.0,0.79677,97.51823166939906,555_C20DisCh.csv,986
4.19995,0.08939,38.59318,69300.0,0.0,0.80438,98.5471196788965,555_C20DisCh.csv,986
4.19995,0.06641,38.48802,69360.0,0.0,0.80974,99.26507999321612,555_C20DisCh.csv,986
4.19995,0.05364,38.48802,69420.0,0.0,0.81394,99.83040307535757,555_C20DisCh.csv,986
4.19979,0.04853,38.48802,69440.0,0.0,0.81519,100.0,555_C20DisCh.csv,986
3.38646,2.99853,23.87099,0.0,0.0,0.16408,1.8606160283735556,555_Dis_0p5C.csv,991
3.48777,2.99853,23.76583,60.0,0.0,0.33618,3.724961493564857,555_Dis_0p5C.csv,991
3.52924,2.99853,23.97615,120.0,0.0,0.51172,5.58856107139261,555_Dis_0p5C.csv,991
3.54896,2.99853,24.39678,180.0,0.0,0.6886,7.452533592902137,555_Dis_0p5C.csv,991
3.5707,2.99853,24.39678,240.0,0.0,0.86653,9.316879058093438,555_Dis_0p5C.csv,991
3.59194,3.00108,24.29162,300.0,0.0,1.04553,11.18047863592119,555_Dis_0p5C.csv,991
3.612,2.99853,24.50194,360.0,0.0,1.22556,13.044451157430718,555_Dis_0p5C.csv,991
3.63054,2.99853,24.71226,420.0,0.0,1.40656,14.908423678940244,555_Dis_0p5C.csv,991
3.64841,2.99853,24.6071,480.0,0.0,1.58846,16.772396200449773,555_Dis_0p5C.csv,991
3.66476,2.99853,24.6071,540.0,0.0,1.77123,18.636368721959297,555_Dis_0p5C.csv,991
3.67892,2.99853,24.50194,600.0,0.0,1.95477,20.5007141871506,555_Dis_0p5C.csv,991
3.69123,2.99853,24.50194,660.0,0.0,2.13896,22.364686708660127,555_Dis_0p5C.csv,991
3.70303,2.99853,24.6071,720.0,0.0,2.32374,24.22865923016965,555_Dis_0p5C.csv,991
3.71516,2.99853,24.71226,780.0,0.0,2.50909,26.092258807997403,555_Dis_0p5C.csv,991
3.7278,2.99853,24.6071,840.0,0.0,2.69509,27.95623132950693,555_Dis_0p5C.csv,991
3.74078,2.99853,24.6071,900.0,0.0,2.88172,29.820203851016466,555_Dis_0p5C.csv,991
3.75376,2.99853,24.6071,960.0,0.0,3.06902,31.68454931620776,555_Dis_0p5C.csv,991
3.76641,2.99853,24.71226,1020.0,0.0,3.25696,33.54852183771729,555_Dis_0p5C.csv,991
3.77905,2.99853,24.81741,1080.0,0.0,3.44551,35.41249435922681,555_Dis_0p5C.csv,991
3.7922,2.99853,24.81741,1140.0,0.0,3.63472,37.27646688073634,555_Dis_0p5C.csv,991
3.80619,2.99853,24.71226,1200.0,0.0,3.82459,39.1400664585641,555_Dis_0p5C.csv,991
3.82136,2.99853,24.81741,1260.0,0.0,4.01522,41.0044119237554,555_Dis_0p5C.csv,991
3.83754,2.99853,24.81741,1320.0,0.0,4.20662,42.86838444526492,555_Dis_0p5C.csv,991
3.8549,2.99853,24.81741,1380.0,0.0,4.39883,44.73235696677445,555_Dis_0p5C.csv,991
3.87311,3.00108,24.92257,1440.0,0.0,4.59196,46.59632948828398,555_Dis_0p5C.csv,991
3.89182,2.99853,24.81741,1500.0,0.0,4.78601,48.46030200979351,555_Dis_0p5C.csv,991
3.91053,3.00108,24.81741,1560.0,0.0,4.98102,50.32464747498481,555_Dis_0p5C.csv,991
3.92924,2.99853,24.92257,1620.0,0.0,5.17696,52.18861999649433,555_Dis_0p5C.csv,991
3.94761,2.99853,24.81741,1680.0,0.0,5.37381,54.05296546168563,555_Dis_0p5C.csv,991
3.96565,2.99853,24.81741,1740.0,0.0,5.57155,55.91656503951339,555_Dis_0p5C.csv,991
3.98318,3.00108,24.92257,1800.0,0.0,5.77019,57.78053756102292,555_Dis_0p5C.csv,991
4.00004,2.99853,24.81741,1860.0,0.0,5.96969,59.64451008253244,555_Dis_0p5C.csv,991
4.01672,2.99853,24.81741,1920.0,0.0,6.17004,61.50848260404197,555_Dis_0p5C.csv,991
4.03307,2.99853,24.81741,1980.0,0.0,6.3712,63.3724551255515,555_Dis_0p5C.csv,991
4.04976,2.99853,24.81741,2040.0,0.0,6.57319,65.23642764706102,555_Dis_0p5C.csv,991
4.06679,2.99853,24.92257,2100.0,0.0,6.77602,67.10040016857054,555_Dis_0p5C.csv,991
4.08466,2.99853,24.92257,2160.0,0.0,6.97974,68.96474563376185,555_Dis_0p5C.csv,991
4.10387,2.99853,24.92257,2220.0,0.0,7.18436,70.8283452115896,555_Dis_0p5C.csv,991
4.12427,2.99853,24.92257,2280.0,0.0,7.39001,72.6926906767809,555_Dis_0p5C.csv,991
4.14568,2.99853,24.92257,2340.0,0.0,7.59669,74.5570361419722,555_Dis_0p5C.csv,991
4.16759,2.99853,24.92257,2400.0,0.0,7.80444,76.42100866348173,555_Dis_0p5C.csv,991
4.18917,3.00108,24.92257,2460.0,0.0,8.01329,78.28498118499127,555_Dis_0p5C.csv,991
4.19995,2.71758,24.92257,2520.0,0.0,8.21776,80.10196280259719,555_Dis_0p5C.csv,991
4.19995,2.40342,24.81741,2580.0,0.0,8.39618,81.68622756277576,555_Dis_0p5C.csv,991
4.19995,2.18377,24.71226,2640.0,0.0,8.55618,83.10677004665527,555_Dis_0p5C.csv,991
4.19979,2.0152,24.71226,2700.0,0.0,8.70282,84.40908938341222,555_Dis_0p5C.csv,991
4.19979,1.88749,24.6071,2760.0,0.0,8.83928,85.62078340549793,555_Dis_0p5C.csv,991
4.19979,1.77766,24.6071,2820.0,0.0,8.96738,86.75826163491051,555_Dis_0p5C.csv,991
4.19979,1.6755,24.6071,2880.0,0.0,9.08814,87.83084766369431,555_Dis_0p5C.csv,991
4.19979,1.58355,24.50194,2940.0,0.0,9.20222,88.84376270339416,555_Dis_0p5C.csv,991
4.19979,1.49416,24.39678,3000.0,0.0,9.30999,89.80073619082783,555_Dis_0p5C.csv,991
4.19979,1.40987,24.29162,3060.0,0.0,9.41164,90.7032599007224,555_Dis_0p5C.csv,991
4.19979,1.32303,24.39678,3120.0,0.0,9.50735,91.55319855148674,555_Dis_0p5C.csv,991
4.19979,1.23875,24.29162,3180.0,0.0,9.59713,92.35055214312086,555_Dis_0p5C.csv,991
4.19979,1.15446,24.18646,3240.0,0.0,9.68099,93.09532067562478,555_Dis_0p5C.csv,991
4.19979,1.07017,24.18646,3300.0,0.0,9.75887,93.78675826163492,555_Dis_0p5C.csv,991
4.19979,0.98589,24.18646,3360.0,0.0,9.83077,94.42523784483306,555_Dis_0p5C.csv,991
4.19979,0.9016,24.0813,3420.0,0.0,9.89678,95.01150531258276,555_Dis_0p5C.csv,991
4.19979,0.81987,24.0813,3480.0,0.0,9.95704,95.54667949592933,555_Dis_0p5C.csv,991
4.19979,0.74325,23.97615,3540.0,0.0,10.01167,96.0318792259181,555_Dis_0p5C.csv,991
4.19979,0.66662,24.0813,3600.0,0.0,10.06096,96.46934216463973,555_Dis_0p5C.csv,991
4.19979,0.60022,24.18646,3660.0,0.0,10.10529,96.86317069259373,555_Dis_0p5C.csv,991
4.19979,0.53636,24.0813,3720.0,0.0,10.145,97.21560247187074,555_Dis_0p5C.csv,991
4.19979,0.47762,23.87099,3780.0,0.0,10.18043,97.5303669392885,555_Dis_0p5C.csv,991
4.19979,0.42398,23.97615,3840.0,0.0,10.21196,97.81044764430123,555_Dis_0p5C.csv,991
4.19979,0.37801,24.0813,3900.0,0.0,10.24004,98.05957402372668,555_Dis_0p5C.csv,991
4.19979,0.33459,23.97615,3960.0,0.0,10.26505,98.28184845806436,555_Dis_0p5C.csv,991
4.19979,0.29883,23.87099,4020.0,0.0,10.28732,98.4795086094049,555_Dis_0p5C.csv,991
4.19979,0.26818,23.76583,4080.0,0.0,10.30708,98.65516508352071,555_Dis_0p5C.csv,991
4.19979,0.23753,23.97615,4140.0,0.0,10.32465,98.81105554250252,555_Dis_0p5C.csv,991
4.19979,0.21199,24.0813,4200.0,0.0,10.34033,98.95016353580446,555_Dis_0p5C.csv,991
4.19979,0.189,23.87099,4260.0,0.0,10.35436,99.07472672551718,555_Dis_0p5C.csv,991
4.19979,0.17113,23.76583,4320.0,0.0,10.36693,99.18660983004956,555_Dis_0p5C.csv,991
4.19979,0.1558,23.76583,4380.0,0.0,10.37827,99.28730462412872,555_Dis_0p5C.csv,991
4.19979,0.13792,23.76583,4440.0,0.0,10.38847,99.37792993879994,555_Dis_0p5C.csv,991
4.19979,0.1226,23.97615,4500.0,0.0,10.39767,99.45960460510858,555_Dis_0p5C.csv,991
4.19979,0.11494,23.97615,4560.0,0.0,10.40601,99.53344745409996,555_Dis_0p5C.csv,991
4.19979,0.10216,23.87099,4620.0,0.0,10.41358,99.60057731681938,555_Dis_0p5C.csv,991
4.19979,0.0945,23.66067,4680.0,0.0,10.42048,99.6621130243122,555_Dis_0p5C.csv,991
4.19979,0.08684,23.76583,4740.0,0.0,10.42674,99.71768163289664,555_Dis_0p5C.csv,991
4.19979,0.07918,23.97615,4800.0,0.0,10.4325,99.76877491729977,555_Dis_0p5C.csv,991
4.19979,0.07152,23.87099,4860.0,0.0,10.43781,99.81576582120334,555_Dis_0p5C.csv,991
4.19979,0.06641,23.87099,4920.0,0.0,10.4427,99.85940023197098,555_Dis_0p5C.csv,991
4.19979,0.0613,23.76583,4980.0,0.0,10.44721,99.89930520592084,555_Dis_0p5C.csv,991
4.19979,0.05874,23.76583,5040.0,0.0,10.4514,99.93659957409832,555_Dis_0p5C.csv,991
4.19979,0.05364,23.87099,5100.0,0.0,10.4553,99.97128333650338,555_Dis_0p5C.csv,991
4.19979,0.04853,23.76583,5153.0,0.0,10.45856,100.0,555_Dis_0p5C.csv,991
3.43669,2.99853,23.55551,0.0,0.0,0.16771,1.8969397708338869,555_Dis_2C.csv,996
3.51524,3.00108,23.87099,60.0,0.0,0.34145,3.790843223507175,555_Dis_2C.csv,996
3.54171,2.99853,24.0813,120.0,0.0,0.51819,5.69081931250166,555_Dis_2C.csv,996
3.56362,2.99853,24.29162,180.0,0.0,0.69575,7.587759083335547,555_Dis_2C.csv,996
3.58587,2.99853,24.18646,240.0,0.0,0.87445,9.485078393939508,555_Dis_2C.csv,996
3.60694,2.99853,24.18646,300.0,0.0,1.05423,11.38239770454347,555_Dis_2C.csv,996
3.62633,3.00108,24.39678,360.0,0.0,1.23469,13.275921617446684,555_Dis_2C.csv,996
3.6447,3.00108,24.50194,420.0,0.0,1.41641,15.173240928050646,555_Dis_2C.csv,996
3.66156,2.99853,24.50194,480.0,0.0,1.59903,17.07018069888453,555_Dis_2C.csv,996
3.67639,2.99853,24.6071,540.0,0.0,1.7824,18.96712046971842,555_Dis_2C.csv,996
3.68903,2.99853,24.39678,600.0,0.0,1.9665,20.864439780322385,555_Dis_2C.csv,996
3.70083,2.99853,24.50194,660.0,0.0,2.15149,22.764415869316867,555_Dis_2C.csv,996
3.71297,2.99853,24.50194,720.0,0.0,2.33644,24.65831932199016,555_Dis_2C.csv,996
3.72544,2.99853,24.6071,780.0,0.0,2.52234,26.55525909282404,555_Dis_2C.csv,996
3.73842,2.99853,24.50194,840.0,0.0,2.70918,28.455614721588603,555_Dis_2C.csv,996
3.75174,2.99853,24.50194,900.0,0.0,2.89636,30.35255449242249,555_Dis_2C.csv,996
3.76438,3.00108,24.6071,960.0,0.0,3.08389,32.24645794509578,555_Dis_2C.csv,996
3.77703,2.99853,24.71226,1020.0,0.0,3.27236,34.143397715929666,555_Dis_2C.csv,996
3.79017,2.99853,24.6071,1080.0,0.0,3.4615,36.04071702653363,555_Dis_2C.csv,996
3.80416,2.99853,24.71226,1140.0,0.0,3.6513,37.93803633713759,555_Dis_2C.csv,996
3.81917,3.00108,24.6071,1200.0,0.0,3.84211,39.83801242613207,555_Dis_2C.csv,996
3.83535,2.99853,24.81741,1260.0,0.0,4.03308,41.73153633903528,555_Dis_2C.csv,996
3.85254,2.99853,24.81741,1320.0,0.0,4.22524,43.62923518940932,555_Dis_2C.csv,996
3.87075,2.99853,24.81741,1380.0,0.0,4.41824,45.52617496024321,555_Dis_2C.csv,996
3.88946,2.99853,24.81741,1440.0,0.0,4.61216,47.42311473107709,555_Dis_2C.csv,996
3.90817,2.99853,24.81741,1500.0,0.0,4.80735,49.32309082007158,555_Dis_2C.csv,996
3.92688,2.99853,24.81741,1560.0,0.0,5.00282,51.21699427274486,555_Dis_2C.csv,996
3.94542,3.00108,24.81741,1620.0,0.0,5.19955,53.11393404357876,555_Dis_2C.csv,996
3.96346,2.99853,24.81741,1680.0,0.0,5.39719,55.01049427464256,555_Dis_2C.csv,996
3.98099,2.99853,24.81741,1740.0,0.0,5.59577,56.9081931250166,555_Dis_2C.csv,996
3.99801,2.99853,24.81741,1800.0,0.0,5.79515,58.80475335608041,555_Dis_2C.csv,996
4.01453,2.99853,24.81741,1860.0,0.0,5.99572,60.70510898484498,555_Dis_2C.csv,996
4.03105,2.99853,24.81741,1920.0,0.0,6.19646,62.59901243751826,555_Dis_2C.csv,996
4.04757,2.99853,24.81741,1980.0,0.0,6.39869,64.49898852651275,555_Dis_2C.csv,996
4.0646,2.99853,24.92257,2040.0,0.0,6.60142,66.39592829734663,555_Dis_2C.csv,996
4.08246,2.99853,24.81741,2100.0,0.0,6.80467,68.28983175001993,555_Dis_2C.csv,996
4.10151,2.99853,24.92257,2160.0,0.0,7.00953,70.1898078390144,555_Dis_2C.csv,996
4.12191,2.99853,24.92257,2220.0,0.0,7.21468,72.0837112916877,555_Dis_2C.csv,996
4.14315,2.99853,25.02773,2280.0,0.0,7.42121,73.98065106252159,555_Dis_2C.csv,996
4.16523,2.99853,24.92257,2340.0,0.0,7.62886,75.87759083335548,555_Dis_2C.csv,996
4.18681,2.99853,24.92257,2400.0,0.0,7.83757,77.77453060418935,555_Dis_2C.csv,996
4.19995,2.76866,25.02773,2460.0,0.0,8.04435,79.64490259111801,555_Dis_2C.csv,996
4.19995,2.43407,24.92257,2520.0,0.0,8.22507,81.27806222174992,555_Dis_2C.csv,996
4.19979,2.20165,24.81741,2580.0,0.0,8.38686,82.74042895584813,555_Dis_2C.csv,996
4.19979,2.03307,24.71226,2640.0,0.0,8.5351,84.07982480444214,555_Dis_2C.csv,996
4.19979,1.90281,24.81741,2700.0,0.0,8.67247,85.32129939235682,555_Dis_2C.csv,996
4.19979,1.79043,24.6071,2760.0,0.0,8.80164,86.48876372510692,555_Dis_2C.csv,996
4.19979,1.68827,24.50194,2820.0,0.0,8.9234,87.58904951855381,555_Dis_2C.csv,996
4.19979,1.59377,24.39678,2880.0,0.0,9.03825,88.62709078970839,555_Dis_2C.csv,996
4.19979,1.50437,24.50194,2940.0,0.0,9.14658,89.60592385673132,555_Dis_2C.csv,996
4.19979,1.42009,24.50194,3000.0,0.0,9.24891,90.53086227640362,555_Dis_2C.csv,996
4.19979,1.33325,24.29162,3060.0,0.0,9.34548,91.4034242078056,555_Dis_2C.csv,996
4.19979,1.24641,24.18646,3120.0,0.0,9.43571,92.2186756339263,555_Dis_2C.csv,996
4.19979,1.16212,24.39678,3180.0,0.0,9.52012,92.98155057177668,555_Dis_2C.csv,996
4.19979,1.07784,24.39678,3240.0,0.0,9.59833,93.68863316342603,555_Dis_2C.csv,996
4.19979,0.99355,23.97615,3300.0,0.0,9.67072,94.34258018726491,555_Dis_2C.csv,996
4.19979,0.90416,23.97615,3360.0,0.0,9.73713,94.9426325637532,555_Dis_2C.csv,996
4.19979,0.82498,24.29162,3420.0,0.0,9.79758,95.48916983266092,555_Dis_2C.csv,996
4.19979,0.7458,24.39678,3480.0,0.0,9.85252,95.98560785191876,555_Dis_2C.csv,996
4.19979,0.67173,23.76583,3540.0,0.0,9.90208,96.43346478060704,555_Dis_2C.csv,996
4.19979,0.60022,23.97615,3600.0,0.0,9.94655,96.83539739711624,555_Dis_2C.csv,996
4.19979,0.53636,24.18646,3660.0,0.0,9.98628,97.19444201960702,555_Dis_2C.csv,996
4.19979,0.48017,24.0813,3720.0,0.0,10.0218,97.51553266509032,555_Dis_2C.csv,996
4.19979,0.42398,23.87099,3780.0,0.0,10.05343,97.80132611195664,555_Dis_2C.csv,996
4.19979,0.37801,23.76583,3840.0,0.0,10.08148,98.0548586783666,555_Dis_2C.csv,996
4.19979,0.33459,23.76583,3900.0,0.0,10.10639,98.27992576202097,555_Dis_2C.csv,996
4.19979,0.29883,23.97615,3960.0,0.0,10.12846,98.47918414131026,555_Dis_2C.csv,996
4.19979,0.26563,23.97615,4020.0,0.0,10.14813,98.65718829347531,555_Dis_2C.csv,996
4.19979,0.23498,23.97615,4080.0,0.0,10.16568,98.8158359173666,555_Dis_2C.csv,996
4.19979,0.21199,23.76583,4140.0,0.0,10.18129,98.95664517206436,555_Dis_2C.csv,996
4.19979,0.189,23.66067,4200.0,0.0,10.19517,99.08227283595912,555_Dis_2C.csv,996
4.19979,0.16857,23.87099,4260.0,0.0,10.20761,99.19461660790124,555_Dis_2C.csv,996
4.19979,0.15069,23.87099,4320.0,0.0,10.21876,99.29557418674116,555_Dis_2C.csv,996
4.19979,0.13537,23.87099,4380.0,0.0,10.22883,99.38628419178904,555_Dis_2C.csv,996
4.19979,0.1226,23.76583,4440.0,0.0,10.23794,99.46864432189524,555_Dis_2C.csv,996
4.19979,0.11238,23.76583,4500.0,0.0,10.24617,99.54303411682992,555_Dis_2C.csv,996
4.19979,0.10216,23.76583,4560.0,0.0,10.25364,99.61059219590324,555_Dis_2C.csv,996
4.19979,0.09195,23.87099,4620.0,0.0,10.26045,99.67207763865537,555_Dis_2C.csv,996
4.19979,0.08429,23.87099,4680.0,0.0,10.26666,99.72824952462642,555_Dis_2C.csv,996
4.19979,0.07662,23.76583,4740.0,0.0,10.27232,99.77948739358654,555_Dis_2C.csv,996
4.19979,0.07152,23.87099,4800.0,0.0,10.27753,99.8265503250758,555_Dis_2C.csv,996
4.19979,0.06641,23.76583,4860.0,0.0,10.28229,99.86943831909429,555_Dis_2C.csv,996
4.19979,0.0613,23.87099,4920.0,0.0,10.28672,99.90966953472218,555_Dis_2C.csv,996
4.19979,0.05619,23.87099,4980.0,0.0,10.29085,99.94686443218951,555_Dis_2C.csv,996
4.19979,0.05364,23.76583,5040.0,0.0,10.29468,99.98140255126631,555_Dis_2C.csv,996
4.19979,0.04853,23.87099,5074.0,0.0,10.29675,100.0,555_Dis_2C.csv,996
4.19995,0.26818,23.87099,0.0,0.0,0.02907,41.01956135151156,556_Charge1.csv,1203
4.19979,0.16857,23.87099,60.0,0.0,0.04375,61.76644931831654,556_Charge1.csv,1203
4.19979,0.11749,23.66067,120.0,0.0,0.05348,75.45939537640783,556_Charge1.csv,1203
4.19979,0.08684,23.76583,180.0,0.0,0.06049,85.35862477771191,556_Charge1.csv,1203
4.19979,0.06641,23.97615,240.0,0.0,0.06577,92.8275044457617,556_Charge1.csv,1203
4.19979,0.05364,23.97615,300.0,0.0,0.06993,98.69590989922942,556_Charge1.csv,1203
4.19979,0.04853,23.76583,316.0,0.0,0.07086,100.0,556_Charge1.csv,1203
3.48389,2.99853,23.87099,0.0,0.0,0.17058,1.9466255374836416,556_Charge3.csv,1211
3.54171,3.00108,23.87099,60.0,0.0,0.34653,3.89364055586714,556_Charge3.csv,1211
3.56531,2.99853,23.97615,120.0,0.0,0.52416,5.840655574250639,556_Charge3.csv,1211
3.58924,2.99853,24.18646,180.0,0.0,0.70296,7.787281111734281,556_Charge3.csv,1211
3.61116,2.99853,24.39678,240.0,0.0,0.88291,9.733906649217923,556_Charge3.csv,1211
3.63105,2.99853,24.29162,300.0,0.0,1.06389,11.680532186701564,556_Charge3.csv,1211
3.64976,2.99853,24.29162,360.0,0.0,1.24583,13.627157724185206,556_Charge3.csv,1211
3.66678,3.00108,24.39678,420.0,0.0,1.42872,15.574172742568704,556_Charge3.csv,1211
3.68128,2.99853,24.6071,480.0,0.0,1.61236,17.520798280052347,556_Charge3.csv,1211
3.69375,2.99853,24.50194,540.0,0.0,1.79666,19.467423817535987,556_Charge3.csv,1211
3.70555,2.99853,24.39678,600.0,0.0,1.98157,21.41404935501963,556_Charge3.csv,1211
3.71752,3.00108,24.6071,660.0,0.0,2.16706,23.360674892503276,556_Charge3.csv,1211
3.73016,2.99853,24.6071,720.0,0.0,2.35316,25.306910949087055,556_Charge3.csv,1211
3.74348,2.99853,24.50194,780.0,0.0,2.53993,27.253536486570702,556_Charge3.csv,1211
3.75663,2.99853,24.50194,840.0,0.0,2.72739,29.2005515049542,556_Charge3.csv,1211
3.76944,2.99853,24.71226,900.0,0.0,2.91548,31.14717704243784,556_Charge3.csv,1211
3.78225,2.99853,24.81741,960.0,0.0,3.10421,33.094192060821335,556_Charge3.csv,1211
3.79557,2.99853,24.6071,1020.0,0.0,3.29358,35.04081759830498,556_Charge3.csv,1211
3.8099,2.99853,24.6071,1080.0,0.0,3.48363,36.98744313578862,556_Charge3.csv,1211
3.8254,2.99853,24.6071,1140.0,0.0,3.67445,38.93406867327226,556_Charge3.csv,1211
3.84209,2.99853,24.71226,1200.0,0.0,3.86606,40.88069421075591,556_Charge3.csv,1211
3.85979,2.99853,24.81741,1260.0,0.0,4.05851,42.827319748239546,556_Charge3.csv,1211
3.87816,2.99853,24.81741,1320.0,0.0,4.25189,44.77394528572319,556_Charge3.csv,1211
3.89704,2.99853,24.81741,1380.0,0.0,4.44618,46.72057082320683,556_Charge3.csv,1211
3.91592,2.99853,24.81741,1440.0,0.0,4.64142,48.66680687979061,556_Charge3.csv,1211
3.93463,2.99853,24.92257,1500.0,0.0,4.83762,50.61382189817412,556_Charge3.csv,1211
3.95301,3.00108,24.81741,1560.0,0.0,5.03473,52.56044743565775,556_Charge3.csv,1211
3.97071,3.00108,24.92257,1620.0,0.0,5.23276,54.507072973141405,556_Charge3.csv,1211
3.98807,2.99853,24.81741,1680.0,0.0,5.43171,56.454087991524894,556_Charge3.csv,1211
4.00509,2.99853,24.92257,1740.0,0.0,5.63146,58.40071352900853,556_Charge3.csv,1211
4.02161,3.00108,24.92257,1800.0,0.0,5.83207,60.34772854739203,556_Charge3.csv,1211
4.03796,3.00108,24.81741,1860.0,0.0,6.03352,62.29474356577553,556_Charge3.csv,1211
4.05465,2.99853,24.92257,1920.0,0.0,6.23579,64.24175858415904,556_Charge3.csv,1211
4.07201,3.00108,24.92257,1980.0,0.0,6.43886,66.18838412164267,556_Charge3.csv,1211
4.09022,3.00108,24.92257,2040.0,0.0,6.64283,68.13500965912631,556_Charge3.csv,1211
4.10977,2.99853,24.92257,2100.0,0.0,6.84775,70.08163519660997,556_Charge3.csv,1211
4.13067,2.99853,24.92257,2160.0,0.0,7.05369,72.02826073409359,556_Charge3.csv,1211
4.15242,2.99853,25.02773,2220.0,0.0,7.2607,73.9752757524771,556_Charge3.csv,1211
4.17416,2.99853,24.92257,2280.0,0.0,7.46877,75.92190128996074,556_Charge3.csv,1211
4.1954,2.99853,25.02773,2340.0,0.0,7.67797,77.86852682744438,556_Charge3.csv,1211
4.19995,2.60775,24.92257,2400.0,0.0,7.87543,79.69986601857045,556_Charge3.csv,1211
4.19979,2.3268,25.02773,2460.0,0.0,8.0476,81.2967377079828,556_Charge3.csv,1211
4.19979,2.12502,24.81741,2520.0,0.0,8.20315,82.73937496105191,556_Charge3.csv,1211
4.19979,1.97433,24.71226,2580.0,0.0,8.34642,84.067894310463,556_Charge3.csv,1211
4.19979,1.85173,24.6071,2640.0,0.0,8.48015,85.30800149560666,556_Charge3.csv,1211
4.19979,1.74446,24.71226,2700.0,0.0,8.6059,86.47410730977752,556_Charge3.csv,1211
4.19979,1.6474,24.50194,2760.0,0.0,8.72461,87.57516981367233,556_Charge3.csv,1211
4.19979,1.55801,24.39678,2820.0,0.0,8.83681,88.61547329718951,556_Charge3.csv,1211
4.19979,1.46862,24.50194,2880.0,0.0,8.94274,89.59813360752788,556_Charge3.csv,1211
4.19979,1.38433,24.50194,2940.0,0.0,9.04259,90.5239297064872,556_Charge3.csv,1211
4.19979,1.30004,24.50194,3000.0,0.0,9.1366,91.39597744126628,556_Charge3.csv,1211
4.19979,1.21576,24.18646,3060.0,0.0,9.22472,92.21310836916558,556_Charge3.csv,1211
4.19979,1.12892,24.18646,3120.0,0.0,9.30682,92.97454352838535,556_Charge3.csv,1211
4.19979,1.04463,24.29162,3180.0,0.0,9.38302,93.68106188072537,556_Charge3.csv,1211
4.19979,0.9629,24.39678,3240.0,0.0,9.45332,94.33305290708545,556_Charge3.csv,1211
4.19979,0.87862,23.97615,3300.0,0.0,9.51781,94.93129556926527,556_Charge3.csv,1211
4.19979,0.79944,23.87099,3360.0,0.0,9.57655,95.47578986726492,556_Charge3.csv,1211
4.19979,0.72281,24.0813,3420.0,0.0,9.62971,95.96887268648344,556_Charge3.csv,1211
4.19979,0.6513,24.18646,3480.0,0.0,9.67771,96.41404935501964,556_Charge3.csv,1211
4.19979,0.58234,23.97615,3540.0,0.0,9.72086,96.81404623917244,556_Charge3.csv,1211
4.19979,0.52104,23.87099,3600.0,0.0,9.7595,97.17236866704056,556_Charge3.csv,1211
4.19979,0.46229,23.97615,3660.0,0.0,9.79393,97.49174300492304,556_Charge3.csv,1211
4.19979,0.41377,24.18646,3720.0,0.0,9.82459,97.7760640618184,556_Charge3.csv,1211
4.19979,0.36779,23.97615,3780.0,0.0,9.85186,98.0288371658254,556_Charge3.csv,1211
4.19979,0.32948,23.87099,3840.0,0.0,9.8761,98.25395712594252,556_Charge3.csv,1211
4.19979,0.29117,23.76583,3900.0,0.0,9.89768,98.45415030846888,556_Charge3.csv,1211
4.19979,0.25797,23.76583,3960.0,0.0,9.91688,98.63214307970335,556_Charge3.csv,1211
4.19979,0.22987,23.97615,4020.0,0.0,9.93398,98.79066180594504,556_Charge3.csv,1211
4.19979,0.20688,23.87099,4080.0,0.0,9.94926,98.93243285349286,556_Charge3.csv,1211
4.19979,0.18645,23.76583,4140.0,0.0,9.96292,99.05901414594628,556_Charge3.csv,1211
4.19979,0.16602,23.76583,4200.0,0.0,9.97517,99.17274256870442,556_Charge3.csv,1211
4.19979,0.14814,23.76583,4260.0,0.0,9.98621,99.2747865644669,556_Charge3.csv,1211
4.19979,0.13537,23.87099,4320.0,0.0,9.99614,99.36709353773291,556_Charge3.csv,1211
4.19979,0.1226,23.87099,4380.0,0.0,10.00511,99.45005296940238,556_Charge3.csv,1211
4.19979,0.10983,23.76583,4440.0,0.0,10.01322,99.52561226397458,556_Charge3.csv,1211
4.19979,0.09961,23.76583,4500.0,0.0,10.02062,99.59416090234934,556_Charge3.csv,1211
4.19979,0.09195,23.76583,4560.0,0.0,10.02737,99.65647784632642,556_Charge3.csv,1211
4.19979,0.08429,23.87099,4620.0,0.0,10.03352,99.71373153860534,556_Charge3.csv,1211
4.19979,0.07918,23.87099,4680.0,0.0,10.03918,99.766311460086,556_Charge3.csv,1211
4.19979,0.07152,23.76583,4740.0,0.0,10.04436,99.81421761076837,556_Charge3.csv,1211
4.19979,0.06641,23.76583,4800.0,0.0,10.04912,99.85822895245218,556_Charge3.csv,1211
4.19979,0.0613,23.87099,4860.0,0.0,10.05355,99.89951392783698,556_Charge3.csv,1211
4.19979,0.05619,24.0813,4920.0,0.0,10.05768,99.93768305602296,556_Charge3.csv,1211
4.19979,0.05364,23.66067,4980.0,0.0,10.0615,99.97312581790987,556_Charge3.csv,1211
4.19979,0.04853,23.66067,5027.0,0.0,10.06438,100.0,556_Charge3.csv,1211
3.48895,2.99853,23.76583,0.0,0.0,0.17085,1.95713720714406,556_Charge5.csv,1219
3.54508,2.99853,23.97615,60.0,0.0,0.34697,3.91427441428812,556_Charge5.csv,1219
3.56902,2.99853,24.0813,120.0,0.0,0.52474,5.87141162143218,556_Charge5.csv,1219
3.59278,2.99853,24.18646,180.0,0.0,0.70373,7.82854882857624,556_Charge5.csv,1219
3.6147,3.00108,24.18646,240.0,0.0,0.88386,9.7856860357203,556_Charge5.csv,1219
3.63442,2.99853,24.50194,300.0,0.0,1.06502,11.74282324286436,556_Charge5.csv,1219
3.65313,2.99853,24.50194,360.0,0.0,1.24716,13.70035203408348,556_Charge5.csv,1219
3.66965,2.99853,24.50194,420.0,0.0,1.4302,15.657880825302598,556_Charge5.csv,1219
3.68398,2.99853,24.39678,480.0,0.0,1.61399,17.61501803244666,556_Charge5.csv,1219
3.69628,2.99853,24.6071,540.0,0.0,1.79845,19.57254682366577,556_Charge5.csv,1219
3.70791,3.00108,24.71226,600.0,0.0,1.98348,21.52968403080984,556_Charge5.csv,1219
3.72005,2.99853,24.6071,660.0,0.0,2.1691,23.486821237953897,556_Charge5.csv,1219
3.73303,2.99853,24.50194,720.0,0.0,2.35536,25.44395844509795,556_Charge5.csv,1219
3.74635,3.00108,24.71226,780.0,0.0,2.54228,27.401095652242013,556_Charge5.csv,1219
3.75933,2.99853,24.81741,840.0,0.0,2.72986,29.35862444346113,556_Charge5.csv,1219
3.77214,2.99853,24.71226,900.0,0.0,2.91808,31.3157616506052,556_Charge5.csv,1219
3.78529,2.99853,24.6071,960.0,0.0,3.10694,33.272898857749254,556_Charge5.csv,1219
3.79894,2.99853,24.81741,1020.0,0.0,3.29647,35.23003606489332,556_Charge5.csv,1219
3.81344,2.99853,24.92257,1080.0,0.0,3.4867,37.18717327203737,556_Charge5.csv,1219
3.82928,2.99853,24.81741,1140.0,0.0,3.67767,39.14431047918144,556_Charge5.csv,1219
3.84631,2.99853,24.71226,1200.0,0.0,3.86948,41.10144768632549,556_Charge5.csv,1219
3.86434,3.00108,24.81741,1260.0,0.0,4.06219,43.05858489346955,556_Charge5.csv,1219
3.88288,2.99853,24.92257,1320.0,0.0,4.25581,45.01611368468867,556_Charge5.csv,1219
3.90176,2.99853,24.92257,1380.0,0.0,4.45035,46.973250891832734,556_Charge5.csv,1219
3.92064,2.99853,24.81741,1440.0,0.0,4.64585,48.93077968305185,556_Charge5.csv,1219
3.93935,2.99853,24.81741,1500.0,0.0,4.84229,50.8879168901959,556_Charge5.csv,1219
3.95756,2.99853,25.02773,1560.0,0.0,5.03961,52.84466251326492,556_Charge5.csv,1219
3.97526,2.99853,25.02773,1620.0,0.0,5.23786,54.802191304484026,556_Charge5.csv,1219
3.99245,2.99853,24.81741,1680.0,0.0,5.43698,56.75932851162809,556_Charge5.csv,1219
4.00931,2.99853,25.02773,1740.0,0.0,5.63695,58.71646571877215,556_Charge5.csv,1219
4.02583,2.99853,25.02773,1800.0,0.0,5.83778,60.67399450999127,556_Charge5.csv,1219
4.04218,2.99853,25.13289,1860.0,0.0,6.03939,62.631131717135325,556_Charge5.csv,1219
4.05903,2.99853,24.81741,1920.0,0.0,6.24184,64.58826892427939,556_Charge5.csv,1219
4.07656,2.99853,25.02773,1980.0,0.0,6.44518,66.54579771549851,556_Charge5.csv,1219
4.09511,2.99853,25.23805,2040.0,0.0,6.64937,68.5025433385675,556_Charge5.csv,1219
4.115,2.99853,24.92257,2100.0,0.0,6.85456,70.46007212978664,556_Charge5.csv,1219
4.13624,2.99853,25.02773,2160.0,0.0,7.0608,72.41760092100576,556_Charge5.csv,1219
4.15815,2.99853,25.23805,2220.0,0.0,7.26808,74.37473812814981,556_Charge5.csv,1219
4.17989,2.99853,25.23805,2280.0,0.0,7.47643,76.33187533529387,556_Charge5.csv,1219
4.19995,2.95511,24.81741,2340.0,0.0,7.68581,78.28822937428782,556_Charge5.csv,1219
4.19995,2.51836,24.92257,2400.0,0.0,7.87504,80.05270721650292,556_Charge5.csv,1219
4.19995,2.26805,25.13289,2460.0,0.0,8.04195,81.60886233078674,556_Charge5.csv,1219
4.19995,2.08416,25.02773,2520.0,0.0,8.19387,83.02522193027454,556_Charge5.csv,1219
4.19979,1.94113,24.81741,2580.0,0.0,8.3346,84.3374201657967,556_Charge5.csv,1219
4.19979,1.82108,24.6071,2640.0,0.0,8.46626,85.56503624110614,556_Charge5.csv,1219
4.19979,1.71636,24.6071,2700.0,0.0,8.59005,86.7194260943796,556_Charge5.csv,1219
4.19979,1.62186,24.6071,2760.0,0.0,8.7069,87.80881299119328,556_Charge5.csv,1219
4.19979,1.53247,24.6071,2820.0,0.0,8.81737,88.83867910859801,556_Charge5.csv,1219
4.19979,1.45074,24.50194,2880.0,0.0,8.92171,89.81176553511924,556_Charge5.csv,1219
4.19979,1.36134,24.29162,2940.0,0.0,9.02007,90.72885543890702,556_Charge5.csv,1219
4.19979,1.27961,24.29162,3000.0,0.0,9.11238,91.58955723588636,556_Charge5.csv,1219
4.19979,1.19277,24.39678,3060.0,0.0,9.19882,92.39543726235742,556_Charge5.csv,1219
4.19979,1.10849,24.29162,3120.0,0.0,9.27933,93.1461039342452,556_Charge5.csv,1219
4.19979,1.0242,24.18646,3180.0,0.0,9.35396,93.84194883562476,556_Charge5.csv,1219
4.19979,0.93991,24.0813,3240.0,0.0,9.42264,94.48218879834596,556_Charge5.csv,1219
4.19979,0.85563,24.29162,3300.0,0.0,9.48548,95.06799857463398,556_Charge5.csv,1219
4.19979,0.77645,24.0813,3360.0,0.0,9.54266,95.6013360848641,556_Charge5.csv,1219
4.19979,0.70238,24.0813,3420.0,0.0,9.59444,96.08415924941166,556_Charge5.csv,1219
4.19979,0.63087,24.0813,3480.0,0.0,9.64109,96.51920915680202,556_Charge5.csv,1219
4.19979,0.56701,24.0813,3540.0,0.0,9.68295,96.90922689556062,556_Charge5.csv,1219
4.19979,0.50316,23.97615,3600.0,0.0,9.72033,97.25773672236298,556_Charge5.csv,1219
4.19979,0.44952,24.0813,3660.0,0.0,9.75367,97.5686544779597,556_Charge5.csv,1219
4.19979,0.401,23.87099,3720.0,0.0,9.78334,97.8455044190263,556_Charge5.csv,1219
4.19979,0.35758,23.87099,3780.0,0.0,9.80971,98.0910276340882,556_Charge5.csv,1219
4.19979,0.31671,23.97615,3840.0,0.0,9.83317,98.30992313204608,556_Charge5.csv,1219
4.19979,0.28351,23.97615,3900.0,0.0,9.85407,98.5049320014254,556_Charge5.csv,1219
4.19979,0.2503,23.87099,3960.0,0.0,9.87268,98.67840374667644,556_Charge5.csv,1219
4.19979,0.22221,23.97615,4020.0,0.0,9.88925,98.8326878722496,556_Charge5.csv,1219
4.19979,0.19922,23.87099,4080.0,0.0,9.90402,98.97052546667032,556_Charge5.csv,1219
4.19979,0.17879,23.97615,4140.0,0.0,9.91723,99.09387445031386,556_Charge5.csv,1219
4.19979,0.16091,23.97615,4200.0,0.0,9.92909,99.20430115948044,556_Charge5.csv,1219
4.19979,0.14558,23.97615,4260.0,0.0,9.93978,99.30415509862046,556_Charge5.csv,1219
4.19979,0.13281,23.87099,4320.0,0.0,9.94942,99.39382785180894,556_Charge5.csv,1219
4.19979,0.12004,23.87099,4380.0,0.0,9.95812,99.47488575534612,556_Charge5.csv,1219
4.19979,0.10727,23.87099,4440.0,0.0,9.966,99.54850356145715,556_Charge5.csv,1219
4.19979,0.09706,23.87099,4500.0,0.0,9.97316,99.61507285421716,556_Charge5.csv,1219
4.19979,0.08939,23.97615,4560.0,0.0,9.97968,99.67615996992636,556_Charge5.csv,1219
4.19979,0.08173,23.87099,4620.0,0.0,9.98568,99.73215649265975,556_Charge5.csv,1219
4.19979,0.07407,23.87099,4680.0,0.0,9.9912,99.78345400649246,556_Charge5.csv,1219
4.19979,0.06896,23.97615,4740.0,0.0,9.99626,99.8308356795746,556_Charge5.csv,1219
4.19979,0.06385,23.87099,4800.0,0.0,10.00091,99.87390992783106,556_Charge5.csv,1219
4.19979,0.05874,23.87099,4860.0,0.0,10.00526,99.9146346716372,556_Charge5.csv,1219
4.19979,0.05619,23.97615,4920.0,0.0,10.00927,99.95183515876778,556_Charge5.csv,1219
4.19979,0.05108,23.87099,4980.0,0.0,10.01301,99.986686141448,556_Charge5.csv,1219
4.19979,0.04853,23.97615,5004.0,0.0,10.01443,100.0,556_Charge5.csv,1219
3.49788,2.99853,23.76583,0.0,0.0,0.17148,1.9645531408086976,556_Charge6.csv,1223
3.54727,2.99853,23.97615,60.0,0.0,0.34787,3.9294993494727,556_Charge6.csv,1223
3.57138,2.99853,24.18646,120.0,0.0,0.52577,5.894052490281397,556_Charge6.csv,1223
3.59514,2.99853,24.18646,180.0,0.0,0.70486,7.858605631090095,556_Charge6.csv,1223
3.61689,3.00108,24.39678,240.0,0.0,0.8851,9.823158771898791,556_Charge6.csv,1223
3.63661,2.99853,24.29162,300.0,0.0,1.06637,11.78771191270749,556_Charge6.csv,1223
3.65515,2.99853,24.6071,360.0,0.0,1.2486,13.752265053516188,556_Charge6.csv,1223
3.67167,2.99853,24.6071,420.0,0.0,1.43172,15.716818194324883,556_Charge6.csv,1223
3.68566,2.99853,24.6071,480.0,0.0,1.61558,17.681371335133584,556_Charge6.csv,1223
3.6978,2.99853,24.39678,540.0,0.0,1.80011,19.64592447594228,556_Charge6.csv,1223
3.7096,2.99853,24.6071,600.0,0.0,1.98523,21.610477616750977,556_Charge6.csv,1223
3.7219,3.00108,24.81741,660.0,0.0,2.17097,23.57542382541498,556_Charge6.csv,1223
3.73472,3.00108,24.50194,720.0,0.0,2.35733,25.53997696622368,556_Charge6.csv,1223
3.7482,2.99853,24.50194,780.0,0.0,2.54431,27.504530107032377,556_Charge6.csv,1223
3.76118,2.99853,24.92257,840.0,0.0,2.73196,29.46908324784108,556_Charge6.csv,1223
3.77399,2.99853,24.81741,900.0,0.0,2.92028,31.43363638864977,556_Charge6.csv,1223
3.78714,2.99853,24.6071,960.0,0.0,3.10924,33.39818952945846,556_Charge6.csv,1223
3.80113,3.00108,24.6071,1020.0,0.0,3.29885,35.36274267026717,556_Charge6.csv,1223
3.81596,2.99853,24.81741,1080.0,0.0,3.4892,37.32729581107586,556_Charge6.csv,1223
3.83198,2.99853,24.92257,1140.0,0.0,3.68032,39.29184895188456,556_Charge6.csv,1223
3.849,2.99853,24.71226,1200.0,0.0,3.87226,41.256402092693264,556_Charge6.csv,1223
3.86721,2.99853,24.71226,1260.0,0.0,4.06514,43.22134830135727,556_Charge6.csv,1223
3.88592,3.00108,24.81741,1320.0,0.0,4.25892,45.18629451002126,556_Charge6.csv,1223
3.9048,2.99853,24.92257,1380.0,0.0,4.45365,47.15124071868527,556_Charge6.csv,1223
3.92368,2.99853,25.02773,1440.0,0.0,4.64928,49.11579385949396,556_Charge6.csv,1223
3.94222,2.99853,24.92257,1500.0,0.0,4.84583,51.08034700030266,556_Charge6.csv,1223
3.96042,3.00108,24.81741,1560.0,0.0,5.04336,53.04529320896666,556_Charge6.csv,1223
3.97829,2.99853,24.81741,1620.0,0.0,5.24173,55.00945328192005,556_Charge6.csv,1223
3.99532,3.00108,24.92257,1680.0,0.0,5.44101,56.97439949058406,556_Charge6.csv,1223
4.012,2.99853,24.92257,1740.0,0.0,5.64112,58.93895263139275,556_Charge6.csv,1223
4.02852,3.00108,24.81741,1800.0,0.0,5.84205,60.90350577220145,556_Charge6.csv,1223
4.04504,2.99853,24.81741,1860.0,0.0,6.0438,62.86766584515484,556_Charge6.csv,1223
4.06207,2.99853,24.92257,1920.0,0.0,6.2464,64.83261205381885,556_Charge6.csv,1223
4.07977,2.99853,25.13289,1980.0,0.0,6.44987,66.79716519462754,556_Charge6.csv,1223
4.09848,2.99853,25.02773,2040.0,0.0,6.65424,68.76171833543624,556_Charge6.csv,1223
4.11871,3.00108,24.92257,2100.0,0.0,6.85959,70.72627147624495,556_Charge6.csv,1223
4.14011,3.00108,24.92257,2160.0,0.0,7.06599,72.69121768490893,556_Charge6.csv,1223
4.16203,2.99853,25.13289,2220.0,0.0,7.27346,74.65577082571764,556_Charge6.csv,1223
4.18377,3.00108,25.13289,2280.0,0.0,7.48203,76.62032396652634,556_Charge6.csv,1223
4.19995,2.84273,24.92257,2340.0,0.0,7.69032,78.57269200382062,556_Charge6.csv,1223
4.19995,2.46727,24.81741,2400.0,0.0,7.87473,80.29825988860458,556_Charge6.csv,1223
4.19979,2.22719,25.02773,2460.0,0.0,8.03847,81.83083145643432,556_Charge6.csv,1223
4.19979,2.05351,25.02773,2520.0,0.0,8.18802,83.23054608917137,556_Charge6.csv,1223
4.19979,1.92069,24.81741,2580.0,0.0,8.327,84.53120762237184,556_Charge6.csv,1223
4.19979,1.8032,24.6071,2640.0,0.0,8.4573,85.75089717737971,556_Charge6.csv,1223
4.19979,1.69849,24.6071,2700.0,0.0,8.57988,86.8978691791564,556_Charge6.csv,1223
4.19979,1.60654,24.6071,2760.0,0.0,8.69549,87.97998498480793,556_Charge6.csv,1223
4.19979,1.5197,24.6071,2820.0,0.0,8.80485,89.00353368001919,556_Charge6.csv,1223
4.19979,1.43286,24.50194,2880.0,0.0,8.90812,89.97008753621138,556_Charge6.csv,1223
4.19979,1.34602,24.50194,2940.0,0.0,9.00542,90.8808257569504,556_Charge6.csv,1223
4.19979,1.26173,24.29162,3000.0,0.0,9.09677,91.7357483422363,556_Charge6.csv,1223
4.19979,1.17489,24.29162,3060.0,0.0,9.18213,92.53446222421375,556_Charge6.csv,1223
4.19979,1.09061,24.39678,3120.0,0.0,9.2615,93.27736047073807,556_Charge6.csv,1223
4.19979,1.00632,24.29162,3180.0,0.0,9.335,93.9652292175198,556_Charge6.csv,1223
4.19979,0.92459,24.0813,3240.0,0.0,9.40261,94.59806846455902,556_Charge6.csv,1223
4.19979,0.8403,24.18646,3300.0,0.0,9.46439,95.17627127971102,556_Charge6.csv,1223
4.19979,0.76113,24.18646,3360.0,0.0,9.52051,95.70140993439698,556_Charge6.csv,1223
4.19979,0.68706,24.18646,3420.0,0.0,9.57123,96.17623590360404,556_Charge6.csv,1223
4.19979,0.6181,24.0813,3480.0,0.0,9.6169,96.60389373017463,556_Charge6.csv,1223
4.19979,0.55169,24.0813,3540.0,0.0,9.65783,96.9867418212406,556_Charge6.csv,1223
4.19979,0.49294,23.97615,3600.0,0.0,9.69434,97.32871085535496,556_Charge6.csv,1223
4.19979,0.43675,24.0813,3660.0,0.0,9.72687,97.63294537536017,556_Charge6.csv,1223
4.19979,0.39078,24.0813,3720.0,0.0,9.75582,97.9037691276645,556_Charge6.csv,1223
4.19979,0.34481,23.97615,3780.0,0.0,9.78153,98.14471972296576,556_Charge6.csv,1223
4.19979,0.30905,23.87099,3840.0,0.0,9.80442,98.35894170410636,556_Charge6.csv,1223
4.19979,0.27584,23.97615,3900.0,0.0,9.82483,98.54997268178406,556_Charge6.csv,1223
4.19979,0.24264,23.97615,3960.0,0.0,9.84292,98.71899185956472,556_Charge6.csv,1223
4.19979,0.2171,23.87099,4020.0,0.0,9.85902,98.8699299160014,556_Charge6.csv,1223
4.19979,0.19667,23.66067,4080.0,0.0,9.87343,99.0047521903706,556_Charge6.csv,1223
4.19979,0.17368,23.97615,4140.0,0.0,9.88631,99.1250309540936,556_Charge6.csv,1223
4.19979,0.1558,23.97615,4200.0,0.0,9.89789,99.23351768215744,556_Charge6.csv,1223
4.19979,0.14048,23.87099,4260.0,0.0,9.90829,99.33099851027282,556_Charge6.csv,1223
4.19979,0.12771,23.76583,4320.0,0.0,9.91771,99.4190457098609,556_Charge6.csv,1223
4.19979,0.11494,23.66067,4380.0,0.0,9.92618,99.49844541663226,556_Charge6.csv,1223
4.19979,0.10472,23.87099,4440.0,0.0,9.93388,99.57037683415288,556_Charge6.csv,1223
4.19979,0.0945,23.97615,4500.0,0.0,9.94086,99.63562609813332,556_Charge6.csv,1223
4.19979,0.08684,23.76583,4560.0,0.0,9.94724,99.6953724121395,556_Charge6.csv,1223
4.19979,0.07918,23.76583,4620.0,0.0,9.95309,99.75040191188204,556_Charge6.csv,1223
4.19979,0.07407,23.87099,4680.0,0.0,9.95846,99.80032152950564,556_Charge6.csv,1223
4.19979,0.06641,23.97615,4740.0,0.0,9.96339,99.84670353643148,556_Charge6.csv,1223
4.19979,0.06385,23.87099,4800.0,0.0,9.96795,99.8891548648043,556_Charge6.csv,1223
4.19979,0.05874,23.76583,4860.0,0.0,9.97217,99.92885471818998,556_Charge6.csv,1223
4.19979,0.05364,23.87099,4920.0,0.0,9.97608,99.96541002873326,556_Charge6.csv,1223
4.19979,0.05108,24.0813,4980.0,0.0,9.97972,99.99960693214469,556_Charge6.csv,1223
4.19979,0.04853,24.0813,4981.0,0.0,9.97977,100.0,556_Charge6.csv,1223
3.48996,2.99853,23.76583,0.0,0.0,0.17093,1.958064427647227,556_Charge7.csv,1227
3.54441,2.99853,23.66067,60.0,0.0,0.34707,3.916912551283106,556_Charge7.csv,1227
3.56851,2.99853,23.97615,120.0,0.0,0.52483,5.875368826924658,556_Charge7.csv,1227
3.59211,2.99853,24.29162,180.0,0.0,0.70379,7.833825102566212,556_Charge7.csv,1227
3.61385,2.99853,24.39678,240.0,0.0,0.88389,9.79267322620209,556_Charge7.csv,1227
3.63375,2.99853,24.18646,300.0,0.0,1.06502,11.751129501843645,556_Charge7.csv,1227
3.65262,3.00108,24.29162,360.0,0.0,1.24715,13.709977625479524,556_Charge7.csv,1227
3.66948,3.00108,24.50194,420.0,0.0,1.43015,15.668433901121077,556_Charge7.csv,1227
3.68381,3.00108,24.6071,480.0,0.0,1.61392,17.62689017676263,556_Charge7.csv,1227
3.69595,2.99853,24.6071,540.0,0.0,1.79836,19.58534645240418,556_Charge7.csv,1227
3.70791,2.99853,24.39678,600.0,0.0,1.98338,21.543802728045733,556_Charge7.csv,1227
3.72005,2.99853,24.39678,660.0,0.0,2.169,23.50225900368729,556_Charge7.csv,1227
3.73286,2.99853,24.71226,720.0,0.0,2.35524,25.460715279328845,556_Charge7.csv,1227
3.74618,3.00108,24.71226,780.0,0.0,2.54215,27.419171554970397,556_Charge7.csv,1227
3.75933,2.99853,24.71226,840.0,0.0,2.72972,29.377627830611956,556_Charge7.csv,1227
3.77231,2.99853,24.50194,900.0,0.0,2.91793,31.336084106253494,556_Charge7.csv,1227
3.78529,2.99853,24.71226,960.0,0.0,3.1068,33.294932229889376,556_Charge7.csv,1227
3.79911,2.99853,24.81741,1020.0,0.0,3.29634,35.25338850553093,556_Charge7.csv,1227
3.8136,2.99853,24.81741,1080.0,0.0,3.48659,37.21184478117249,556_Charge7.csv,1227
3.82962,3.00108,24.71226,1140.0,0.0,3.67757,39.17030105681404,556_Charge7.csv,1227
3.84664,2.99853,24.6071,1200.0,0.0,3.86939,41.12875733245559,556_Charge7.csv,1227
3.86468,2.99853,24.71226,1260.0,0.0,4.06211,43.08721360809714,556_Charge7.csv,1227
3.88322,3.00108,24.81741,1320.0,0.0,4.25573,45.0456698837387,556_Charge7.csv,1227
3.9021,2.99853,24.92257,1380.0,0.0,4.45034,47.00451800737457,556_Charge7.csv,1227
3.92115,3.00108,24.81741,1440.0,0.0,4.64583,48.96297428301614,556_Charge7.csv,1227
3.93969,2.99853,24.71226,1500.0,0.0,4.8423,50.92182240665202,556_Charge7.csv,1227
3.95806,2.99853,24.81741,1560.0,0.0,5.03968,52.88027868229356,556_Charge7.csv,1227
3.97576,2.99853,24.81741,1620.0,0.0,5.23794,54.83834310994079,556_Charge7.csv,1227
3.99296,2.99853,24.81741,1680.0,0.0,5.4371,56.79719123357667,556_Charge7.csv,1227
4.00981,2.99853,24.81741,1740.0,0.0,5.6371,58.75564750921822,556_Charge7.csv,1227
4.02633,2.99853,24.81741,1800.0,0.0,5.83794,60.71410378485977,556_Charge7.csv,1227
4.04285,2.99853,24.92257,1860.0,0.0,6.0396,62.672951908495655,556_Charge7.csv,1227
4.05971,2.99853,24.92257,1920.0,0.0,6.24209,64.6314081841372,556_Charge7.csv,1227
4.07724,2.99853,24.92257,1980.0,0.0,6.44544,66.58986445977875,556_Charge7.csv,1227
4.09595,2.99853,24.92257,2040.0,0.0,6.64965,68.547928887426,556_Charge7.csv,1227
4.11601,3.00108,24.92257,2100.0,0.0,6.85487,70.50677701106186,556_Charge7.csv,1227
4.13725,3.00108,24.92257,2160.0,0.0,7.06113,72.46523328670342,556_Charge7.csv,1227
4.15899,2.99853,24.92257,2220.0,0.0,7.26846,74.42368956234498,556_Charge7.csv,1227
4.18091,2.99853,24.92257,2280.0,0.0,7.47686,76.38214583798653,556_Charge7.csv,1227
4.19995,2.92191,24.92257,2340.0,0.0,7.6861,78.33825102566212,556_Charge7.csv,1227
4.19995,2.50814,25.02773,2400.0,0.0,7.87415,80.09255449625981,556_Charge7.csv,1227
4.19995,2.25784,24.81741,2460.0,0.0,8.04035,81.64348885780227,556_Charge7.csv,1227
4.19979,2.07139,24.71226,2520.0,0.0,8.19155,83.05414163737602,556_Charge7.csv,1227
4.19979,1.93346,24.6071,2580.0,0.0,8.33157,84.36017100246472,556_Charge7.csv,1227
4.19979,1.81597,24.6071,2640.0,0.0,8.4627,85.58391228874494,556_Charge7.csv,1227
4.19979,1.71381,24.50194,2700.0,0.0,8.58613,86.73555354406918,556_Charge7.csv,1227
4.19979,1.61931,24.50194,2760.0,0.0,8.70275,87.8237154243126,556_Charge7.csv,1227
4.19979,1.52991,24.50194,2820.0,0.0,8.81295,88.85192456142413,556_Charge7.csv,1227
4.19979,1.44307,24.39678,2880.0,0.0,8.91697,89.8221401953754,556_Charge7.csv,1227
4.19979,1.35879,24.50194,2940.0,0.0,9.01505,90.73749711012104,556_Charge7.csv,1227
4.19979,1.2745,24.39678,3000.0,0.0,9.10722,91.59721160967236,556_Charge7.csv,1227
4.19979,1.19022,24.18646,3060.0,0.0,9.19351,92.4024592380124,556_Charge7.csv,1227
4.19979,1.10593,24.29162,3120.0,0.0,9.27386,93.1520644511581,556_Charge7.csv,1227
4.19979,1.02165,24.29162,3180.0,0.0,9.34829,93.84681094509816,556_Charge7.csv,1227
4.19979,0.93736,24.18646,3240.0,0.0,9.41684,94.48630687183828,556_Charge7.csv,1227
4.19979,0.85563,24.0813,3300.0,0.0,9.4796,95.07172777536138,556_Charge7.csv,1227
4.19979,0.779,24.18646,3360.0,0.0,9.53673,95.6046410476448,556_Charge7.csv,1227
4.19979,0.69983,24.18646,3420.0,0.0,9.58843,96.08700592866016,556_Charge7.csv,1227
4.19979,0.63087,24.0813,3480.0,0.0,9.635,96.52156535436772,556_Charge7.csv,1227
4.19979,0.56446,23.87099,3540.0,0.0,9.6768,96.91184595671646,556_Charge7.csv,1227
4.19979,0.50316,23.97615,3600.0,0.0,9.71409,97.25941512768368,556_Charge7.csv,1227
4.19979,0.44952,24.0813,3660.0,0.0,9.74738,97.57015058718424,556_Charge7.csv,1227
4.19979,0.401,23.97615,3720.0,0.0,9.77702,97.8467952711784,556_Charge7.csv,1227
4.19979,0.35502,23.76583,3780.0,0.0,9.80337,98.09248396362082,556_Charge7.csv,1227
4.19979,0.31671,23.97615,3840.0,0.0,9.82678,98.31113514445477,556_Charge7.csv,1227
4.19979,0.28095,24.0813,3900.0,0.0,9.84764,98.50549174964048,556_Charge7.csv,1227
4.19979,0.2503,24.0813,3960.0,0.0,9.86624,98.6790804111269,556_Charge7.csv,1227
4.19979,0.22221,23.87099,4020.0,0.0,9.88284,98.83386036888572,556_Charge7.csv,1227
4.19979,0.19922,23.76583,4080.0,0.0,9.89756,98.97139901489412,556_Charge7.csv,1227
4.19979,0.17879,24.0813,4140.0,0.0,9.91075,99.09443928511251,556_Charge7.csv,1227
4.19979,0.16091,24.0813,4200.0,0.0,9.92261,99.20494041951244,556_Charge7.csv,1227
4.19979,0.14303,23.97615,4260.0,0.0,9.93327,99.30446981007128,556_Charge7.csv,1227
4.19979,0.13026,23.76583,4320.0,0.0,9.94289,99.39420300077194,556_Charge7.csv,1227
4.19979,0.11749,23.76583,4380.0,0.0,9.95158,99.47531553559742,556_Charge7.csv,1227
4.19979,0.10727,24.0813,4440.0,0.0,9.95946,99.54898295853071,556_Charge7.csv,1227
4.19979,0.09706,24.0813,4500.0,0.0,9.96663,99.61598896556046,556_Charge7.csv,1227
4.19979,0.08939,23.87099,4560.0,0.0,9.97315,99.676725404681,556_Charge7.csv,1227
4.19979,0.08173,23.87099,4620.0,0.0,9.97912,99.73236781987532,556_Charge7.csv,1227
4.19979,0.07407,23.97615,4680.0,0.0,9.98462,99.78369990713202,556_Charge7.csv,1227
4.19979,0.06896,23.97615,4740.0,0.0,9.98966,99.83072166645114,556_Charge7.csv,1227
4.19979,0.06385,23.87099,4800.0,0.0,9.99429,99.873824945827,556_Charge7.csv,1227
4.19979,0.05874,23.76583,4860.0,0.0,9.9986,99.9141852892426,556_Charge7.csv,1227
4.19979,0.05619,23.87099,4920.0,0.0,10.00264,99.95180269669788,556_Charge7.csv,1227
4.19979,0.05108,24.0813,4980.0,0.0,10.0064,99.98667716819293,556_Charge7.csv,1227
4.19979,0.04853,23.97615,5003.0,0.0,10.0078,100.0,556_Charge7.csv,1227
3.44849,2.99853,21.97813,0.0,0.0,0.1682,1.905771459947532,562_Charge10.csv,1268
3.52688,2.99853,22.08329,60.0,0.0,0.34282,3.811542919895064,562_Charge10.csv,1268
3.55149,3.00108,22.29361,120.0,0.0,0.51978,5.717314379842596,562_Charge10.csv,1268
3.57357,2.99853,22.39877,180.0,0.0,0.69784,7.623085839790128,562_Charge10.csv,1268
3.59548,2.99853,22.50393,240.0,0.0,0.87697,9.52885729973766,562_Charge10.csv,1268
3.61621,3.00108,22.60908,300.0,0.0,1.05721,11.434628759685191,562_Charge10.csv,1268
3.63543,2.99853,22.71424,360.0,0.0,1.23844,13.340400219632723,562_Charge10.csv,1268
3.6538,3.00108,22.8194,420.0,0.0,1.42061,15.246171679580256,562_Charge10.csv,1268
3.67016,2.99853,22.8194,480.0,0.0,1.60366,17.152324446342504,562_Charge10.csv,1268
3.68415,2.99853,22.8194,540.0,0.0,1.78746,19.05809590629004,562_Charge10.csv,1268
3.69645,3.00108,22.8194,600.0,0.0,1.97197,20.964629979867,562_Charge10.csv,1268
3.70825,2.99853,22.71424,660.0,0.0,2.15702,22.870401439814533,562_Charge10.csv,1268
3.72056,2.99853,22.92456,720.0,0.0,2.34268,24.776172899762063,562_Charge10.csv,1268
3.7332,2.99853,22.92456,780.0,0.0,2.52894,26.6819443597096,562_Charge10.csv,1268
3.74652,2.99853,22.92456,840.0,0.0,2.71587,28.588097126471844,562_Charge10.csv,1268
3.75949,2.99853,23.02972,900.0,0.0,2.90345,30.49386858641937,562_Charge10.csv,1268
3.77214,2.99853,23.02972,960.0,0.0,3.09168,32.399640046366905,562_Charge10.csv,1268
3.78478,2.99853,23.02972,1020.0,0.0,3.28053,34.30541150631444,562_Charge10.csv,1268
3.79826,2.99853,23.02972,1080.0,0.0,3.47003,36.21118296626197,562_Charge10.csv,1268
3.81259,2.99853,23.02972,1140.0,0.0,3.6602,38.1169544262095,562_Charge10.csv,1268
3.8281,3.00108,23.13488,1200.0,0.0,3.85116,40.02272588615703,562_Charge10.csv,1268
3.84479,2.99853,23.02972,1260.0,0.0,4.04297,41.929259959734,562_Charge10.csv,1268
3.86266,2.99853,23.13488,1320.0,0.0,4.2356,43.83503141968153,562_Charge10.csv,1268
3.8812,3.00108,23.13488,1380.0,0.0,4.4291,45.740802879629065,562_Charge10.csv,1268
3.90008,2.99853,23.13488,1440.0,0.0,4.62357,47.6465743395766,562_Charge10.csv,1268
3.91913,2.99853,23.24004,1500.0,0.0,4.81899,49.55272710633884,562_Charge10.csv,1268
3.938,2.99853,23.24004,1560.0,0.0,5.01537,51.4588798731011,562_Charge10.csv,1268
3.95655,2.99853,23.24004,1620.0,0.0,5.21266,53.36465133304863,562_Charge10.csv,1268
3.97458,2.99853,23.34519,1680.0,0.0,5.41086,55.27042279299616,562_Charge10.csv,1268
3.99211,2.99853,23.24004,1740.0,0.0,5.60993,57.17581294612898,562_Charge10.csv,1268
4.00914,2.99853,23.34519,1800.0,0.0,5.80994,59.081965712891225,562_Charge10.csv,1268
4.026,2.99853,23.34519,1860.0,0.0,6.01073,60.98773717283875,562_Charge10.csv,1268
4.04251,2.99853,23.34519,1920.0,0.0,6.21237,62.893889939601,562_Charge10.csv,1268
4.0592,2.99853,23.34519,1980.0,0.0,6.41483,64.79966139954854,562_Charge10.csv,1268
4.07656,2.99853,23.45035,2040.0,0.0,6.61814,66.70505155268135,562_Charge10.csv,1268
4.09494,2.99853,23.45035,2100.0,0.0,6.82232,68.61082301262888,562_Charge10.csv,1268
4.11449,2.99853,23.55551,2160.0,0.0,7.02748,70.51659447257641,562_Charge10.csv,1268
4.13523,3.00108,23.45035,2220.0,0.0,7.23364,72.42236593252395,562_Charge10.csv,1268
4.15697,2.99853,23.55551,2280.0,0.0,7.44087,74.32851869928619,562_Charge10.csv,1268
4.17855,2.99853,23.55551,2340.0,0.0,7.64918,76.23429015923374,562_Charge10.csv,1268
4.19945,2.99853,23.55551,2400.0,0.0,7.85854,78.13968031236654,562_Charge10.csv,1268
4.19995,2.53879,23.55551,2460.0,0.0,8.05003,79.87843938746873,562_Charge10.csv,1268
4.19995,2.26294,23.34519,2520.0,0.0,8.21758,81.39947227136844,562_Charge10.csv,1268
4.19979,2.06372,23.45035,2580.0,0.0,8.36859,82.77027027027027,562_Charge10.csv,1268
4.19979,1.91559,23.34519,2640.0,0.0,8.50765,84.03315844060765,562_Charge10.csv,1268
4.19979,1.7981,23.24004,2700.0,0.0,8.63753,85.21215911170763,562_Charge10.csv,1268
4.19979,1.69593,23.13488,2760.0,0.0,8.75975,86.32176194252943,562_Charge10.csv,1268
4.19979,1.60398,23.13488,2820.0,0.0,8.87525,87.37035568299676,562_Charge10.csv,1268
4.19979,1.5197,23.13488,2880.0,0.0,8.98464,88.36365993533036,562_Charge10.csv,1268
4.19979,1.44052,23.02972,2940.0,0.0,9.08833,89.30510646086267,562_Charge10.csv,1268
4.19979,1.3639,23.02972,3000.0,0.0,9.18651,90.19660179366728,562_Charge10.csv,1268
4.19979,1.28983,22.92456,3060.0,0.0,9.27931,91.03890854737357,562_Charge10.csv,1268
4.19979,1.21065,22.92456,3120.0,0.0,9.3668,91.83355194924044,562_Charge10.csv,1268
4.19979,1.13658,22.92456,3180.0,0.0,9.44903,92.58015069245316,562_Charge10.csv,1268
4.19979,1.0574,22.92456,3240.0,0.0,9.52586,93.27756085656765,562_Charge10.csv,1268
4.19979,0.98078,22.92456,3300.0,0.0,9.59729,93.92616374839852,562_Charge10.csv,1268
4.19979,0.90671,22.92456,3360.0,0.0,9.66339,94.52634067476056,562_Charge10.csv,1268
4.19979,0.83264,22.8194,3420.0,0.0,9.72425,95.07885424928314,562_Charge10.csv,1268
4.19979,0.76113,22.8194,3480.0,0.0,9.78,95.58484839241046,562_Charge10.csv,1268
4.19979,0.68961,22.8194,3540.0,0.0,9.83076,96.0458483314014,562_Charge10.csv,1268
4.19979,0.62576,22.8194,3600.0,0.0,9.87676,96.46337929351472,562_Charge10.csv,1268
4.19979,0.56446,22.71424,3660.0,0.0,9.91839,96.84125434689768,562_Charge10.csv,1268
4.19979,0.50571,22.71424,3720.0,0.0,9.95584,97.1813800256238,562_Charge10.csv,1268
4.19979,0.45463,22.71424,3780.0,0.0,9.98945,97.48642547739612,562_Charge10.csv,1268
4.19979,0.4061,22.60908,3840.0,0.0,10.01954,97.75982246354708,562_Charge10.csv,1268
4.19979,0.36268,22.71424,3900.0,0.0,10.04647,98.00424013177962,562_Charge10.csv,1268
4.19979,0.32437,22.60908,3960.0,0.0,10.07057,98.22311024342626,562_Charge10.csv,1268
4.19979,0.29117,22.60908,4020.0,0.0,10.09217,98.41910194619,562_Charge10.csv,1268
4.19979,0.26052,22.71424,4080.0,0.0,10.11145,98.59412177414436,562_Charge10.csv,1268
4.19979,0.23498,22.71424,4140.0,0.0,10.12873,98.75122018180708,562_Charge10.csv,1268
4.19979,0.20944,22.71424,4200.0,0.0,10.14424,98.89192239643708,562_Charge10.csv,1268
4.19979,0.189,22.71424,4260.0,0.0,10.15817,99.0185162589226,562_Charge10.csv,1268
4.19979,0.16857,22.71424,4320.0,0.0,10.17072,99.13214568970776,562_Charge10.csv,1268
4.19979,0.1558,22.71424,4380.0,0.0,10.18205,99.23509852968093,562_Charge10.csv,1268
4.19979,0.14048,22.60908,4440.0,0.0,10.19228,99.32813739247148,562_Charge10.csv,1268
4.19979,0.12771,22.71424,4500.0,0.0,10.20154,99.41202489170888,562_Charge10.csv,1268
4.19979,0.11494,22.60908,4560.0,0.0,10.20998,99.48866756146666,562_Charge10.csv,1268
4.19979,0.10472,22.71424,4620.0,0.0,10.21767,99.55844670855956,562_Charge10.csv,1268
4.19979,0.0945,22.60908,4680.0,0.0,10.22471,99.62250625343177,562_Charge10.csv,1268
4.19979,0.08684,22.71424,4740.0,0.0,10.23113,99.6808461960832,562_Charge10.csv,1268
4.19979,0.08173,22.71424,4800.0,0.0,10.23703,99.73422915014338,562_Charge10.csv,1268
4.19979,0.07662,22.71424,4860.0,0.0,10.24249,99.78379903605638,562_Charge10.csv,1268
4.19979,0.06896,22.71424,4920.0,0.0,10.24754,99.82993716063694,562_Charge10.csv,1268
4.19979,0.06385,22.8194,4980.0,0.0,10.25215,99.87149960344092,562_Charge10.csv,1268
4.19979,0.05874,22.71424,5040.0,0.0,10.25645,99.91077420535662,562_Charge10.csv,1268
4.19979,0.05619,22.71424,5100.0,0.0,10.26047,99.94699835275456,562_Charge10.csv,1268
4.19979,0.05108,22.8194,5160.0,0.0,10.26421,99.98131596607894,562_Charge10.csv,1268
4.19979,0.04853,22.8194,5195.0,0.0,10.26628,100.0,562_Charge10.csv,1268
4.19995,2.52602,23.66067,0.0,0.0,0.2001,23.62348979996039,562_Charge11.csv,1272
4.19995,1.94113,23.76583,60.0,0.0,0.35558,41.9538522479699,562_Charge11.csv,1272
4.19995,1.44818,23.76583,120.0,0.0,0.47354,55.85759556347792,562_Charge11.csv,1272
4.19995,1.05996,23.76583,180.0,0.0,0.5606,66.12200435729847,562_Charge11.csv,1272
4.19995,0.78411,23.76583,240.0,0.0,0.62446,73.65319865319864,562_Charge11.csv,1272
4.19995,0.58489,23.76583,300.0,0.0,0.67185,79.23846306199248,562_Charge11.csv,1272
4.19979,0.44442,23.76583,360.0,0.0,0.70763,83.4571202218261,562_Charge11.csv,1272
4.19979,0.34736,23.76583,420.0,0.0,0.73522,86.71023965141612,562_Charge11.csv,1272
4.19979,0.27584,23.66067,480.0,0.0,0.75692,89.27015250544662,562_Charge11.csv,1272
4.19979,0.22221,23.66067,540.0,0.0,0.7743,91.32006337888691,562_Charge11.csv,1272
4.19979,0.1839,23.55551,600.0,0.0,0.78847,92.98871063576944,562_Charge11.csv,1272
4.19979,0.15325,23.55551,660.0,0.0,0.80017,94.37017231134878,562_Charge11.csv,1272
4.19979,0.12771,23.66067,720.0,0.0,0.80997,95.5238661121014,562_Charge11.csv,1272
4.19979,0.10983,23.55551,780.0,0.0,0.81825,96.49930679342444,562_Charge11.csv,1272
4.19979,0.09195,23.66067,840.0,0.0,0.8253,97.33115468409584,562_Charge11.csv,1272
4.19979,0.08173,23.66067,900.0,0.0,0.83138,98.04911863735391,562_Charge11.csv,1272
4.19979,0.07152,23.66067,960.0,0.0,0.83663,98.66805307981778,562_Charge11.csv,1272
4.19979,0.0613,23.66067,1020.0,0.0,0.84123,99.20776391364628,562_Charge11.csv,1272
4.19979,0.05619,23.66067,1080.0,0.0,0.84529,99.68805704099822,562_Charge11.csv,1272
4.19979,0.04853,23.66067,1124.0,0.0,0.84793,100.0,562_Charge11.csv,1272
4.19995,2.54134,24.6071,0.0,0.0,0.20092,24.222660397391174,562_Charge12.csv,1276
4.19995,1.93346,24.81741,60.0,0.0,0.35672,42.974872339349815,562_Charge12.csv,1276
4.19995,1.4252,24.81741,120.0,0.0,0.47369,57.05546286465444,562_Charge12.csv,1276
4.19995,1.03952,25.13289,180.0,0.0,0.55922,67.35426462409627,562_Charge12.csv,1276
4.19979,0.75857,25.23805,240.0,0.0,0.62156,74.85717174781334,562_Charge12.csv,1276
4.19979,0.56446,25.13289,300.0,0.0,0.66752,80.38829061125436,562_Charge12.csv,1276
4.19979,0.42654,25.23805,360.0,0.0,0.70198,84.53915769250216,562_Charge12.csv,1276
4.19979,0.33203,25.13289,420.0,0.0,0.7284,87.71929824561403,562_Charge12.csv,1276
4.19979,0.26052,25.13289,480.0,0.0,0.74903,90.20172910662824,562_Charge12.csv,1276
4.19979,0.21199,25.02773,540.0,0.0,0.76546,92.17857323423834,562_Charge12.csv,1276
4.19979,0.17368,25.02773,600.0,0.0,0.77876,93.7812831791294,562_Charge12.csv,1276
4.19979,0.14048,24.92257,660.0,0.0,0.78968,95.09580868598007,562_Charge12.csv,1276
4.19979,0.11749,24.81741,720.0,0.0,0.79871,96.18282016279892,562_Charge12.csv,1276
4.19979,0.09961,24.71226,780.0,0.0,0.80637,97.10298801759444,562_Charge12.csv,1276
4.19979,0.08684,24.71226,840.0,0.0,0.81285,97.8866474543708,562_Charge12.csv,1276
4.19979,0.07407,24.71226,900.0,0.0,0.81841,98.55402194246425,562_Charge12.csv,1276
4.19979,0.06385,24.6071,960.0,0.0,0.82319,99.13039081854492,562_Charge12.csv,1276
4.19979,0.05619,24.6071,1020.0,0.0,0.82735,99.630921684615,562_Charge12.csv,1276
4.19979,0.04853,24.6071,1069.0,0.0,0.83042,100.0,562_Charge12.csv,1276
4.19995,2.4213,23.13488,0.0,0.0,0.19515,23.751404350934536,562_Charge13.csv,1280
4.19995,1.86706,23.45035,60.0,0.0,0.34454,41.91604534776836,562_Charge13.csv,1280
4.19995,1.40476,23.66067,120.0,0.0,0.45867,55.79613931161271,562_Charge13.csv,1280
4.19995,1.03697,23.76583,180.0,0.0,0.54355,66.11684199775304,562_Charge13.csv,1280
4.19995,0.76879,23.76583,240.0,0.0,0.60623,73.73608415892146,562_Charge13.csv,1280
4.19979,0.57468,23.87099,300.0,0.0,0.65292,79.41476866510061,562_Charge13.csv,1280
4.19979,0.44186,23.66067,360.0,0.0,0.6882,83.7044224287611,562_Charge13.csv,1280
4.19979,0.3397,23.66067,420.0,0.0,0.7153,86.99826371157185,562_Charge13.csv,1280
4.19979,0.27074,23.66067,480.0,0.0,0.73655,89.5822694311102,562_Charge13.csv,1280
4.19979,0.2171,23.55551,540.0,0.0,0.75351,91.64538862220408,562_Charge13.csv,1280
4.19979,0.17623,23.55551,600.0,0.0,0.76721,93.31018282095802,562_Charge13.csv,1280
4.19979,0.14558,23.45035,660.0,0.0,0.77851,94.6838933714636,562_Charge13.csv,1280
4.19979,0.12515,23.45035,720.0,0.0,0.78793,95.82780104177306,562_Charge13.csv,1280
4.19979,0.10472,23.34519,780.0,0.0,0.79587,96.79297313859666,562_Charge13.csv,1280
4.19979,0.08939,23.34519,840.0,0.0,0.80262,97.6151567766316,562_Charge13.csv,1280
4.19979,0.07662,23.24004,900.0,0.0,0.80842,98.31988560923295,562_Charge13.csv,1280
4.19979,0.06641,23.34519,960.0,0.0,0.81343,98.93269328975592,562_Charge13.csv,1280
4.19979,0.05874,23.24004,1020.0,0.0,0.81777,99.4586865488714,562_Charge13.csv,1280
4.19979,0.05108,23.24004,1080.0,0.0,0.82159,99.92339903993464,562_Charge13.csv,1280
4.19979,0.04853,23.24004,1090.0,0.0,0.82222,100.0,562_Charge13.csv,1280
4.19995,2.40342,23.02972,0.0,0.0,0.19413,23.65904791123383,562_Charge15.csv,1288
4.19995,1.85429,23.34519,60.0,0.0,0.34229,41.69862453341515,562_Charge15.csv,1288
4.19995,1.39455,23.45035,120.0,0.0,0.45558,55.48908319271872,562_Charge15.csv,1288
4.19995,1.03442,23.66067,180.0,0.0,0.54004,65.77184639770925,562_Charge15.csv,1288
4.19979,0.76879,23.66067,240.0,0.0,0.6026,73.38548857186686,562_Charge15.csv,1288
4.19979,0.57723,23.55551,300.0,0.0,0.64932,79.07654548243596,562_Charge15.csv,1288
4.19979,0.44186,23.66067,360.0,0.0,0.68474,83.38702254947079,562_Charge15.csv,1288
4.19979,0.34225,23.55551,420.0,0.0,0.71202,86.71064069131258,562_Charge15.csv,1288
4.19979,0.27329,23.45035,480.0,0.0,0.73344,89.31840261798844,562_Charge15.csv,1288
4.19979,0.21965,23.34519,540.0,0.0,0.75058,91.40461215932916,562_Charge15.csv,1288
4.19979,0.17879,23.45035,600.0,0.0,0.76449,93.0971007823286,562_Charge15.csv,1288
4.19979,0.14814,23.45035,660.0,0.0,0.77597,94.49302040190211,562_Charge15.csv,1288
4.19979,0.12515,23.45035,720.0,0.0,0.78552,95.65884338088664,562_Charge15.csv,1288
4.19979,0.10727,23.34519,780.0,0.0,0.79356,96.63547578872014,562_Charge15.csv,1288
4.19979,0.09195,23.34519,840.0,0.0,0.80038,97.4689369535205,562_Charge15.csv,1288
4.19979,0.07918,23.24004,900.0,0.0,0.80626,98.1847931686864,562_Charge15.csv,1288
4.19979,0.06896,23.34519,960.0,0.0,0.81134,98.80349746893695,562_Charge15.csv,1288
4.19979,0.05874,23.34519,1020.0,0.0,0.81578,99.3403896303114,562_Charge15.csv,1288
4.19979,0.05108,23.24004,1080.0,0.0,0.8197,99.82103594620853,562_Charge15.csv,1288
4.19979,0.04853,23.24004,1105.0,0.0,0.82117,100.0,562_Charge15.csv,1288
4.19995,0.51849,22.92456,0.0,0.0,0.05321,35.24339360222532,562_Charge16.csv,1292
4.19995,0.32948,23.02972,60.0,0.0,0.08209,54.38108484005564,562_Charge16.csv,1292
4.19979,0.22732,23.13488,120.0,0.0,0.10121,67.03755215577189,562_Charge16.csv,1292
4.19979,0.16602,23.02972,180.0,0.0,0.11485,76.0778859527121,562_Charge16.csv,1292
4.19979,0.12771,23.02972,240.0,0.0,0.12509,82.83727399165507,562_Charge16.csv,1292
4.19979,0.10216,22.92456,300.0,0.0,0.13303,88.09457579972182,562_Charge16.csv,1292
4.19979,0.08173,23.02972,360.0,0.0,0.13932,92.26703755215576,562_Charge16.csv,1292
4.19979,0.06641,23.02972,420.0,0.0,0.14444,95.66063977746867,562_Charge16.csv,1292
4.19979,0.05619,23.13488,481.0,0.0,0.14868,98.47009735744088,562_Charge16.csv,1292
4.19979,0.04853,23.02972,518.0,0.0,0.151,100.0,562_Charge16.csv,1292
3.05742,0.14814,-10.51585,0.0,0.0,-9.50686,0.0,593_C20DisCh.csv,1316
3.07833,0.14814,-9.99006,60.0,0.0,-9.49926,0.0,593_C20DisCh.csv,1316
3.09619,0.14814,-9.56943,120.0,0.0,-9.49164,0.0,593_C20DisCh.csv,1316
3.11187,0.14814,-9.25395,180.0,0.0,-9.48396,0.0,593_C20DisCh.csv,1316
3.1267,0.14814,-10.30554,240.0,0.0,-9.47625,0.0,593_C20DisCh.csv,1316
3.14221,0.14814,-11.46228,300.0,0.0,-9.46849,0.0,593_C20DisCh.csv,1316
3.1562,0.14814,-10.62101,360.0,0.0,-9.46069,0.0,593_C20DisCh.csv,1316
3.16834,0.14814,-9.99006,420.0,0.0,-9.45286,0.0,593_C20DisCh.csv,1316
3.17946,0.15069,-9.46427,480.0,0.0,-9.44501,0.0,593_C20DisCh.csv,1316
3.18975,0.14814,-9.14879,540.0,0.0,-9.43714,0.0,593_C20DisCh.csv,1316
3.2007,0.14814,-11.1468,600.0,0.0,-9.42923,0.0,593_C20DisCh.csv,1316
3.21267,0.14814,-11.6726,660.0,0.0,-9.4213,0.0,593_C20DisCh.csv,1316
3.22329,0.15069,-10.72617,720.0,0.0,-9.41335,0.0,593_C20DisCh.csv,1316
3.23239,0.14814,-9.99006,780.0,0.0,-9.40538,0.0,593_C20DisCh.csv,1316
3.24065,0.14814,-9.35911,840.0,0.0,-9.39736,0.0,593_C20DisCh.csv,1316
3.24841,0.14814,-9.04363,900.0,0.0,-9.38934,0.0,593_C20DisCh.csv,1316
3.25616,0.14814,-9.35911,960.0,0.0,-9.38127,0.0,593_C20DisCh.csv,1316
3.2656,0.14814,-11.6726,1020.0,0.0,-9.37322,0.0,593_C20DisCh.csv,1316
3.27437,0.14814,-10.93649,1080.0,0.0,-9.36512,0.0,593_C20DisCh.csv,1316
3.28229,0.14814,-10.41069,1140.0,0.0,-9.35698,0.0,593_C20DisCh.csv,1316
3.28937,0.14814,-9.8849,1200.0,0.0,-9.34886,0.0,593_C20DisCh.csv,1316
3.29611,0.14814,-9.56943,1260.0,0.0,-9.34072,0.0,593_C20DisCh.csv,1316
3.30218,0.14814,-9.14879,1320.0,0.0,-9.33255,0.0,593_C20DisCh.csv,1316
3.30858,0.14814,-9.99006,1380.0,0.0,-9.32439,0.0,593_C20DisCh.csv,1316
3.31634,0.15069,-11.35712,1440.0,0.0,-9.3162,0.0,593_C20DisCh.csv,1316
3.32342,0.14814,-10.72617,1500.0,0.0,-9.30798,0.0,593_C20DisCh.csv,1316
3.32966,0.14814,-10.09522,1560.0,0.0,-9.29975,0.0,593_C20DisCh.csv,1316
3.33522,0.15069,-9.77974,1620.0,0.0,-9.29151,0.0,593_C20DisCh.csv,1316
3.34044,0.14814,-9.35911,1680.0,0.0,-9.28325,0.0,593_C20DisCh.csv,1316
3.3455,0.15069,-9.14879,1740.0,0.0,-9.27498,0.0,593_C20DisCh.csv,1316
3.3514,0.15069,-11.46228,1800.0,0.0,-9.26668,0.0,593_C20DisCh.csv,1316
3.35797,0.14814,-11.46228,1860.0,0.0,-9.25838,0.0,593_C20DisCh.csv,1316
3.36371,0.14814,-10.62101,1920.0,0.0,-9.25006,0.0,593_C20DisCh.csv,1316
3.36859,0.14814,-10.09522,1980.0,0.0,-9.24173,0.0,593_C20DisCh.csv,1316
3.37298,0.14814,-9.56943,2040.0,0.0,-9.2334,0.0,593_C20DisCh.csv,1316
3.37702,0.14814,-9.25395,2100.0,0.0,-9.22505,0.0,593_C20DisCh.csv,1316
3.38107,0.14814,-9.04363,2160.0,0.0,-9.21669,0.0,593_C20DisCh.csv,1316
3.38629,0.14814,-11.46228,2220.0,0.0,-9.20831,0.0,593_C20DisCh.csv,1316
3.39135,0.14814,-10.83133,2280.0,0.0,-9.19993,0.0,593_C20DisCh.csv,1316
3.39573,0.14814,-10.30554,2340.0,0.0,-9.19153,0.0,593_C20DisCh.csv,1316
3.39978,0.14814,-9.8849,2400.0,0.0,-9.18313,0.0,593_C20DisCh.csv,1316
3.40315,0.15069,-9.56943,2460.0,0.0,-9.17472,0.0,593_C20DisCh.csv,1316
3.40635,0.14814,-9.25395,2520.0,0.0,-9.16628,0.0,593_C20DisCh.csv,1316
3.41006,0.14814,-10.83133,2580.0,0.0,-9.15785,0.0,593_C20DisCh.csv,1316
3.41427,0.14814,-11.25196,2640.0,0.0,-9.14941,0.0,593_C20DisCh.csv,1316
3.41815,0.15069,-10.41069,2700.0,0.0,-9.14096,0.0,593_C20DisCh.csv,1316
3.42119,0.14814,-9.99006,2760.0,0.0,-9.13249,0.0,593_C20DisCh.csv,1316
3.42388,0.14814,-9.67458,2820.0,0.0,-9.12401,0.0,593_C20DisCh.csv,1316
3.42624,0.14814,-9.25395,2880.0,0.0,-9.11551,0.0,593_C20DisCh.csv,1316
3.4286,0.14814,-9.99006,2940.0,0.0,-9.10704,0.0,593_C20DisCh.csv,1316
3.43214,0.14814,-11.35712,3000.0,0.0,-9.09853,0.0,593_C20DisCh.csv,1316
3.43518,0.14814,-10.51585,3060.0,0.0,-9.09003,0.0,593_C20DisCh.csv,1316
3.4377,0.15069,-10.09522,3120.0,0.0,-9.08152,0.0,593_C20DisCh.csv,1316
3.43973,0.14814,-9.67458,3180.0,0.0,-9.07301,0.0,593_C20DisCh.csv,1316
3.44158,0.14814,-9.35911,3240.0,0.0,-9.0645,0.0,593_C20DisCh.csv,1316
3.44327,0.14814,-9.25395,3300.0,0.0,-9.05598,0.0,593_C20DisCh.csv,1316
3.44613,0.14814,-11.56744,3360.0,0.0,-9.04746,0.0,593_C20DisCh.csv,1316
3.44917,0.14814,-11.04165,3420.0,0.0,-9.03893,0.0,593_C20DisCh.csv,1316
3.45153,0.14814,-10.62101,3480.0,0.0,-9.0304,0.0,593_C20DisCh.csv,1316
3.45338,0.15069,-9.99006,3540.0,0.0,-9.02185,0.0,593_C20DisCh.csv,1316
3.45507,0.15069,-9.67458,3600.0,0.0,-9.01331,0.0,593_C20DisCh.csv,1316
3.45642,0.14814,-9.35911,3660.0,0.0,-9.00475,0.0,593_C20DisCh.csv,1316
3.45793,0.14814,-9.77974,3720.0,0.0,-8.99619,0.0,593_C20DisCh.csv,1316
3.46063,0.14814,-11.56744,3780.0,0.0,-8.98763,0.0,593_C20DisCh.csv,1316
3.46299,0.14814,-10.72617,3840.0,0.0,-8.97907,0.0,593_C20DisCh.csv,1316
3.46484,0.14814,-10.20038,3900.0,0.0,-8.9705,0.0,593_C20DisCh.csv,1316
3.46619,0.14814,-9.56943,3960.0,0.0,-8.96192,0.0,593_C20DisCh.csv,1316
3.46737,0.14814,-9.35911,4020.0,0.0,-8.95336,0.0,593_C20DisCh.csv,1316
3.46838,0.14814,-9.04363,4080.0,0.0,-8.94479,0.0,593_C20DisCh.csv,1316
3.47041,0.14814,-11.6726,4140.0,0.0,-8.93621,0.0,593_C20DisCh.csv,1316
3.4726,0.14814,-11.04165,4200.0,0.0,-8.92762,0.0,593_C20DisCh.csv,1316
3.47411,0.15069,-10.51585,4260.0,0.0,-8.91903,0.0,593_C20DisCh.csv,1316
3.47529,0.14814,-9.99006,4320.0,0.0,-8.91042,0.0,593_C20DisCh.csv,1316
3.47614,0.14814,-9.46427,4380.0,0.0,-8.90183,0.0,593_C20DisCh.csv,1316
3.47681,0.14814,-9.25395,4440.0,0.0,-8.89325,0.0,593_C20DisCh.csv,1316
3.47749,0.14814,-9.77974,4500.0,0.0,-8.88465,0.0,593_C20DisCh.csv,1316
3.47917,0.14814,-11.35712,4560.0,0.0,-8.87605,0.0,593_C20DisCh.csv,1316
3.48069,0.14814,-10.83133,4620.0,0.0,-8.86744,0.0,593_C20DisCh.csv,1316
3.4817,0.14814,-10.41069,4680.0,0.0,-8.85883,0.0,593_C20DisCh.csv,1316
3.48237,0.14814,-9.8849,4740.0,0.0,-8.85022,0.0,593_C20DisCh.csv,1316
3.48288,0.14814,-9.56943,4800.0,0.0,-8.84157,0.0,593_C20DisCh.csv,1316
3.48339,0.14814,-9.35911,4860.0,0.0,-8.83294,0.0,593_C20DisCh.csv,1316
3.48423,0.14814,-10.83133,4920.0,0.0,-8.8243,0.0,593_C20DisCh.csv,1316
3.48541,0.14814,-11.04165,4980.0,0.0,-8.81569,0.0,593_C20DisCh.csv,1316
3.48642,0.14814,-10.41069,5040.0,0.0,-8.80705,0.0,593_C20DisCh.csv,1316
3.48693,0.14814,-9.77974,5100.0,0.0,-8.79844,0.0,593_C20DisCh.csv,1316
3.48726,0.14814,-9.35911,5160.0,0.0,-8.78981,0.0,593_C20DisCh.csv,1316
3.4876,0.14814,-9.14879,5220.0,0.0,-8.7812,0.0,593_C20DisCh.csv,1316
3.48861,0.14814,-11.46228,5280.0,0.0,-8.77257,0.0,593_C20DisCh.csv,1316
3.48996,0.14814,-11.46228,5340.0,0.0,-8.76394,0.0,593_C20DisCh.csv,1316
3.49097,0.15069,-10.62101,5400.0,0.0,-8.7553,0.0,593_C20DisCh.csv,1316
3.49148,0.14814,-9.99006,5460.0,0.0,-8.74667,0.0,593_C20DisCh.csv,1316
3.49181,0.14814,-9.46427,5520.0,0.0,-8.73803,0.0,593_C20DisCh.csv,1316
3.49198,0.14814,-9.14879,5580.0,0.0,-8.72939,0.0,593_C20DisCh.csv,1316
3.49215,0.14814,-9.35911,5640.0,0.0,-8.72075,0.0,593_C20DisCh.csv,1316
3.4935,0.14814,-11.6726,5700.0,0.0,-8.71212,0.0,593_C20DisCh.csv,1316
3.49468,0.14814,-10.83133,5760.0,0.0,-8.70348,0.0,593_C20DisCh.csv,1316
3.49535,0.14814,-10.20038,5820.0,0.0,-8.69483,0.0,593_C20DisCh.csv,1316
3.49569,0.14814,-9.67458,5880.0,0.0,-8.68619,0.0,593_C20DisCh.csv,1316
3.49603,0.15069,-9.25395,5940.0,0.0,-8.67753,0.0,593_C20DisCh.csv,1316
3.4962,0.14814,-8.93848,6000.0,0.0,-8.6689,0.0,593_C20DisCh.csv,1316
3.49704,0.14814,-11.35712,6060.0,0.0,-8.66024,0.0,593_C20DisCh.csv,1316
3.49839,0.15069,-11.35712,6120.0,0.0,-8.65159,0.0,593_C20DisCh.csv,1316
3.49923,0.14814,-10.51585,6180.0,0.0,-8.64295,0.0,593_C20DisCh.csv,1316
3.49991,0.14814,-10.09522,6240.0,0.0,-8.6343,0.0,593_C20DisCh.csv,1316
3.50024,0.14814,-9.56943,6300.0,0.0,-8.62564,0.0,593_C20DisCh.csv,1316
3.50058,0.14814,-9.25395,6360.0,0.0,-8.617,0.0,593_C20DisCh.csv,1316
3.50092,0.14814,-9.04363,6420.0,0.0,-8.60834,0.0,593_C20DisCh.csv,1316
3.5021,0.14814,-11.35712,6480.0,0.0,-8.59969,0.0,593_C20DisCh.csv,1316
3.50311,0.14814,-10.72617,6540.0,0.0,-8.59103,0.0,593_C20DisCh.csv,1316
3.50395,0.14814,-10.30554,6600.0,0.0,-8.58237,0.0,593_C20DisCh.csv,1316
3.50446,0.14814,-9.77974,6660.0,0.0,-8.57369,0.0,593_C20DisCh.csv,1316
3.50479,0.14814,-9.35911,6720.0,0.0,-8.56503,0.0,593_C20DisCh.csv,1316
3.50496,0.14814,-9.04363,6780.0,0.0,-8.55636,0.0,593_C20DisCh.csv,1316
3.50597,0.14814,-11.35712,6840.0,0.0,-8.54769,0.0,593_C20DisCh.csv,1316
3.50715,0.14814,-11.1468,6900.0,0.0,-8.53902,0.0,593_C20DisCh.csv,1316
3.508,0.15069,-10.41069,6960.0,0.0,-8.53034,0.0,593_C20DisCh.csv,1316
3.5085,0.15069,-9.67458,7020.0,0.0,-8.52166,0.0,593_C20DisCh.csv,1316
3.50884,0.14814,-9.35911,7080.0,0.0,-8.51298,0.0,593_C20DisCh.csv,1316
3.50918,0.14814,-8.93848,7140.0,0.0,-8.5043,0.0,593_C20DisCh.csv,1316
3.50985,0.14814,-11.1468,7200.0,0.0,-8.49561,0.0,593_C20DisCh.csv,1316
3.51103,0.14814,-11.04165,7260.0,0.0,-8.48694,0.0,593_C20DisCh.csv,1316
3.51187,0.15069,-10.30554,7320.0,0.0,-8.47826,0.0,593_C20DisCh.csv,1316
3.51255,0.15069,-9.77974,7380.0,0.0,-8.46957,0.0,593_C20DisCh.csv,1316
3.51288,0.14814,-9.35911,7440.0,0.0,-8.46088,0.0,593_C20DisCh.csv,1316
3.51322,0.14814,-9.14879,7500.0,0.0,-8.4522,0.0,593_C20DisCh.csv,1316
3.5139,0.14814,-10.62101,7560.0,0.0,-8.4435,0.0,593_C20DisCh.csv,1316
3.51508,0.14814,-11.1468,7620.0,0.0,-8.4348,0.0,593_C20DisCh.csv,1316
3.51609,0.14814,-10.51585,7680.0,0.0,-8.4261,0.0,593_C20DisCh.csv,1316
3.51676,0.14814,-10.09522,7740.0,0.0,-8.4174,0.0,593_C20DisCh.csv,1316
3.51727,0.14814,-9.67458,7800.0,0.0,-8.4087,0.0,593_C20DisCh.csv,1316
3.5176,0.14814,-9.25395,7860.0,0.0,-8.39999,0.0,593_C20DisCh.csv,1316
3.51794,0.14814,-9.04363,7920.0,0.0,-8.3913,0.0,593_C20DisCh.csv,1316
3.51895,0.14814,-11.25196,7980.0,0.0,-8.38261,0.0,593_C20DisCh.csv,1316
3.52013,0.15069,-11.25196,8040.0,0.0,-8.37391,0.0,593_C20DisCh.csv,1316
3.52114,0.14814,-10.51585,8100.0,0.0,-8.36519,0.0,593_C20DisCh.csv,1316
3.52182,0.14814,-10.20038,8160.0,0.0,-8.35649,0.0,593_C20DisCh.csv,1316
3.52232,0.14814,-9.8849,8220.0,0.0,-8.34777,0.0,593_C20DisCh.csv,1316
3.52283,0.14814,-9.46427,8280.0,0.0,-8.33907,0.0,593_C20DisCh.csv,1316
3.52317,0.14814,-9.14879,8340.0,0.0,-8.33035,0.0,593_C20DisCh.csv,1316
3.52418,0.14814,-11.25196,8400.0,0.0,-8.32164,0.0,593_C20DisCh.csv,1316
3.52536,0.14814,-10.93649,8460.0,0.0,-8.31289,0.0,593_C20DisCh.csv,1316
3.5262,0.14814,-10.30554,8520.0,0.0,-8.30415,0.0,593_C20DisCh.csv,1316
3.52688,0.14814,-9.77974,8580.0,0.0,-8.29543,0.0,593_C20DisCh.csv,1316
3.52721,0.14814,-9.35911,8640.0,0.0,-8.28671,0.0,593_C20DisCh.csv,1316
3.52772,0.14814,-9.04363,8700.0,0.0,-8.27797,0.0,593_C20DisCh.csv,1316
3.52873,0.14814,-11.56744,8760.0,0.0,-8.26924,0.0,593_C20DisCh.csv,1316
3.52991,0.15069,-11.25196,8820.0,0.0,-8.26051,0.0,593_C20DisCh.csv,1316
3.53092,0.14814,-10.51585,8880.0,0.0,-8.25178,0.0,593_C20DisCh.csv,1316
3.53143,0.14814,-9.8849,8940.0,0.0,-8.24304,0.0,593_C20DisCh.csv,1316
3.5321,0.14814,-9.35911,9000.0,0.0,-8.23431,0.0,593_C20DisCh.csv,1316
3.53244,0.14814,-9.04363,9060.0,0.0,-8.22557,0.0,593_C20DisCh.csv,1316
3.53328,0.15069,-10.72617,9120.0,0.0,-8.21683,0.0,593_C20DisCh.csv,1316
3.53463,0.14814,-11.35712,9180.0,0.0,-8.2081,0.0,593_C20DisCh.csv,1316
3.53564,0.14814,-10.62101,9240.0,0.0,-8.19935,0.0,593_C20DisCh.csv,1316
3.53632,0.14814,-9.99006,9300.0,0.0,-8.19061,0.0,593_C20DisCh.csv,1316
3.53699,0.14814,-9.35911,9360.0,0.0,-8.18187,0.0,593_C20DisCh.csv,1316
3.5375,0.14814,-9.14879,9420.0,0.0,-8.17311,0.0,593_C20DisCh.csv,1316
3.538,0.14814,-9.8849,9480.0,0.0,-8.16436,0.0,593_C20DisCh.csv,1316
3.53935,0.14814,-11.46228,9540.0,0.0,-8.15561,0.0,593_C20DisCh.csv,1316
3.54053,0.14814,-10.62101,9600.0,0.0,-8.14685,0.0,593_C20DisCh.csv,1316
3.54154,0.14814,-10.09522,9660.0,0.0,-8.13807,0.0,593_C20DisCh.csv,1316
3.54222,0.14814,-9.67458,9720.0,0.0,-8.12933,0.0,593_C20DisCh.csv,1316
3.54289,0.14814,-9.25395,9780.0,0.0,-8.12058,0.0,593_C20DisCh.csv,1316
3.54339,0.14814,-9.04363,9840.0,0.0,-8.11181,0.0,593_C20DisCh.csv,1316
3.54457,0.15069,-11.25196,9900.0,0.0,-8.10304,0.0,593_C20DisCh.csv,1316
3.54609,0.14814,-10.93649,9960.0,0.0,-8.09421,0.0,593_C20DisCh.csv,1316
3.5471,0.14814,-10.41069,10020.0,0.0,-8.08543,0.0,593_C20DisCh.csv,1316
3.54795,0.14814,-9.8849,10080.0,0.0,-8.07665,0.0,593_C20DisCh.csv,1316
3.54862,0.14814,-9.46427,10140.0,0.0,-8.06787,0.0,593_C20DisCh.csv,1316
3.54929,0.14814,-9.14879,10200.0,0.0,-8.0591,0.0,593_C20DisCh.csv,1316
3.55014,0.14814,-10.41069,10260.0,0.0,-8.05031,0.0,593_C20DisCh.csv,1316
3.55165,0.14814,-11.35712,10320.0,0.0,-8.04152,0.0,593_C20DisCh.csv,1316
3.55283,0.14814,-10.72617,10380.0,0.0,-8.03274,0.0,593_C20DisCh.csv,1316
3.55401,0.14814,-10.30554,10440.0,0.0,-8.02394,0.0,593_C20DisCh.csv,1316
3.55486,0.14814,-9.67458,10500.0,0.0,-8.01515,0.0,593_C20DisCh.csv,1316
3.55553,0.14814,-9.46427,10560.0,0.0,-8.00635,0.0,593_C20DisCh.csv,1316
3.55621,0.14814,-9.14879,10620.0,0.0,-7.99756,0.0,593_C20DisCh.csv,1316
3.55722,0.15069,-11.1468,10680.0,0.0,-7.98875,0.0,593_C20DisCh.csv,1316
3.55873,0.15069,-11.1468,10740.0,0.0,-7.97996,0.0,593_C20DisCh.csv,1316
3.55991,0.14814,-10.30554,10800.0,0.0,-7.97116,0.0,593_C20DisCh.csv,1316
3.56076,0.15069,-9.77974,10860.0,0.0,-7.96234,0.0,593_C20DisCh.csv,1316
3.56143,0.14814,-9.46427,10920.0,0.0,-7.95353,0.0,593_C20DisCh.csv,1316
3.56211,0.14814,-9.04363,10980.0,0.0,-7.94471,0.0,593_C20DisCh.csv,1316
3.56329,0.14814,-11.04165,11040.0,0.0,-7.9359,0.0,593_C20DisCh.csv,1316
3.5648,0.14814,-11.35712,11100.0,0.0,-7.92709,0.0,593_C20DisCh.csv,1316
3.56598,0.14814,-10.51585,11160.0,0.0,-7.91828,0.0,593_C20DisCh.csv,1316
3.56699,0.15069,-9.8849,11220.0,0.0,-7.90944,0.0,593_C20DisCh.csv,1316
3.56767,0.14814,-9.35911,11280.0,0.0,-7.90056,0.0,593_C20DisCh.csv,1316
3.56834,0.14814,-9.04363,11340.0,0.0,-7.89174,0.0,593_C20DisCh.csv,1316
3.56902,0.14814,-10.20038,11400.0,0.0,-7.8829,0.0,593_C20DisCh.csv,1316
3.5707,0.14814,-11.46228,11460.0,0.0,-7.87409,0.0,593_C20DisCh.csv,1316
3.57188,0.14814,-10.72617,11520.0,0.0,-7.86525,0.0,593_C20DisCh.csv,1316
3.57289,0.15069,-9.99006,11580.0,0.0,-7.85641,0.0,593_C20DisCh.csv,1316
3.57357,0.14814,-9.46427,11640.0,0.0,-7.84759,0.0,593_C20DisCh.csv,1316
3.57424,0.14814,-9.14879,11700.0,0.0,-7.83874,0.0,593_C20DisCh.csv,1316
3.57509,0.14814,-9.35911,11760.0,0.0,-7.82991,0.0,593_C20DisCh.csv,1316
3.57643,0.14814,-11.46228,11820.0,0.0,-7.82106,0.0,593_C20DisCh.csv,1316
3.57778,0.14814,-10.62101,11880.0,0.0,-7.8122,0.0,593_C20DisCh.csv,1316
3.57879,0.14814,-10.20038,11940.0,0.0,-7.80335,0.0,593_C20DisCh.csv,1316
3.57964,0.14814,-9.67458,12000.0,0.0,-7.79451,0.0,593_C20DisCh.csv,1316
3.58031,0.14814,-9.25395,12060.0,0.0,-7.78565,0.0,593_C20DisCh.csv,1316
3.58082,0.14814,-9.04363,12120.0,0.0,-7.77679,0.0,593_C20DisCh.csv,1316
3.58216,0.14814,-11.35712,12180.0,0.0,-7.76793,0.0,593_C20DisCh.csv,1316
3.58351,0.14814,-10.83133,12240.0,0.0,-7.75908,0.0,593_C20DisCh.csv,1316
3.58469,0.15069,-10.20038,12300.0,0.0,-7.75022,0.0,593_C20DisCh.csv,1316
3.58537,0.14814,-9.77974,12360.0,0.0,-7.74135,0.0,593_C20DisCh.csv,1316
3.58621,0.14814,-9.46427,12420.0,0.0,-7.73248,0.0,593_C20DisCh.csv,1316
3.58688,0.14814,-9.14879,12480.0,0.0,-7.72361,0.0,593_C20DisCh.csv,1316
3.5879,0.14814,-11.35712,12540.0,0.0,-7.71473,0.0,593_C20DisCh.csv,1316
3.58941,0.14814,-10.93649,12600.0,0.0,-7.70584,0.0,593_C20DisCh.csv,1316
3.59042,0.15069,-10.20038,12660.0,0.0,-7.69696,0.0,593_C20DisCh.csv,1316
3.59127,0.14814,-9.67458,12720.0,0.0,-7.68806,0.0,593_C20DisCh.csv,1316
3.59194,0.14814,-9.25395,12780.0,0.0,-7.67917,0.0,593_C20DisCh.csv,1316
3.59262,0.14814,-9.25395,12840.0,0.0,-7.67027,0.0,593_C20DisCh.csv,1316
3.59396,0.14814,-11.77776,12900.0,0.0,-7.66137,0.0,593_C20DisCh.csv,1316
3.59548,0.14814,-11.04165,12960.0,0.0,-7.65247,0.0,593_C20DisCh.csv,1316
3.59649,0.14814,-10.41069,13020.0,0.0,-7.64357,0.0,593_C20DisCh.csv,1316
3.59734,0.14814,-9.56943,13080.0,0.0,-7.63467,0.0,593_C20DisCh.csv,1316
3.59784,0.14814,-9.25395,13140.0,0.0,-7.62577,0.0,593_C20DisCh.csv,1316
3.59835,0.14814,-8.93848,13200.0,0.0,-7.61687,0.0,593_C20DisCh.csv,1316
3.59936,0.14814,-10.93649,13260.0,0.0,-7.60797,0.0,593_C20DisCh.csv,1316
3.60088,0.14814,-11.46228,13320.0,0.0,-7.59906,0.0,593_C20DisCh.csv,1316
3.60206,0.14814,-10.62101,13380.0,0.0,-7.59017,0.0,593_C20DisCh.csv,1316
3.6029,0.14814,-10.30554,13440.0,0.0,-7.58125,0.0,593_C20DisCh.csv,1316
3.60374,0.14814,-9.77974,13500.0,0.0,-7.57234,0.0,593_C20DisCh.csv,1316
3.60442,0.14814,-9.46427,13560.0,0.0,-7.56343,0.0,593_C20DisCh.csv,1316
3.60492,0.14814,-9.14879,13620.0,0.0,-7.55451,0.0,593_C20DisCh.csv,1316
3.60576,0.15069,-11.1468,13680.0,0.0,-7.54559,0.0,593_C20DisCh.csv,1316
3.60728,0.14814,-10.93649,13740.0,0.0,-7.53663,0.0,593_C20DisCh.csv,1316
3.60829,0.14814,-10.30554,13800.0,0.0,-7.52771,0.0,593_C20DisCh.csv,1316
3.60897,0.14814,-9.77974,13860.0,0.0,-7.51879,0.0,593_C20DisCh.csv,1316
3.60964,0.15069,-9.46427,13920.0,0.0,-7.50986,0.0,593_C20DisCh.csv,1316
3.61015,0.14814,-9.14879,13980.0,0.0,-7.50094,0.0,593_C20DisCh.csv,1316
3.61099,0.14814,-11.1468,14040.0,0.0,-7.49202,0.0,593_C20DisCh.csv,1316
3.61234,0.14814,-11.1468,14100.0,0.0,-7.4831,0.0,593_C20DisCh.csv,1316
3.61352,0.14814,-10.30554,14160.0,0.0,-7.47417,0.0,593_C20DisCh.csv,1316
3.61419,0.14814,-9.77974,14220.0,0.0,-7.46522,0.0,593_C20DisCh.csv,1316
3.61487,0.14814,-9.35911,14280.0,0.0,-7.45628,0.0,593_C20DisCh.csv,1316
3.61537,0.14814,-8.93848,14340.0,0.0,-7.44734,0.0,593_C20DisCh.csv,1316
3.61638,0.14814,-11.35712,14400.0,0.0,-7.43839,0.0,593_C20DisCh.csv,1316
3.61773,0.15069,-11.04165,14460.0,0.0,-7.42944,0.0,593_C20DisCh.csv,1316
3.61874,0.14814,-10.30554,14520.0,0.0,-7.42049,0.0,593_C20DisCh.csv,1316
3.61942,0.14814,-9.67458,14580.0,0.0,-7.41153,0.0,593_C20DisCh.csv,1316
3.61992,0.14814,-9.14879,14640.0,0.0,-7.40257,0.0,593_C20DisCh.csv,1316
3.62043,0.14814,-9.14879,14700.0,0.0,-7.39362,0.0,593_C20DisCh.csv,1316
3.62178,0.14814,-11.6726,14760.0,0.0,-7.38466,0.0,593_C20DisCh.csv,1316
3.62296,0.15069,-10.72617,14820.0,0.0,-7.37569,0.0,593_C20DisCh.csv,1316
3.62397,0.14814,-10.20038,14880.0,0.0,-7.36671,0.0,593_C20DisCh.csv,1316
3.62464,0.14814,-9.46427,14940.0,0.0,-7.35773,0.0,593_C20DisCh.csv,1316
3.62515,0.14814,-9.14879,15000.0,0.0,-7.34876,0.0,593_C20DisCh.csv,1316
3.62582,0.15069,-9.56943,15060.0,0.0,-7.3398,0.0,593_C20DisCh.csv,1316
3.62717,0.14814,-11.6726,15120.0,0.0,-7.33084,0.0,593_C20DisCh.csv,1316
3.62852,0.14814,-10.83133,15180.0,0.0,-7.32186,0.0,593_C20DisCh.csv,1316
3.62936,0.15069,-10.09522,15240.0,0.0,-7.31288,0.0,593_C20DisCh.csv,1316
3.63004,0.14814,-9.56943,15300.0,0.0,-7.3039,0.0,593_C20DisCh.csv,1316
3.63071,0.14814,-9.14879,15360.0,0.0,-7.29494,0.0,593_C20DisCh.csv,1316
3.63122,0.14814,-8.93848,15420.0,0.0,-7.28596,0.0,593_C20DisCh.csv,1316
3.6324,0.14814,-11.46228,15480.0,0.0,-7.27698,0.0,593_C20DisCh.csv,1316
3.63358,0.14814,-10.93649,15540.0,0.0,-7.26799,0.0,593_C20DisCh.csv,1316
3.63459,0.14814,-10.30554,15600.0,0.0,-7.25901,0.0,593_C20DisCh.csv,1316
3.63543,0.15069,-9.77974,15660.0,0.0,-7.25003,0.0,593_C20DisCh.csv,1316
3.63594,0.14814,-9.46427,15720.0,0.0,-7.24104,0.0,593_C20DisCh.csv,1316
3.63644,0.14814,-9.14879,15780.0,0.0,-7.23204,0.0,593_C20DisCh.csv,1316
3.63712,0.14814,-10.20038,15840.0,0.0,-7.22305,0.0,593_C20DisCh.csv,1316
3.63847,0.15069,-11.25196,15900.0,0.0,-7.21405,0.0,593_C20DisCh.csv,1316
3.63948,0.14814,-10.62101,15960.0,0.0,-7.20506,0.0,593_C20DisCh.csv,1316
3.64032,0.14814,-10.09522,16020.0,0.0,-7.19605,0.0,593_C20DisCh.csv,1316
3.64099,0.14814,-9.67458,16080.0,0.0,-7.18705,0.0,593_C20DisCh.csv,1316
3.6415,0.15069,-9.35911,16140.0,0.0,-7.17804,0.0,593_C20DisCh.csv,1316
3.64184,0.14814,-9.14879,16200.0,0.0,-7.16903,0.0,593_C20DisCh.csv,1316
3.64302,0.14814,-11.46228,16260.0,0.0,-7.16001,0.0,593_C20DisCh.csv,1316
3.64403,0.14814,-10.83133,16320.0,0.0,-7.151,0.0,593_C20DisCh.csv,1316
3.6447,0.14814,-10.09522,16380.0,0.0,-7.14195,0.0,593_C20DisCh.csv,1316
3.64504,0.14814,-9.56943,16440.0,0.0,-7.13294,0.0,593_C20DisCh.csv,1316
3.64538,0.15069,-9.14879,16500.0,0.0,-7.12392,0.0,593_C20DisCh.csv,1316
3.64571,0.14814,-9.46427,16560.0,0.0,-7.11489,0.0,593_C20DisCh.csv,1316
3.64689,0.14814,-12.09323,16620.0,0.0,-7.10589,0.0,593_C20DisCh.csv,1316
3.6479,0.15069,-11.35712,16680.0,0.0,-7.09687,0.0,593_C20DisCh.csv,1316
3.64858,0.14814,-10.41069,16740.0,0.0,-7.08781,0.0,593_C20DisCh.csv,1316
3.64892,0.14814,-9.67458,16800.0,0.0,-7.07878,0.0,593_C20DisCh.csv,1316
3.64908,0.14814,-9.25395,16860.0,0.0,-7.06976,0.0,593_C20DisCh.csv,1316
3.64925,0.14814,-8.83332,16920.0,0.0,-7.06075,0.0,593_C20DisCh.csv,1316
3.64976,0.14814,-10.93649,16980.0,0.0,-7.05172,0.0,593_C20DisCh.csv,1316
3.65077,0.14814,-11.35712,17040.0,0.0,-7.04269,0.0,593_C20DisCh.csv,1316
3.65144,0.14814,-10.62101,17100.0,0.0,-7.03366,0.0,593_C20DisCh.csv,1316
3.65195,0.14814,-10.09522,17160.0,0.0,-7.02462,0.0,593_C20DisCh.csv,1316
3.65229,0.15069,-9.67458,17220.0,0.0,-7.0156,0.0,593_C20DisCh.csv,1316
3.65229,0.14814,-9.35911,17280.0,0.0,-7.00655,0.0,593_C20DisCh.csv,1316
3.65246,0.15069,-9.04363,17340.0,0.0,-6.99752,0.0,593_C20DisCh.csv,1316
3.6533,0.14814,-11.46228,17400.0,0.0,-6.9885,0.0,593_C20DisCh.csv,1316
3.65414,0.14814,-10.83133,17460.0,0.0,-6.97948,0.0,593_C20DisCh.csv,1316
3.65465,0.14814,-10.30554,17520.0,0.0,-6.97044,0.0,593_C20DisCh.csv,1316
3.65498,0.14814,-9.8849,17580.0,0.0,-6.96142,0.0,593_C20DisCh.csv,1316
3.65515,0.15069,-9.35911,17640.0,0.0,-6.95237,0.0,593_C20DisCh.csv,1316
3.65532,0.14814,-9.14879,17700.0,0.0,-6.94334,0.0,593_C20DisCh.csv,1316
3.65566,0.14814,-10.30554,17760.0,0.0,-6.93429,0.0,593_C20DisCh.csv,1316
3.6565,0.14814,-11.35712,17820.0,0.0,-6.92526,0.0,593_C20DisCh.csv,1316
3.65718,0.14814,-10.51585,17880.0,0.0,-6.91621,0.0,593_C20DisCh.csv,1316
3.65768,0.14814,-10.09522,17940.0,0.0,-6.90715,0.0,593_C20DisCh.csv,1316
3.65802,0.14814,-9.67458,18000.0,0.0,-6.8981,0.0,593_C20DisCh.csv,1316
3.65819,0.15069,-9.35911,18060.0,0.0,-6.88905,0.0,593_C20DisCh.csv,1316
3.65836,0.14814,-9.04363,18120.0,0.0,-6.87999,0.0,593_C20DisCh.csv,1316
3.65886,0.14814,-11.35712,18180.0,0.0,-6.87094,0.0,593_C20DisCh.csv,1316
3.6597,0.14814,-11.1468,18240.0,0.0,-6.86189,0.0,593_C20DisCh.csv,1316
3.66038,0.14814,-10.51585,18300.0,0.0,-6.85285,0.0,593_C20DisCh.csv,1316
3.66072,0.15069,-9.99006,18360.0,0.0,-6.8438,0.0,593_C20DisCh.csv,1316
3.66088,0.14814,-9.56943,18420.0,0.0,-6.83475,0.0,593_C20DisCh.csv,1316
3.66105,0.14814,-9.14879,18480.0,0.0,-6.82569,0.0,593_C20DisCh.csv,1316
3.66122,0.14814,-9.14879,18540.0,0.0,-6.81664,0.0,593_C20DisCh.csv,1316
3.6619,0.14814,-11.46228,18600.0,0.0,-6.80758,0.0,593_C20DisCh.csv,1316
3.66274,0.14814,-10.83133,18660.0,0.0,-6.79852,0.0,593_C20DisCh.csv,1316
3.66324,0.15069,-10.30554,18720.0,0.0,-6.78948,0.0,593_C20DisCh.csv,1316
3.66358,0.14814,-9.77974,18780.0,0.0,-6.78041,0.0,593_C20DisCh.csv,1316
3.66392,0.14814,-9.46427,18840.0,0.0,-6.77136,0.0,593_C20DisCh.csv,1316
3.66392,0.14814,-9.25395,18900.0,0.0,-6.76228,0.0,593_C20DisCh.csv,1316
3.66442,0.14814,-10.93649,18960.0,0.0,-6.75321,0.0,593_C20DisCh.csv,1316
3.66527,0.14814,-10.93649,19020.0,0.0,-6.74415,0.0,593_C20DisCh.csv,1316
3.66594,0.14814,-10.41069,19080.0,0.0,-6.7351,0.0,593_C20DisCh.csv,1316
3.66628,0.14814,-9.8849,19140.0,0.0,-6.72603,0.0,593_C20DisCh.csv,1316
3.66645,0.15069,-9.46427,19200.0,0.0,-6.71696,0.0,593_C20DisCh.csv,1316
3.66678,0.15069,-9.14879,19260.0,0.0,-6.70789,0.0,593_C20DisCh.csv,1316
3.66695,0.14814,-10.09522,19320.0,0.0,-6.69878,0.0,593_C20DisCh.csv,1316
3.6678,0.14814,-11.35712,19380.0,0.0,-6.68969,0.0,593_C20DisCh.csv,1316
3.66847,0.14814,-10.51585,19440.0,0.0,-6.68059,0.0,593_C20DisCh.csv,1316
3.66898,0.14814,-9.99006,19500.0,0.0,-6.67153,0.0,593_C20DisCh.csv,1316
3.66931,0.14814,-9.56943,19560.0,0.0,-6.66242,0.0,593_C20DisCh.csv,1316
3.66948,0.14814,-9.25395,19620.0,0.0,-6.65336,0.0,593_C20DisCh.csv,1316
3.66965,0.14814,-9.04363,19680.0,0.0,-6.64428,0.0,593_C20DisCh.csv,1316
3.67032,0.14814,-11.25196,19740.0,0.0,-6.63522,0.0,593_C20DisCh.csv,1316
3.67117,0.14814,-10.72617,19800.0,0.0,-6.62613,0.0,593_C20DisCh.csv,1316
3.67167,0.14814,-10.20038,19860.0,0.0,-6.61706,0.0,593_C20DisCh.csv,1316
3.67201,0.14814,-9.77974,19920.0,0.0,-6.608,0.0,593_C20DisCh.csv,1316
3.67235,0.15069,-9.46427,19980.0,0.0,-6.59892,0.0,593_C20DisCh.csv,1316
3.67252,0.14814,-9.14879,20040.0,0.0,-6.58983,0.0,593_C20DisCh.csv,1316
3.67302,0.15069,-11.04165,20100.0,0.0,-6.58075,0.0,593_C20DisCh.csv,1316
3.67403,0.14814,-10.93649,20160.0,0.0,-6.57165,0.0,593_C20DisCh.csv,1316
3.67454,0.14814,-10.30554,20220.0,0.0,-6.56256,0.0,593_C20DisCh.csv,1316
3.67504,0.14814,-9.67458,20280.0,0.0,-6.55346,0.0,593_C20DisCh.csv,1316
3.67521,0.14814,-9.25395,20340.0,0.0,-6.54438,0.0,593_C20DisCh.csv,1316
3.67538,0.14814,-8.93848,20400.0,0.0,-6.53529,0.0,593_C20DisCh.csv,1316
3.67606,0.14814,-11.56744,20460.0,0.0,-6.52622,0.0,593_C20DisCh.csv,1316
3.6769,0.14814,-10.93649,20520.0,0.0,-6.51712,0.0,593_C20DisCh.csv,1316
3.67757,0.14814,-10.20038,20580.0,0.0,-6.50803,0.0,593_C20DisCh.csv,1316
3.67791,0.14814,-9.56943,20640.0,0.0,-6.4989,0.0,593_C20DisCh.csv,1316
3.67808,0.15069,-9.14879,20700.0,0.0,-6.48979,0.0,593_C20DisCh.csv,1316
3.67825,0.14814,-9.8849,20760.0,0.0,-6.48069,0.0,593_C20DisCh.csv,1316
3.67926,0.14814,-11.46228,20820.0,0.0,-6.47159,0.0,593_C20DisCh.csv,1316
3.67993,0.14814,-10.51585,20880.0,0.0,-6.46249,0.0,593_C20DisCh.csv,1316
3.68044,0.14814,-9.8849,20940.0,0.0,-6.4534,0.0,593_C20DisCh.csv,1316
3.68078,0.14814,-9.35911,21000.0,0.0,-6.44429,0.0,593_C20DisCh.csv,1316
3.68094,0.14814,-8.93848,21060.0,0.0,-6.43519,0.0,593_C20DisCh.csv,1316
3.68145,0.14814,-10.93649,21120.0,0.0,-6.42608,0.0,593_C20DisCh.csv,1316
3.68246,0.14814,-11.35712,21180.0,0.0,-6.41698,0.0,593_C20DisCh.csv,1316
3.68313,0.14814,-10.62101,21240.0,0.0,-6.40786,0.0,593_C20DisCh.csv,1316
3.68364,0.15069,-9.99006,21300.0,0.0,-6.39875,0.0,593_C20DisCh.csv,1316
3.68398,0.15069,-9.46427,21360.0,0.0,-6.38963,0.0,593_C20DisCh.csv,1316
3.68415,0.14814,-9.04363,21420.0,0.0,-6.38052,0.0,593_C20DisCh.csv,1316
3.68448,0.14814,-9.56943,21480.0,0.0,-6.37141,0.0,593_C20DisCh.csv,1316
3.68533,0.14814,-11.35712,21540.0,0.0,-6.36229,0.0,593_C20DisCh.csv,1316
3.68617,0.14814,-10.62101,21600.0,0.0,-6.35317,0.0,593_C20DisCh.csv,1316
3.68667,0.14814,-10.20038,21660.0,0.0,-6.34405,0.0,593_C20DisCh.csv,1316
3.68718,0.14814,-9.77974,21720.0,0.0,-6.33492,0.0,593_C20DisCh.csv,1316
3.68752,0.14814,-9.35911,21780.0,0.0,-6.3258,0.0,593_C20DisCh.csv,1316
3.68769,0.15069,-9.04363,21840.0,0.0,-6.31667,0.0,593_C20DisCh.csv,1316
3.68853,0.15069,-11.35712,21900.0,0.0,-6.30755,0.0,593_C20DisCh.csv,1316
3.68937,0.14814,-11.04165,21960.0,0.0,-6.29842,0.0,593_C20DisCh.csv,1316
3.69005,0.14814,-10.41069,22020.0,0.0,-6.28931,0.0,593_C20DisCh.csv,1316
3.69055,0.14814,-9.8849,22080.0,0.0,-6.28019,0.0,593_C20DisCh.csv,1316
3.69089,0.15069,-9.46427,22140.0,0.0,-6.27106,0.0,593_C20DisCh.csv,1316
3.69123,0.14814,-9.04363,22200.0,0.0,-6.26192,0.0,593_C20DisCh.csv,1316
3.69139,0.14814,-9.25395,22260.0,0.0,-6.25278,0.0,593_C20DisCh.csv,1316
3.69241,0.14814,-11.46228,22320.0,0.0,-6.24365,0.0,593_C20DisCh.csv,1316
3.69342,0.14814,-11.04165,22380.0,0.0,-6.2345,0.0,593_C20DisCh.csv,1316
3.69409,0.14814,-10.51585,22440.0,0.0,-6.22535,0.0,593_C20DisCh.csv,1316
3.6946,0.14814,-10.09522,22500.0,0.0,-6.21623,0.0,593_C20DisCh.csv,1316
3.6951,0.14814,-9.77974,22560.0,0.0,-6.20708,0.0,593_C20DisCh.csv,1316
3.69544,0.14814,-9.35911,22620.0,0.0,-6.19796,0.0,593_C20DisCh.csv,1316
3.69578,0.14814,-9.25395,22680.0,0.0,-6.18881,0.0,593_C20DisCh.csv,1316
3.69662,0.14814,-11.35712,22740.0,0.0,-6.17966,0.0,593_C20DisCh.csv,1316
3.69746,0.14814,-10.62101,22800.0,0.0,-6.17052,0.0,593_C20DisCh.csv,1316
3.69814,0.14814,-9.99006,22860.0,0.0,-6.16139,0.0,593_C20DisCh.csv,1316
3.69847,0.14814,-9.56943,22920.0,0.0,-6.15226,0.0,593_C20DisCh.csv,1316
3.69881,0.14814,-9.14879,22980.0,0.0,-6.14313,0.0,593_C20DisCh.csv,1316
3.69915,0.15069,-9.8849,23040.0,0.0,-6.13397,0.0,593_C20DisCh.csv,1316
3.70033,0.15069,-11.6726,23100.0,0.0,-6.1248,0.0,593_C20DisCh.csv,1316
3.70117,0.14814,-10.72617,23160.0,0.0,-6.11565,0.0,593_C20DisCh.csv,1316
3.70185,0.14814,-9.99006,23220.0,0.0,-6.10649,0.0,593_C20DisCh.csv,1316
3.70218,0.14814,-9.35911,23280.0,0.0,-6.09733,0.0,593_C20DisCh.csv,1316
3.70252,0.14814,-8.93848,23340.0,0.0,-6.08816,0.0,593_C20DisCh.csv,1316
3.70303,0.14814,-10.20038,23400.0,0.0,-6.07902,0.0,593_C20DisCh.csv,1316
3.70404,0.14814,-11.46228,23460.0,0.0,-6.06986,0.0,593_C20DisCh.csv,1316
3.70488,0.14814,-10.51585,23520.0,0.0,-6.0607,0.0,593_C20DisCh.csv,1316
3.70555,0.14814,-9.8849,23580.0,0.0,-6.05153,0.0,593_C20DisCh.csv,1316
3.70589,0.14814,-9.25395,23640.0,0.0,-6.04236,0.0,593_C20DisCh.csv,1316
3.70623,0.14814,-9.04363,23700.0,0.0,-6.03321,0.0,593_C20DisCh.csv,1316
3.7069,0.14814,-10.51585,23760.0,0.0,-6.02405,0.0,593_C20DisCh.csv,1316
3.70791,0.14814,-11.25196,23820.0,0.0,-6.01487,0.0,593_C20DisCh.csv,1316
3.70876,0.14814,-10.51585,23880.0,0.0,-6.00571,0.0,593_C20DisCh.csv,1316
3.70926,0.14814,-9.99006,23940.0,0.0,-5.99653,0.0,593_C20DisCh.csv,1316
3.70977,0.14814,-9.56943,24000.0,0.0,-5.98735,0.0,593_C20DisCh.csv,1316
3.71027,0.14814,-9.14879,24060.0,0.0,-5.97817,0.0,593_C20DisCh.csv,1316
3.71061,0.14814,-10.30554,24120.0,0.0,-5.96899,0.0,593_C20DisCh.csv,1316
3.71179,0.15069,-11.35712,24180.0,0.0,-5.95978,0.0,593_C20DisCh.csv,1316
3.71263,0.15069,-10.62101,24240.0,0.0,-5.95061,0.0,593_C20DisCh.csv,1316
3.71331,0.14814,-10.09522,24300.0,0.0,-5.94142,0.0,593_C20DisCh.csv,1316
3.71381,0.14814,-9.56943,24360.0,0.0,-5.93217,0.0,593_C20DisCh.csv,1316
3.71432,0.15069,-9.25395,24420.0,0.0,-5.92296,0.0,593_C20DisCh.csv,1316
3.71483,0.14814,-9.67458,24480.0,0.0,-5.91376,0.0,593_C20DisCh.csv,1316
3.71584,0.14814,-11.46228,24540.0,0.0,-5.90452,0.0,593_C20DisCh.csv,1316
3.71685,0.14814,-10.83133,24600.0,0.0,-5.89532,0.0,593_C20DisCh.csv,1316
3.71769,0.14814,-10.30554,24660.0,0.0,-5.88613,0.0,593_C20DisCh.csv,1316
3.7182,0.14814,-9.8849,24720.0,0.0,-5.87695,0.0,593_C20DisCh.csv,1316
3.7187,0.15069,-9.35911,24780.0,0.0,-5.86776,0.0,593_C20DisCh.csv,1316
3.71904,0.14814,-9.14879,24840.0,0.0,-5.85856,0.0,593_C20DisCh.csv,1316
3.71988,0.15069,-11.25196,24900.0,0.0,-5.84936,0.0,593_C20DisCh.csv,1316
3.72106,0.14814,-11.25196,24960.0,0.0,-5.84016,0.0,593_C20DisCh.csv,1316
3.7219,0.15069,-10.41069,25020.0,0.0,-5.83095,0.0,593_C20DisCh.csv,1316
3.72258,0.15069,-10.09522,25080.0,0.0,-5.82175,0.0,593_C20DisCh.csv,1316
3.72325,0.14814,-9.67458,25140.0,0.0,-5.81254,0.0,593_C20DisCh.csv,1316
3.72376,0.15069,-9.35911,25200.0,0.0,-5.80332,0.0,593_C20DisCh.csv,1316
3.7241,0.14814,-9.14879,25260.0,0.0,-5.79408,0.0,593_C20DisCh.csv,1316
3.72528,0.15069,-11.46228,25320.0,0.0,-5.78484,0.0,593_C20DisCh.csv,1316
3.72629,0.14814,-10.72617,25380.0,0.0,-5.77562,0.0,593_C20DisCh.csv,1316
3.72696,0.14814,-9.99006,25440.0,0.0,-5.76637,0.0,593_C20DisCh.csv,1316
3.72764,0.14814,-9.46427,25500.0,0.0,-5.75715,0.0,593_C20DisCh.csv,1316
3.72814,0.14814,-9.14879,25560.0,0.0,-5.74793,0.0,593_C20DisCh.csv,1316
3.72865,0.14814,-10.30554,25620.0,0.0,-5.73871,0.0,593_C20DisCh.csv,1316
3.72983,0.14814,-11.56744,25680.0,0.0,-5.72949,0.0,593_C20DisCh.csv,1316
3.73084,0.14814,-10.62101,25740.0,0.0,-5.72024,0.0,593_C20DisCh.csv,1316
3.73168,0.14814,-9.99006,25800.0,0.0,-5.71101,0.0,593_C20DisCh.csv,1316
3.73219,0.14814,-9.46427,25860.0,0.0,-5.70178,0.0,593_C20DisCh.csv,1316
3.73269,0.14814,-9.14879,25920.0,0.0,-5.69255,0.0,593_C20DisCh.csv,1316
3.73337,0.15069,-10.62101,25980.0,0.0,-5.6833,0.0,593_C20DisCh.csv,1316
3.73455,0.14814,-11.35712,26040.0,0.0,-5.67406,0.0,593_C20DisCh.csv,1316
3.73556,0.14814,-10.51585,26100.0,0.0,-5.66482,0.0,593_C20DisCh.csv,1316
3.73623,0.14814,-9.8849,26160.0,0.0,-5.65557,0.0,593_C20DisCh.csv,1316
3.73691,0.14814,-9.46427,26220.0,0.0,-5.64631,0.0,593_C20DisCh.csv,1316
3.73741,0.15069,-9.14879,26280.0,0.0,-5.63704,0.0,593_C20DisCh.csv,1316
3.73809,0.14814,-9.99006,26340.0,0.0,-5.6278,0.0,593_C20DisCh.csv,1316
3.73927,0.14814,-11.56744,26400.0,0.0,-5.61852,0.0,593_C20DisCh.csv,1316
3.74028,0.14814,-10.72617,26460.0,0.0,-5.60928,0.0,593_C20DisCh.csv,1316
3.74129,0.14814,-10.20038,26520.0,0.0,-5.60002,0.0,593_C20DisCh.csv,1316
3.7418,0.14814,-9.46427,26580.0,0.0,-5.59076,0.0,593_C20DisCh.csv,1316
3.7423,0.15069,-9.25395,26640.0,0.0,-5.58152,0.0,593_C20DisCh.csv,1316
3.74281,0.14814,-9.14879,26700.0,0.0,-5.57226,0.0,593_C20DisCh.csv,1316
3.74399,0.14814,-11.35712,26760.0,0.0,-5.56302,0.0,593_C20DisCh.csv,1316
3.74517,0.14814,-10.83133,26820.0,0.0,-5.55377,0.0,593_C20DisCh.csv,1316
3.74601,0.14814,-10.30554,26880.0,0.0,-5.54451,0.0,593_C20DisCh.csv,1316
3.74685,0.14814,-9.77974,26940.0,0.0,-5.53525,0.0,593_C20DisCh.csv,1316
3.74736,0.14814,-9.46427,27000.0,0.0,-5.52598,0.0,593_C20DisCh.csv,1316
3.74803,0.14814,-9.14879,27060.0,0.0,-5.51671,0.0,593_C20DisCh.csv,1316
3.74871,0.14814,-10.62101,27120.0,0.0,-5.50746,0.0,593_C20DisCh.csv,1316
3.75006,0.14814,-11.25196,27180.0,0.0,-5.49818,0.0,593_C20DisCh.csv,1316
3.75107,0.14814,-10.41069,27240.0,0.0,-5.48889,0.0,593_C20DisCh.csv,1316
3.75191,0.14814,-9.99006,27300.0,0.0,-5.4796,0.0,593_C20DisCh.csv,1316
3.75241,0.14814,-9.46427,27360.0,0.0,-5.47033,0.0,593_C20DisCh.csv,1316
3.75309,0.14814,-9.14879,27420.0,0.0,-5.46104,0.0,593_C20DisCh.csv,1316
3.75376,0.14814,-10.09522,27480.0,0.0,-5.45176,0.0,593_C20DisCh.csv,1316
3.75494,0.14814,-11.35712,27540.0,0.0,-5.44246,0.0,593_C20DisCh.csv,1316
3.75612,0.14814,-10.62101,27600.0,0.0,-5.43317,0.0,593_C20DisCh.csv,1316
3.75697,0.14814,-9.99006,27660.0,0.0,-5.42388,0.0,593_C20DisCh.csv,1316
3.75764,0.14814,-9.46427,27720.0,0.0,-5.41457,0.0,593_C20DisCh.csv,1316
3.75815,0.14814,-9.14879,27780.0,0.0,-5.40527,0.0,593_C20DisCh.csv,1316
3.75882,0.15069,-9.25395,27840.0,0.0,-5.39598,0.0,593_C20DisCh.csv,1316
3.76,0.14814,-11.56744,27900.0,0.0,-5.38668,0.0,593_C20DisCh.csv,1316
3.76118,0.14814,-10.72617,27960.0,0.0,-5.37738,0.0,593_C20DisCh.csv,1316
3.76219,0.14814,-10.09522,28020.0,0.0,-5.36808,0.0,593_C20DisCh.csv,1316
3.76287,0.14814,-9.56943,28080.0,0.0,-5.35878,0.0,593_C20DisCh.csv,1316
3.76354,0.15069,-9.25395,28140.0,0.0,-5.34949,0.0,593_C20DisCh.csv,1316
3.76405,0.14814,-9.04363,28200.0,0.0,-5.34018,0.0,593_C20DisCh.csv,1316
3.76523,0.14814,-11.77776,28260.0,0.0,-5.33087,0.0,593_C20DisCh.csv,1316
3.76657,0.15069,-11.25196,28320.0,0.0,-5.32154,0.0,593_C20DisCh.csv,1316
3.76759,0.14814,-10.51585,28380.0,0.0,-5.31223,0.0,593_C20DisCh.csv,1316
3.76843,0.14814,-9.8849,28440.0,0.0,-5.3029,0.0,593_C20DisCh.csv,1316
3.7691,0.14814,-9.35911,28500.0,0.0,-5.29358,0.0,593_C20DisCh.csv,1316
3.76961,0.14814,-9.04363,28560.0,0.0,-5.28426,0.0,593_C20DisCh.csv,1316
3.77011,0.14814,-8.93848,28620.0,0.0,-5.27493,0.0,593_C20DisCh.csv,1316
3.77129,0.14814,-11.56744,28680.0,0.0,-5.26559,0.0,593_C20DisCh.csv,1316
3.77264,0.14814,-11.1468,28740.0,0.0,-5.25628,0.0,593_C20DisCh.csv,1316
3.77365,0.14814,-10.62101,28800.0,0.0,-5.24692,0.0,593_C20DisCh.csv,1316
3.77467,0.14814,-9.8849,28860.0,0.0,-5.23758,0.0,593_C20DisCh.csv,1316
3.77534,0.15069,-9.56943,28920.0,0.0,-5.22823,0.0,593_C20DisCh.csv,1316
3.77585,0.14814,-9.25395,28980.0,0.0,-5.2189,0.0,593_C20DisCh.csv,1316
3.77652,0.14814,-9.04363,29040.0,0.0,-5.20957,0.0,593_C20DisCh.csv,1316
3.7777,0.15069,-11.56744,29100.0,0.0,-5.20023,0.0,593_C20DisCh.csv,1316
3.77888,0.15069,-10.83133,29160.0,0.0,-5.19089,0.0,593_C20DisCh.csv,1316
3.77989,0.14814,-10.30554,29220.0,0.0,-5.18154,0.0,593_C20DisCh.csv,1316
3.78073,0.14814,-9.56943,29280.0,0.0,-5.1722,0.0,593_C20DisCh.csv,1316
3.78141,0.14814,-9.35911,29340.0,0.0,-5.16285,0.0,593_C20DisCh.csv,1316
3.78191,0.14814,-8.93848,29400.0,0.0,-5.15347,0.0,593_C20DisCh.csv,1316
3.78293,0.15069,-11.1468,29460.0,0.0,-5.14407,0.0,593_C20DisCh.csv,1316
3.78427,0.14814,-11.25196,29520.0,0.0,-5.13468,0.0,593_C20DisCh.csv,1316
3.78529,0.14814,-10.30554,29580.0,0.0,-5.12531,0.0,593_C20DisCh.csv,1316
3.7863,0.15069,-9.8849,29640.0,0.0,-5.11596,0.0,593_C20DisCh.csv,1316
3.78697,0.14814,-9.46427,29700.0,0.0,-5.10658,0.0,593_C20DisCh.csv,1316
3.78764,0.14814,-9.14879,29760.0,0.0,-5.0972,0.0,593_C20DisCh.csv,1316
3.78815,0.15069,-9.46427,29820.0,0.0,-5.08784,0.0,593_C20DisCh.csv,1316
3.7895,0.15069,-11.35712,29880.0,0.0,-5.07844,0.0,593_C20DisCh.csv,1316
3.79068,0.14814,-10.51585,29940.0,0.0,-5.06903,0.0,593_C20DisCh.csv,1316
3.79169,0.14814,-10.09522,30000.0,0.0,-5.05966,0.0,593_C20DisCh.csv,1316
3.79236,0.14814,-9.56943,30060.0,0.0,-5.05029,0.0,593_C20DisCh.csv,1316
3.79304,0.14814,-9.14879,30120.0,0.0,-5.04092,0.0,593_C20DisCh.csv,1316
3.79371,0.14814,-8.93848,30180.0,0.0,-5.03154,0.0,593_C20DisCh.csv,1316
3.79472,0.14814,-11.25196,30240.0,0.0,-5.02216,0.0,593_C20DisCh.csv,1316
3.79607,0.14814,-10.72617,30300.0,0.0,-5.01279,0.0,593_C20DisCh.csv,1316
3.79708,0.14814,-10.30554,30360.0,0.0,-5.00339,0.0,593_C20DisCh.csv,1316
3.79793,0.14814,-9.8849,30420.0,0.0,-4.994,0.0,593_C20DisCh.csv,1316
3.7986,0.14814,-9.35911,30480.0,0.0,-4.98459,0.0,593_C20DisCh.csv,1316
3.79928,0.14814,-9.14879,30540.0,0.0,-4.97517,0.0,593_C20DisCh.csv,1316
3.80012,0.14814,-10.30554,30600.0,0.0,-4.96574,0.0,593_C20DisCh.csv,1316
3.8013,0.14814,-10.93649,30660.0,0.0,-4.95635,0.0,593_C20DisCh.csv,1316
3.80248,0.14814,-10.30554,30720.0,0.0,-4.94694,0.0,593_C20DisCh.csv,1316
3.80332,0.14814,-9.8849,30780.0,0.0,-4.93753,0.0,593_C20DisCh.csv,1316
3.80416,0.14814,-9.25395,30840.0,0.0,-4.9281,0.0,593_C20DisCh.csv,1316
3.80467,0.14814,-8.93848,30900.0,0.0,-4.91868,0.0,593_C20DisCh.csv,1316
3.80568,0.14814,-11.35712,30960.0,0.0,-4.90926,0.0,593_C20DisCh.csv,1316
3.80703,0.14814,-11.1468,31020.0,0.0,-4.89984,0.0,593_C20DisCh.csv,1316
3.80804,0.15069,-10.41069,31080.0,0.0,-4.89042,0.0,593_C20DisCh.csv,1316
3.80888,0.15069,-9.67458,31140.0,0.0,-4.881,0.0,593_C20DisCh.csv,1316
3.80956,0.14814,-9.25395,31200.0,0.0,-4.87159,0.0,593_C20DisCh.csv,1316
3.81006,0.14814,-9.25395,31260.0,0.0,-4.86216,0.0,593_C20DisCh.csv,1316
3.81141,0.14814,-11.46228,31320.0,0.0,-4.85273,0.0,593_C20DisCh.csv,1316
3.81259,0.14814,-10.62101,31380.0,0.0,-4.8433,0.0,593_C20DisCh.csv,1316
3.81344,0.14814,-9.99006,31440.0,0.0,-4.83386,0.0,593_C20DisCh.csv,1316
3.81411,0.15069,-9.46427,31500.0,0.0,-4.82439,0.0,593_C20DisCh.csv,1316
3.81478,0.14814,-9.14879,31560.0,0.0,-4.81494,0.0,593_C20DisCh.csv,1316
3.8158,0.14814,-10.93649,31620.0,0.0,-4.80548,0.0,593_C20DisCh.csv,1316
3.81714,0.14814,-10.83133,31680.0,0.0,-4.79603,0.0,593_C20DisCh.csv,1316
3.81799,0.14814,-10.30554,31740.0,0.0,-4.7866,0.0,593_C20DisCh.csv,1316
3.81883,0.14814,-9.67458,31800.0,0.0,-4.77714,0.0,593_C20DisCh.csv,1316
3.8195,0.14814,-9.35911,31860.0,0.0,-4.76769,0.0,593_C20DisCh.csv,1316
3.82018,0.14814,-9.14879,31920.0,0.0,-4.75824,0.0,593_C20DisCh.csv,1316
3.82136,0.14814,-11.35712,31980.0,0.0,-4.74879,0.0,593_C20DisCh.csv,1316
3.82254,0.14814,-10.83133,32040.0,0.0,-4.73933,0.0,593_C20DisCh.csv,1316
3.82372,0.14814,-10.30554,32100.0,0.0,-4.72988,0.0,593_C20DisCh.csv,1316
3.82439,0.14814,-9.67458,32160.0,0.0,-4.72042,0.0,593_C20DisCh.csv,1316
3.82507,0.15069,-9.25395,32220.0,0.0,-4.71096,0.0,593_C20DisCh.csv,1316
3.82574,0.14814,-9.04363,32280.0,0.0,-4.7015,0.0,593_C20DisCh.csv,1316
3.82675,0.14814,-11.56744,32340.0,0.0,-4.69204,0.0,593_C20DisCh.csv,1316
3.8281,0.14814,-10.93649,32400.0,0.0,-4.68257,0.0,593_C20DisCh.csv,1316
3.82928,0.14814,-10.30554,32460.0,0.0,-4.67309,0.0,593_C20DisCh.csv,1316
3.82995,0.14814,-9.77974,32520.0,0.0,-4.66362,0.0,593_C20DisCh.csv,1316
3.83063,0.14814,-9.25395,32580.0,0.0,-4.65415,0.0,593_C20DisCh.csv,1316
3.8313,0.14814,-9.14879,32640.0,0.0,-4.64467,0.0,593_C20DisCh.csv,1316
3.83248,0.14814,-11.46228,32700.0,0.0,-4.63519,0.0,593_C20DisCh.csv,1316
3.83366,0.14814,-10.83133,32760.0,0.0,-4.62571,0.0,593_C20DisCh.csv,1316
3.83467,0.14814,-10.09522,32820.0,0.0,-4.61624,0.0,593_C20DisCh.csv,1316
3.83552,0.14814,-9.67458,32880.0,0.0,-4.60675,0.0,593_C20DisCh.csv,1316
3.83619,0.14814,-9.14879,32940.0,0.0,-4.59727,0.0,593_C20DisCh.csv,1316
3.8367,0.14814,-9.04363,33000.0,0.0,-4.5878,0.0,593_C20DisCh.csv,1316
3.83788,0.14814,-11.46228,33060.0,0.0,-4.5783,0.0,593_C20DisCh.csv,1316
3.83923,0.15069,-10.83133,33120.0,0.0,-4.5688,0.0,593_C20DisCh.csv,1316
3.84024,0.14814,-10.20038,33180.0,0.0,-4.5593,0.0,593_C20DisCh.csv,1316
3.84108,0.14814,-9.67458,33240.0,0.0,-4.54982,0.0,593_C20DisCh.csv,1316
3.84175,0.15069,-9.35911,33300.0,0.0,-4.54031,0.0,593_C20DisCh.csv,1316
3.84243,0.14814,-9.04363,33360.0,0.0,-4.5308,0.0,593_C20DisCh.csv,1316
3.84361,0.15069,-11.46228,33420.0,0.0,-4.52129,0.0,593_C20DisCh.csv,1316
3.84479,0.14814,-10.93649,33480.0,0.0,-4.51179,0.0,593_C20DisCh.csv,1316
3.8458,0.14814,-10.20038,33540.0,0.0,-4.50228,0.0,593_C20DisCh.csv,1316
3.84664,0.14814,-9.67458,33600.0,0.0,-4.49277,0.0,593_C20DisCh.csv,1316
3.84732,0.14814,-9.25395,33660.0,0.0,-4.48325,0.0,593_C20DisCh.csv,1316
3.84799,0.14814,-9.04363,33720.0,0.0,-4.47373,0.0,593_C20DisCh.csv,1316
3.84917,0.15069,-11.56744,33780.0,0.0,-4.46422,0.0,593_C20DisCh.csv,1316
3.85052,0.14814,-10.83133,33840.0,0.0,-4.4547,0.0,593_C20DisCh.csv,1316
3.85153,0.14814,-10.20038,33900.0,0.0,-4.44517,0.0,593_C20DisCh.csv,1316
3.85237,0.14814,-9.56943,33960.0,0.0,-4.43564,0.0,593_C20DisCh.csv,1316
3.85288,0.15069,-9.25395,34020.0,0.0,-4.42611,0.0,593_C20DisCh.csv,1316
3.85355,0.14814,-9.04363,34080.0,0.0,-4.41656,0.0,593_C20DisCh.csv,1316
3.85473,0.14814,-11.6726,34140.0,0.0,-4.40703,0.0,593_C20DisCh.csv,1316
3.85625,0.14814,-11.04165,34200.0,0.0,-4.39748,0.0,593_C20DisCh.csv,1316
3.85743,0.14814,-10.51585,34260.0,0.0,-4.38794,0.0,593_C20DisCh.csv,1316
3.85827,0.14814,-9.8849,34320.0,0.0,-4.37839,0.0,593_C20DisCh.csv,1316
3.85895,0.15069,-9.46427,34380.0,0.0,-4.36885,0.0,593_C20DisCh.csv,1316
3.85962,0.14814,-9.14879,34440.0,0.0,-4.3593,0.0,593_C20DisCh.csv,1316
3.8603,0.14814,-9.56943,34500.0,0.0,-4.34975,0.0,593_C20DisCh.csv,1316
3.86164,0.15069,-11.46228,34560.0,0.0,-4.3402,0.0,593_C20DisCh.csv,1316
3.86299,0.14814,-10.83133,34620.0,0.0,-4.33062,0.0,593_C20DisCh.csv,1316
3.864,0.14814,-10.41069,34680.0,0.0,-4.32106,0.0,593_C20DisCh.csv,1316
3.86485,0.15069,-9.8849,34740.0,0.0,-4.3115,0.0,593_C20DisCh.csv,1316
3.86569,0.15069,-9.67458,34800.0,0.0,-4.30193,0.0,593_C20DisCh.csv,1316
3.86636,0.14814,-9.25395,34860.0,0.0,-4.29237,0.0,593_C20DisCh.csv,1316
3.86721,0.15069,-10.20038,34920.0,0.0,-4.2828,0.0,593_C20DisCh.csv,1316
3.86856,0.14814,-11.35712,34980.0,0.0,-4.27324,0.0,593_C20DisCh.csv,1316
3.86974,0.14814,-10.62101,35040.0,0.0,-4.26365,0.0,593_C20DisCh.csv,1316
3.87092,0.14814,-10.09522,35100.0,0.0,-4.25407,0.0,593_C20DisCh.csv,1316
3.87159,0.14814,-9.56943,35160.0,0.0,-4.2445,0.0,593_C20DisCh.csv,1316
3.87243,0.14814,-9.25395,35220.0,0.0,-4.23493,0.0,593_C20DisCh.csv,1316
3.87294,0.14814,-9.14879,35280.0,0.0,-4.22535,0.0,593_C20DisCh.csv,1316
3.87412,0.14814,-11.56744,35340.0,0.0,-4.21574,0.0,593_C20DisCh.csv,1316
3.87564,0.14814,-10.93649,35400.0,0.0,-4.20616,0.0,593_C20DisCh.csv,1316
3.87682,0.14814,-10.30554,35460.0,0.0,-4.19656,0.0,593_C20DisCh.csv,1316
3.87766,0.14814,-9.77974,35520.0,0.0,-4.18697,0.0,593_C20DisCh.csv,1316
3.87833,0.14814,-9.35911,35580.0,0.0,-4.17737,0.0,593_C20DisCh.csv,1316
3.87901,0.14814,-9.04363,35640.0,0.0,-4.16778,0.0,593_C20DisCh.csv,1316
3.88002,0.14814,-11.04165,35700.0,0.0,-4.15818,0.0,593_C20DisCh.csv,1316
3.88137,0.14814,-11.25196,35760.0,0.0,-4.14857,0.0,593_C20DisCh.csv,1316
3.88255,0.14814,-10.51585,35820.0,0.0,-4.13897,0.0,593_C20DisCh.csv,1316
3.88356,0.14814,-10.09522,35880.0,0.0,-4.12936,0.0,593_C20DisCh.csv,1316
3.8844,0.14814,-9.67458,35940.0,0.0,-4.11975,0.0,593_C20DisCh.csv,1316
3.88508,0.14814,-9.35911,36000.0,0.0,-4.11015,0.0,593_C20DisCh.csv,1316
3.88575,0.14814,-9.14879,36060.0,0.0,-4.10053,0.0,593_C20DisCh.csv,1316
3.88693,0.14814,-11.35712,36120.0,0.0,-4.09091,0.0,593_C20DisCh.csv,1316
3.88828,0.14814,-10.83133,36180.0,0.0,-4.08131,0.0,593_C20DisCh.csv,1316
3.88929,0.15069,-10.20038,36240.0,0.0,-4.07169,0.0,593_C20DisCh.csv,1316
3.88996,0.14814,-9.77974,36300.0,0.0,-4.06207,0.0,593_C20DisCh.csv,1316
3.89064,0.14814,-9.35911,36360.0,0.0,-4.05244,0.0,593_C20DisCh.csv,1316
3.89131,0.14814,-9.14879,36420.0,0.0,-4.04282,0.0,593_C20DisCh.csv,1316
3.89249,0.15069,-11.46228,36480.0,0.0,-4.03319,0.0,593_C20DisCh.csv,1316
3.89367,0.14814,-10.72617,36540.0,0.0,-4.02355,0.0,593_C20DisCh.csv,1316
3.89451,0.14814,-10.09522,36600.0,0.0,-4.01392,0.0,593_C20DisCh.csv,1316
3.89519,0.14814,-9.46427,36660.0,0.0,-4.00429,0.0,593_C20DisCh.csv,1316
3.89586,0.14814,-9.14879,36720.0,0.0,-3.99464,0.0,593_C20DisCh.csv,1316
3.89637,0.14814,-9.8849,36780.0,0.0,-3.985,0.0,593_C20DisCh.csv,1316
3.89772,0.15069,-11.56744,36840.0,0.0,-3.97534,0.0,593_C20DisCh.csv,1316
3.8989,0.14814,-10.62101,36900.0,0.0,-3.9657,0.0,593_C20DisCh.csv,1316
3.89974,0.15069,-9.8849,36960.0,0.0,-3.95605,0.0,593_C20DisCh.csv,1316
3.90025,0.14814,-9.35911,37020.0,0.0,-3.9464,0.0,593_C20DisCh.csv,1316
3.90075,0.14814,-9.14879,37080.0,0.0,-3.93677,0.0,593_C20DisCh.csv,1316
3.90143,0.14814,-11.1468,37140.0,0.0,-3.92709,0.0,593_C20DisCh.csv,1316
3.90277,0.14814,-11.1468,37200.0,0.0,-3.91743,0.0,593_C20DisCh.csv,1316
3.90379,0.14814,-10.30554,37260.0,0.0,-3.90777,0.0,593_C20DisCh.csv,1316
3.90446,0.14814,-9.77974,37320.0,0.0,-3.89813,0.0,593_C20DisCh.csv,1316
3.90497,0.14814,-9.14879,37380.0,0.0,-3.88846,0.0,593_C20DisCh.csv,1316
3.90547,0.14814,-9.04363,37440.0,0.0,-3.87881,0.0,593_C20DisCh.csv,1316
3.90648,0.14814,-11.46228,37500.0,0.0,-3.86914,0.0,593_C20DisCh.csv,1316
3.90766,0.14814,-10.72617,37560.0,0.0,-3.85948,0.0,593_C20DisCh.csv,1316
3.90851,0.15069,-10.09522,37620.0,0.0,-3.84981,0.0,593_C20DisCh.csv,1316
3.90901,0.14814,-9.46427,37680.0,0.0,-3.84014,0.0,593_C20DisCh.csv,1316
3.90935,0.15069,-9.14879,37740.0,0.0,-3.83046,0.0,593_C20DisCh.csv,1316
3.90985,0.14814,-9.77974,37800.0,0.0,-3.82077,0.0,593_C20DisCh.csv,1316
3.91103,0.14814,-11.35712,37860.0,0.0,-3.81109,0.0,593_C20DisCh.csv,1316
3.91205,0.14814,-10.51585,37920.0,0.0,-3.80142,0.0,593_C20DisCh.csv,1316
3.91289,0.14814,-9.99006,37980.0,0.0,-3.79171,0.0,593_C20DisCh.csv,1316
3.91339,0.14814,-9.35911,38040.0,0.0,-3.78205,0.0,593_C20DisCh.csv,1316
3.91373,0.14814,-8.93848,38100.0,0.0,-3.77234,0.0,593_C20DisCh.csv,1316
3.91424,0.14814,-10.41069,38160.0,0.0,-3.76265,0.0,593_C20DisCh.csv,1316
3.91542,0.14814,-11.35712,38220.0,0.0,-3.75297,0.0,593_C20DisCh.csv,1316
3.91643,0.14814,-10.51585,38280.0,0.0,-3.74328,0.0,593_C20DisCh.csv,1316
3.9171,0.14814,-9.77974,38340.0,0.0,-3.7336,0.0,593_C20DisCh.csv,1316
3.91761,0.14814,-9.35911,38400.0,0.0,-3.72391,0.0,593_C20DisCh.csv,1316
3.91795,0.14814,-9.04363,38460.0,0.0,-3.71421,0.0,593_C20DisCh.csv,1316
3.91862,0.14814,-11.04165,38520.0,0.0,-3.7045,0.0,593_C20DisCh.csv,1316
3.9198,0.14814,-11.04165,38580.0,0.0,-3.69482,0.0,593_C20DisCh.csv,1316
3.92064,0.15069,-10.41069,38640.0,0.0,-3.68513,0.0,593_C20DisCh.csv,1316
3.92132,0.14814,-9.77974,38700.0,0.0,-3.67542,0.0,593_C20DisCh.csv,1316
3.92165,0.14814,-9.35911,38760.0,0.0,-3.66572,0.0,593_C20DisCh.csv,1316
3.92199,0.14814,-9.04363,38820.0,0.0,-3.65602,0.0,593_C20DisCh.csv,1316
3.92283,0.14814,-11.35712,38880.0,0.0,-3.64632,0.0,593_C20DisCh.csv,1316
3.92401,0.14814,-11.04165,38940.0,0.0,-3.63662,0.0,593_C20DisCh.csv,1316
3.92486,0.14814,-10.30554,39000.0,0.0,-3.62692,0.0,593_C20DisCh.csv,1316
3.92553,0.14814,-9.67458,39060.0,0.0,-3.61719,0.0,593_C20DisCh.csv,1316
3.92587,0.14814,-9.35911,39120.0,0.0,-3.60749,0.0,593_C20DisCh.csv,1316
3.9262,0.14814,-9.04363,39180.0,0.0,-3.59778,0.0,593_C20DisCh.csv,1316
3.92688,0.15069,-11.25196,39240.0,0.0,-3.58807,0.0,593_C20DisCh.csv,1316
3.92806,0.15069,-11.25196,39300.0,0.0,-3.57835,0.0,593_C20DisCh.csv,1316
3.92907,0.14814,-10.51585,39360.0,0.0,-3.56861,0.0,593_C20DisCh.csv,1316
3.92958,0.14814,-9.99006,39420.0,0.0,-3.5589,0.0,593_C20DisCh.csv,1316
3.93008,0.14814,-9.56943,39480.0,0.0,-3.54917,0.0,593_C20DisCh.csv,1316
3.93042,0.14814,-9.14879,39540.0,0.0,-3.53945,0.0,593_C20DisCh.csv,1316
3.93076,0.14814,-9.04363,39600.0,0.0,-3.52973,0.0,593_C20DisCh.csv,1316
3.9316,0.14814,-11.35712,39660.0,0.0,-3.52001,0.0,593_C20DisCh.csv,1316
3.93278,0.14814,-10.93649,39720.0,0.0,-3.51025,0.0,593_C20DisCh.csv,1316
3.93362,0.14814,-10.51585,39780.0,0.0,-3.50054,0.0,593_C20DisCh.csv,1316
3.9343,0.14814,-10.09522,39840.0,0.0,-3.4908,0.0,593_C20DisCh.csv,1316
3.9348,0.14814,-9.67458,39900.0,0.0,-3.48105,0.0,593_C20DisCh.csv,1316
3.93514,0.14814,-9.46427,39960.0,0.0,-3.47132,0.0,593_C20DisCh.csv,1316
3.93548,0.14814,-9.46427,40020.0,0.0,-3.46159,0.0,593_C20DisCh.csv,1316
3.93649,0.14814,-11.56744,40080.0,0.0,-3.45186,0.0,593_C20DisCh.csv,1316
3.9375,0.14814,-10.62101,40140.0,0.0,-3.44212,0.0,593_C20DisCh.csv,1316
3.93817,0.14814,-10.09522,40200.0,0.0,-3.43238,0.0,593_C20DisCh.csv,1316
3.93868,0.14814,-9.46427,40260.0,0.0,-3.42264,0.0,593_C20DisCh.csv,1316
3.93902,0.14814,-9.04363,40320.0,0.0,-3.41289,0.0,593_C20DisCh.csv,1316
3.93935,0.14814,-10.41069,40380.0,0.0,-3.40313,0.0,593_C20DisCh.csv,1316
3.9407,0.14814,-11.77776,40440.0,0.0,-3.39339,0.0,593_C20DisCh.csv,1316
3.94171,0.14814,-10.72617,40500.0,0.0,-3.38362,0.0,593_C20DisCh.csv,1316
3.94239,0.14814,-10.09522,40560.0,0.0,-3.37384,0.0,593_C20DisCh.csv,1316
3.94272,0.14814,-9.46427,40620.0,0.0,-3.36409,0.0,593_C20DisCh.csv,1316
3.94306,0.14814,-9.04363,40680.0,0.0,-3.35433,0.0,593_C20DisCh.csv,1316
3.9434,0.14814,-9.35911,40740.0,0.0,-3.34459,0.0,593_C20DisCh.csv,1316
3.94441,0.14814,-11.6726,40800.0,0.0,-3.33485,0.0,593_C20DisCh.csv,1316
3.94559,0.14814,-10.72617,40860.0,0.0,-3.32509,0.0,593_C20DisCh.csv,1316
3.94626,0.14814,-10.20038,40920.0,0.0,-3.31535,0.0,593_C20DisCh.csv,1316
3.94677,0.14814,-9.67458,40980.0,0.0,-3.30558,0.0,593_C20DisCh.csv,1316
3.94711,0.14814,-9.25395,41040.0,0.0,-3.29582,0.0,593_C20DisCh.csv,1316
3.94744,0.14814,-9.04363,41100.0,0.0,-3.28607,0.0,593_C20DisCh.csv,1316
3.94829,0.14814,-11.46228,41160.0,0.0,-3.27628,0.0,593_C20DisCh.csv,1316
3.9493,0.14814,-10.83133,41220.0,0.0,-3.26648,0.0,593_C20DisCh.csv,1316
3.95014,0.14814,-10.20038,41280.0,0.0,-3.25673,0.0,593_C20DisCh.csv,1316
3.95065,0.14814,-9.77974,41340.0,0.0,-3.24691,0.0,593_C20DisCh.csv,1316
3.95115,0.15069,-9.35911,41400.0,0.0,-3.23711,0.0,593_C20DisCh.csv,1316
3.95149,0.14814,-9.04363,41460.0,0.0,-3.22731,0.0,593_C20DisCh.csv,1316
3.95216,0.14814,-11.04165,41520.0,0.0,-3.21754,0.0,593_C20DisCh.csv,1316
3.95318,0.14814,-10.93649,41580.0,0.0,-3.20776,0.0,593_C20DisCh.csv,1316
3.95419,0.14814,-10.41069,41640.0,0.0,-3.19798,0.0,593_C20DisCh.csv,1316
3.95486,0.14814,-9.8849,41700.0,0.0,-3.18821,0.0,593_C20DisCh.csv,1316
3.95537,0.14814,-9.46427,41760.0,0.0,-3.17844,0.0,593_C20DisCh.csv,1316
3.9557,0.14814,-9.14879,41820.0,0.0,-3.16863,0.0,593_C20DisCh.csv,1316
3.95604,0.14814,-9.14879,41880.0,0.0,-3.15884,0.0,593_C20DisCh.csv,1316
3.95705,0.14814,-11.56744,41940.0,0.0,-3.14904,0.0,593_C20DisCh.csv,1316
3.95823,0.14814,-10.93649,42000.0,0.0,-3.13925,0.0,593_C20DisCh.csv,1316
3.95908,0.14814,-10.62101,42060.0,0.0,-3.12945,0.0,593_C20DisCh.csv,1316
3.95975,0.14814,-10.09522,42120.0,0.0,-3.11966,0.0,593_C20DisCh.csv,1316
3.96026,0.14814,-9.77974,42180.0,0.0,-3.10987,0.0,593_C20DisCh.csv,1316
3.96076,0.14814,-9.46427,42240.0,0.0,-3.10006,0.0,593_C20DisCh.csv,1316
3.9611,0.14814,-9.14879,42300.0,0.0,-3.09028,0.0,593_C20DisCh.csv,1316
3.96211,0.14814,-11.56744,42360.0,0.0,-3.08046,0.0,593_C20DisCh.csv,1316
3.96312,0.14814,-10.83133,42420.0,0.0,-3.07067,0.0,593_C20DisCh.csv,1316
3.96396,0.14814,-10.09522,42480.0,0.0,-3.06087,0.0,593_C20DisCh.csv,1316
3.96447,0.15069,-9.46427,42540.0,0.0,-3.05107,0.0,593_C20DisCh.csv,1316
3.96481,0.14814,-9.14879,42600.0,0.0,-3.04126,0.0,593_C20DisCh.csv,1316
3.96514,0.14814,-9.46427,42660.0,0.0,-3.03145,0.0,593_C20DisCh.csv,1316
3.96649,0.14814,-11.6726,42720.0,0.0,-3.02164,0.0,593_C20DisCh.csv,1316
3.9675,0.14814,-10.72617,42780.0,0.0,-3.01183,0.0,593_C20DisCh.csv,1316
3.96835,0.14814,-9.99006,42840.0,0.0,-3.00198,0.0,593_C20DisCh.csv,1316
3.96885,0.14814,-9.35911,42900.0,0.0,-2.99216,0.0,593_C20DisCh.csv,1316
3.96902,0.14814,-8.93848,42960.0,0.0,-2.98234,0.0,593_C20DisCh.csv,1316
3.96969,0.14814,-11.25196,43020.0,0.0,-2.97253,0.0,593_C20DisCh.csv,1316
3.97087,0.15069,-10.93649,43080.0,0.0,-2.96271,0.0,593_C20DisCh.csv,1316
3.97189,0.14814,-10.20038,43140.0,0.0,-2.95288,0.0,593_C20DisCh.csv,1316
3.97239,0.14814,-9.67458,43200.0,0.0,-2.94305,0.0,593_C20DisCh.csv,1316
3.9729,0.14814,-9.25395,43260.0,0.0,-2.93324,0.0,593_C20DisCh.csv,1316
3.9734,0.15069,-9.25395,43320.0,0.0,-2.92341,0.0,593_C20DisCh.csv,1316
3.97441,0.14814,-11.35712,43380.0,0.0,-2.91354,0.0,593_C20DisCh.csv,1316
3.97543,0.14814,-10.62101,43440.0,0.0,-2.90371,0.0,593_C20DisCh.csv,1316
3.97627,0.14814,-9.99006,43500.0,0.0,-2.89388,0.0,593_C20DisCh.csv,1316
3.97677,0.14814,-9.46427,43560.0,0.0,-2.88404,0.0,593_C20DisCh.csv,1316
3.97728,0.14814,-9.14879,43620.0,0.0,-2.8742,0.0,593_C20DisCh.csv,1316
3.97812,0.14814,-11.04165,43680.0,0.0,-2.86434,0.0,593_C20DisCh.csv,1316
3.9793,0.15069,-10.93649,43740.0,0.0,-2.85448,0.0,593_C20DisCh.csv,1316
3.98015,0.14814,-10.20038,43800.0,0.0,-2.84464,0.0,593_C20DisCh.csv,1316
3.98082,0.14814,-9.67458,43860.0,0.0,-2.83478,0.0,593_C20DisCh.csv,1316
3.98133,0.14814,-9.25395,43920.0,0.0,-2.82492,0.0,593_C20DisCh.csv,1316
3.98183,0.14814,-9.25395,43980.0,0.0,-2.81508,0.0,593_C20DisCh.csv,1316
3.98284,0.14814,-11.35712,44040.0,0.0,-2.80522,0.0,593_C20DisCh.csv,1316
3.98402,0.15069,-10.51585,44100.0,0.0,-2.79537,0.0,593_C20DisCh.csv,1316
3.98487,0.15069,-9.99006,44160.0,0.0,-2.78549,0.0,593_C20DisCh.csv,1316
3.98537,0.14814,-9.56943,44220.0,0.0,-2.77563,0.0,593_C20DisCh.csv,1316
3.98605,0.14814,-9.25395,44280.0,0.0,-2.76577,0.0,593_C20DisCh.csv,1316
3.98672,0.14814,-10.09522,44340.0,0.0,-2.7559,0.0,593_C20DisCh.csv,1316
3.9879,0.14814,-11.25196,44400.0,0.0,-2.74604,0.0,593_C20DisCh.csv,1316
3.98891,0.15069,-10.41069,44460.0,0.0,-2.73618,0.0,593_C20DisCh.csv,1316
3.98975,0.14814,-9.8849,44520.0,0.0,-2.72629,0.0,593_C20DisCh.csv,1316
3.99026,0.14814,-9.35911,44580.0,0.0,-2.71644,0.0,593_C20DisCh.csv,1316
3.99077,0.14814,-9.04363,44640.0,0.0,-2.70658,0.0,593_C20DisCh.csv,1316
3.99144,0.14814,-10.51585,44700.0,0.0,-2.69671,0.0,593_C20DisCh.csv,1316
3.99279,0.14814,-11.6726,44760.0,0.0,-2.68683,0.0,593_C20DisCh.csv,1316
3.99414,0.14814,-10.83133,44820.0,0.0,-2.67695,0.0,593_C20DisCh.csv,1316
3.99498,0.14814,-10.20038,44880.0,0.0,-2.66703,0.0,593_C20DisCh.csv,1316
3.99565,0.14814,-9.56943,44940.0,0.0,-2.65713,0.0,593_C20DisCh.csv,1316
3.99616,0.14814,-9.14879,45000.0,0.0,-2.64725,0.0,593_C20DisCh.csv,1316
3.99666,0.14814,-8.93848,45060.0,0.0,-2.63737,0.0,593_C20DisCh.csv,1316
3.99751,0.14814,-10.93649,45120.0,0.0,-2.62749,0.0,593_C20DisCh.csv,1316
3.99886,0.15069,-11.04165,45180.0,0.0,-2.61761,0.0,593_C20DisCh.csv,1316
3.99987,0.14814,-10.51585,45240.0,0.0,-2.6077,0.0,593_C20DisCh.csv,1316
4.00088,0.14814,-10.09522,45300.0,0.0,-2.59781,0.0,593_C20DisCh.csv,1316
4.00155,0.15069,-9.77974,45360.0,0.0,-2.58792,0.0,593_C20DisCh.csv,1316
4.00223,0.14814,-9.46427,45420.0,0.0,-2.578,0.0,593_C20DisCh.csv,1316
4.00273,0.14814,-9.14879,45480.0,0.0,-2.56811,0.0,593_C20DisCh.csv,1316
4.00374,0.15069,-11.46228,45540.0,0.0,-2.5582,0.0,593_C20DisCh.csv,1316
4.00492,0.15069,-10.83133,45600.0,0.0,-2.54829,0.0,593_C20DisCh.csv,1316
4.00594,0.14814,-10.20038,45660.0,0.0,-2.53839,0.0,593_C20DisCh.csv,1316
4.00678,0.14814,-9.67458,45720.0,0.0,-2.52848,0.0,593_C20DisCh.csv,1316
4.00745,0.14814,-9.25395,45780.0,0.0,-2.51856,0.0,593_C20DisCh.csv,1316
4.00796,0.14814,-9.25395,45840.0,0.0,-2.50866,0.0,593_C20DisCh.csv,1316
4.00914,0.14814,-11.46228,45900.0,0.0,-2.49876,0.0,593_C20DisCh.csv,1316
4.01032,0.14814,-10.62101,45960.0,0.0,-2.48884,0.0,593_C20DisCh.csv,1316
4.01133,0.14814,-10.09522,46020.0,0.0,-2.47893,0.0,593_C20DisCh.csv,1316
4.01217,0.15069,-9.46427,46080.0,0.0,-2.469,0.0,593_C20DisCh.csv,1316
4.01268,0.14814,-9.14879,46140.0,0.0,-2.45909,0.0,593_C20DisCh.csv,1316
4.01335,0.14814,-10.30554,46200.0,0.0,-2.44918,0.0,593_C20DisCh.csv,1316
4.0147,0.14814,-11.77776,46260.0,0.0,-2.43926,0.0,593_C20DisCh.csv,1316
4.01605,0.15069,-10.83133,46320.0,0.0,-2.42934,0.0,593_C20DisCh.csv,1316
4.01706,0.15069,-10.20038,46380.0,0.0,-2.4194,0.0,593_C20DisCh.csv,1316
4.01774,0.15069,-9.67458,46440.0,0.0,-2.40945,0.0,593_C20DisCh.csv,1316
4.01824,0.15069,-9.25395,46500.0,0.0,-2.3995,0.0,593_C20DisCh.csv,1316
4.01875,0.15069,-8.93848,46560.0,0.0,-2.38954,0.0,593_C20DisCh.csv,1316
4.01993,0.15069,-11.35712,46620.0,0.0,-2.37956,0.0,593_C20DisCh.csv,1316
4.02128,0.14814,-11.25196,46680.0,0.0,-2.36961,0.0,593_C20DisCh.csv,1316
4.02246,0.15069,-10.62101,46740.0,0.0,-2.35965,0.0,593_C20DisCh.csv,1316
4.0233,0.14814,-10.20038,46800.0,0.0,-2.34967,0.0,593_C20DisCh.csv,1316
4.02414,0.14814,-9.77974,46860.0,0.0,-2.33971,0.0,593_C20DisCh.csv,1316
4.02498,0.15069,-9.35911,46920.0,0.0,-2.32976,0.0,593_C20DisCh.csv,1316
4.02549,0.14814,-9.14879,46980.0,0.0,-2.31975,0.0,593_C20DisCh.csv,1316
4.0265,0.14814,-11.1468,47040.0,0.0,-2.30978,0.0,593_C20DisCh.csv,1316
4.02785,0.14814,-11.35712,47100.0,0.0,-2.2998,0.0,593_C20DisCh.csv,1316
4.02903,0.15069,-10.62101,47160.0,0.0,-2.28983,0.0,593_C20DisCh.csv,1316
4.03004,0.14814,-9.8849,47220.0,0.0,-2.27986,0.0,593_C20DisCh.csv,1316
4.03072,0.14814,-9.46427,47280.0,0.0,-2.2699,0.0,593_C20DisCh.csv,1316
4.03122,0.14814,-9.04363,47340.0,0.0,-2.25995,0.0,593_C20DisCh.csv,1316
4.03173,0.14814,-9.8849,47400.0,0.0,-2.24998,0.0,593_C20DisCh.csv,1316
4.03324,0.14814,-11.56744,47460.0,0.0,-2.23999,0.0,593_C20DisCh.csv,1316
4.03442,0.14814,-10.72617,47520.0,0.0,-2.23002,0.0,593_C20DisCh.csv,1316
4.0356,0.14814,-10.30554,47580.0,0.0,-2.22004,0.0,593_C20DisCh.csv,1316
4.03628,0.14814,-9.77974,47640.0,0.0,-2.21004,0.0,593_C20DisCh.csv,1316
4.03695,0.14814,-9.35911,47700.0,0.0,-2.20003,0.0,593_C20DisCh.csv,1316
4.03763,0.14814,-9.04363,47760.0,0.0,-2.19004,0.0,593_C20DisCh.csv,1316
4.03864,0.14814,-11.1468,47820.0,0.0,-2.18002,0.0,593_C20DisCh.csv,1316
4.03999,0.14814,-10.83133,47880.0,0.0,-2.17,0.0,593_C20DisCh.csv,1316
4.041,0.14814,-10.30554,47940.0,0.0,-2.16001,0.0,593_C20DisCh.csv,1316
4.04184,0.14814,-9.77974,48000.0,0.0,-2.15001,0.0,593_C20DisCh.csv,1316
4.04251,0.15069,-9.25395,48060.0,0.0,-2.14001,0.0,593_C20DisCh.csv,1316
4.04319,0.14814,-9.04363,48120.0,0.0,-2.12999,0.0,593_C20DisCh.csv,1316
4.0442,0.14814,-11.35712,48180.0,0.0,-2.12,0.0,593_C20DisCh.csv,1316
4.04555,0.14814,-11.04165,48240.0,0.0,-2.10996,0.0,593_C20DisCh.csv,1316
4.04673,0.14814,-10.30554,48300.0,0.0,-2.09994,0.0,593_C20DisCh.csv,1316
4.04757,0.14814,-9.67458,48360.0,0.0,-2.08994,0.0,593_C20DisCh.csv,1316
4.04825,0.15069,-9.25395,48420.0,0.0,-2.0799,0.0,593_C20DisCh.csv,1316
4.04875,0.14814,-8.83332,48480.0,0.0,-2.06988,0.0,593_C20DisCh.csv,1316
4.04976,0.14814,-11.1468,48540.0,0.0,-2.05986,0.0,593_C20DisCh.csv,1316
4.05111,0.14814,-11.04165,48600.0,0.0,-2.04986,0.0,593_C20DisCh.csv,1316
4.05229,0.14814,-10.30554,48660.0,0.0,-2.03983,0.0,593_C20DisCh.csv,1316
4.05313,0.14814,-9.8849,48720.0,0.0,-2.02978,0.0,593_C20DisCh.csv,1316
4.05398,0.15069,-9.35911,48780.0,0.0,-2.01974,0.0,593_C20DisCh.csv,1316
4.05448,0.14814,-9.14879,48840.0,0.0,-2.00969,0.0,593_C20DisCh.csv,1316
4.05533,0.15069,-10.62101,48900.0,0.0,-1.99965,0.0,593_C20DisCh.csv,1316
4.05667,0.14814,-11.04165,48960.0,0.0,-1.98962,0.0,593_C20DisCh.csv,1316
4.05785,0.14814,-10.51585,49020.0,0.0,-1.97959,0.0,593_C20DisCh.csv,1316
4.0587,0.15069,-9.8849,49080.0,0.0,-1.96956,0.0,593_C20DisCh.csv,1316
4.05954,0.14814,-9.46427,49140.0,0.0,-1.9595,0.0,593_C20DisCh.csv,1316
4.06005,0.14814,-9.14879,49200.0,0.0,-1.94944,0.0,593_C20DisCh.csv,1316
4.06072,0.14814,-9.99006,49260.0,0.0,-1.9394,0.0,593_C20DisCh.csv,1316
4.06207,0.14814,-11.35712,49320.0,0.0,-1.92935,0.0,593_C20DisCh.csv,1316
4.06325,0.14814,-10.41069,49380.0,0.0,-1.9193,0.0,593_C20DisCh.csv,1316
4.06426,0.15069,-9.99006,49440.0,0.0,-1.90925,0.0,593_C20DisCh.csv,1316
4.0651,0.14814,-9.46427,49500.0,0.0,-1.89919,0.0,593_C20DisCh.csv,1316
4.06561,0.14814,-9.14879,49560.0,0.0,-1.88914,0.0,593_C20DisCh.csv,1316
4.06628,0.14814,-9.25395,49620.0,0.0,-1.87908,0.0,593_C20DisCh.csv,1316
4.06746,0.14814,-11.46228,49680.0,0.0,-1.86904,0.0,593_C20DisCh.csv,1316
4.06881,0.14814,-10.72617,49740.0,0.0,-1.85899,0.0,593_C20DisCh.csv,1316
4.06982,0.14814,-10.20038,49800.0,0.0,-1.84889,0.0,593_C20DisCh.csv,1316
4.0705,0.14814,-9.67458,49860.0,0.0,-1.83876,0.0,593_C20DisCh.csv,1316
4.07117,0.14814,-9.35911,49920.0,0.0,-1.82871,0.0,593_C20DisCh.csv,1316
4.07168,0.14814,-9.04363,49980.0,0.0,-1.81864,0.0,593_C20DisCh.csv,1316
4.07269,0.15069,-11.04165,50040.0,0.0,-1.80857,0.0,593_C20DisCh.csv,1316
4.07404,0.14814,-10.93649,50100.0,0.0,-1.79849,0.0,593_C20DisCh.csv,1316
4.07505,0.14814,-10.41069,50160.0,0.0,-1.78841,0.0,593_C20DisCh.csv,1316
4.07606,0.14814,-9.99006,50220.0,0.0,-1.77835,0.0,593_C20DisCh.csv,1316
4.07656,0.14814,-9.56943,50280.0,0.0,-1.76826,0.0,593_C20DisCh.csv,1316
4.07724,0.14814,-9.14879,50340.0,0.0,-1.75817,0.0,593_C20DisCh.csv,1316
4.07774,0.14814,-9.67458,50400.0,0.0,-1.74809,0.0,593_C20DisCh.csv,1316
4.07909,0.14814,-11.25196,50460.0,0.0,-1.73801,0.0,593_C20DisCh.csv,1316
4.08027,0.14814,-10.62101,50520.0,0.0,-1.7279,0.0,593_C20DisCh.csv,1316
4.08112,0.14814,-10.09522,50580.0,0.0,-1.71777,0.0,593_C20DisCh.csv,1316
4.08196,0.14814,-9.56943,50640.0,0.0,-1.70766,0.0,593_C20DisCh.csv,1316
4.08246,0.15069,-9.35911,50700.0,0.0,-1.69755,0.0,593_C20DisCh.csv,1316
4.08297,0.14814,-9.04363,50760.0,0.0,-1.68747,0.0,593_C20DisCh.csv,1316
4.08398,0.14814,-11.25196,50820.0,0.0,-1.67737,0.0,593_C20DisCh.csv,1316
4.08516,0.14814,-10.72617,50880.0,0.0,-1.66726,0.0,593_C20DisCh.csv,1316
4.08617,0.14814,-10.30554,50940.0,0.0,-1.65714,0.0,593_C20DisCh.csv,1316
4.08702,0.14814,-9.99006,51000.0,0.0,-1.64704,0.0,593_C20DisCh.csv,1316
4.08769,0.14814,-9.56943,51060.0,0.0,-1.63693,0.0,593_C20DisCh.csv,1316
4.0882,0.14814,-9.25395,51120.0,0.0,-1.62682,0.0,593_C20DisCh.csv,1316
4.08887,0.14814,-10.62101,51180.0,0.0,-1.6167,0.0,593_C20DisCh.csv,1316
4.09005,0.14814,-10.83133,51240.0,0.0,-1.60659,0.0,593_C20DisCh.csv,1316
4.09106,0.14814,-10.20038,51300.0,0.0,-1.59649,0.0,593_C20DisCh.csv,1316
4.09174,0.14814,-9.67458,51360.0,0.0,-1.58639,0.0,593_C20DisCh.csv,1316
4.09224,0.14814,-9.25395,51420.0,0.0,-1.57626,0.0,593_C20DisCh.csv,1316
4.09275,0.14814,-8.93848,51480.0,0.0,-1.56615,0.0,593_C20DisCh.csv,1316
4.09393,0.14814,-11.56744,51540.0,0.0,-1.55602,0.0,593_C20DisCh.csv,1316
4.09494,0.14814,-10.83133,51600.0,0.0,-1.54589,0.0,593_C20DisCh.csv,1316
4.09578,0.14814,-10.09522,51660.0,0.0,-1.53575,0.0,593_C20DisCh.csv,1316
4.09629,0.14814,-9.35911,51720.0,0.0,-1.52562,0.0,593_C20DisCh.csv,1316
4.09662,0.14814,-9.14879,51780.0,0.0,-1.51548,0.0,593_C20DisCh.csv,1316
4.09747,0.14814,-11.04165,51840.0,0.0,-1.50537,0.0,593_C20DisCh.csv,1316
4.09865,0.14814,-10.83133,51900.0,0.0,-1.49522,0.0,593_C20DisCh.csv,1316
4.09949,0.14814,-10.20038,51960.0,0.0,-1.48509,0.0,593_C20DisCh.csv,1316
4.1,0.14814,-9.67458,52020.0,0.0,-1.47495,0.0,593_C20DisCh.csv,1316
4.10033,0.15069,-9.14879,52080.0,0.0,-1.46481,0.0,593_C20DisCh.csv,1316
4.10084,0.14814,-9.99006,52140.0,0.0,-1.45468,0.0,593_C20DisCh.csv,1316
4.10202,0.14814,-11.56744,52200.0,0.0,-1.44453,0.0,593_C20DisCh.csv,1316
4.10303,0.14814,-10.62101,52260.0,0.0,-1.43439,0.0,593_C20DisCh.csv,1316
4.1037,0.14814,-9.99006,52320.0,0.0,-1.42425,0.0,593_C20DisCh.csv,1316
4.10404,0.14814,-9.46427,52380.0,0.0,-1.41408,0.0,593_C20DisCh.csv,1316
4.10438,0.14814,-9.04363,52440.0,0.0,-1.40394,0.0,593_C20DisCh.csv,1316
4.10455,0.14814,-9.14879,52500.0,0.0,-1.39376,0.0,593_C20DisCh.csv,1316
4.10556,0.14814,-11.46228,52560.0,0.0,-1.3836,0.0,593_C20DisCh.csv,1316
4.10657,0.14814,-10.83133,52620.0,0.0,-1.37344,0.0,593_C20DisCh.csv,1316
4.10741,0.14814,-10.41069,52680.0,0.0,-1.36328,0.0,593_C20DisCh.csv,1316
4.10792,0.14814,-9.99006,52740.0,0.0,-1.35312,0.0,593_C20DisCh.csv,1316
4.10825,0.14814,-9.56943,52800.0,0.0,-1.34297,0.0,593_C20DisCh.csv,1316
4.10859,0.14814,-9.35911,52860.0,0.0,-1.3328,0.0,593_C20DisCh.csv,1316
4.10893,0.14814,-9.46427,52920.0,0.0,-1.32264,0.0,593_C20DisCh.csv,1316
4.10977,0.14814,-11.25196,52980.0,0.0,-1.31247,0.0,593_C20DisCh.csv,1316
4.11061,0.14814,-10.62101,53040.0,0.0,-1.30231,0.0,593_C20DisCh.csv,1316
4.11112,0.14814,-9.99006,53100.0,0.0,-1.29211,0.0,593_C20DisCh.csv,1316
4.11146,0.14814,-9.56943,53160.0,0.0,-1.28194,0.0,593_C20DisCh.csv,1316
4.11163,0.14814,-9.25395,53220.0,0.0,-1.27176,0.0,593_C20DisCh.csv,1316
4.11179,0.15069,-9.56943,53280.0,0.0,-1.26159,0.0,593_C20DisCh.csv,1316
4.11281,0.14814,-11.56744,53340.0,0.0,-1.25141,0.0,593_C20DisCh.csv,1316
4.11365,0.14814,-10.72617,53400.0,0.0,-1.24125,0.0,593_C20DisCh.csv,1316
4.11415,0.14814,-9.99006,53460.0,0.0,-1.23106,0.0,593_C20DisCh.csv,1316
4.11432,0.15069,-9.46427,53520.0,0.0,-1.22086,0.0,593_C20DisCh.csv,1316
4.11432,0.14814,-9.14879,53580.0,0.0,-1.21069,0.0,593_C20DisCh.csv,1316
4.11466,0.14814,-10.20038,53640.0,0.0,-1.20052,0.0,593_C20DisCh.csv,1316
4.11567,0.14814,-11.35712,53700.0,0.0,-1.19033,0.0,593_C20DisCh.csv,1316
4.11635,0.14814,-10.51585,53760.0,0.0,-1.18015,0.0,593_C20DisCh.csv,1316
4.11668,0.14814,-9.77974,53820.0,0.0,-1.16997,0.0,593_C20DisCh.csv,1316
4.11668,0.14814,-9.25395,53880.0,0.0,-1.15978,0.0,593_C20DisCh.csv,1316
4.11668,0.14814,-8.93848,53940.0,0.0,-1.1496,0.0,593_C20DisCh.csv,1316
4.11702,0.14814,-10.83133,54000.0,0.0,-1.13944,0.0,593_C20DisCh.csv,1316
4.11803,0.14814,-11.04165,54060.0,0.0,-1.12924,0.0,593_C20DisCh.csv,1316
4.11871,0.14814,-10.41069,54120.0,0.0,-1.11906,0.0,593_C20DisCh.csv,1316
4.11904,0.14814,-9.8849,54180.0,0.0,-1.10889,0.0,593_C20DisCh.csv,1316
4.11904,0.14814,-9.46427,54240.0,0.0,-1.09871,0.0,593_C20DisCh.csv,1316
4.11904,0.14814,-9.14879,54300.0,0.0,-1.0885,0.0,593_C20DisCh.csv,1316
4.11921,0.14814,-10.20038,54360.0,0.0,-1.07832,0.0,593_C20DisCh.csv,1316
4.12005,0.14814,-11.04165,54420.0,0.0,-1.06813,0.0,593_C20DisCh.csv,1316
4.12073,0.14814,-10.41069,54480.0,0.0,-1.05794,0.0,593_C20DisCh.csv,1316
4.12123,0.14814,-9.99006,54540.0,0.0,-1.04774,0.0,593_C20DisCh.csv,1316
4.1214,0.14814,-9.56943,54600.0,0.0,-1.03756,0.0,593_C20DisCh.csv,1316
4.1214,0.14814,-9.35911,54660.0,0.0,-1.02736,0.0,593_C20DisCh.csv,1316
4.1214,0.14814,-9.04363,54720.0,0.0,-1.01715,0.0,593_C20DisCh.csv,1316
4.12208,0.14814,-11.25196,54780.0,0.0,-1.00697,0.0,593_C20DisCh.csv,1316
4.12292,0.14814,-10.83133,54840.0,0.0,-0.99677,0.0,593_C20DisCh.csv,1316
4.12343,0.14814,-10.20038,54900.0,0.0,-0.98658,0.0,593_C20DisCh.csv,1316
4.12359,0.14814,-9.77974,54960.0,0.0,-0.97639,0.0,593_C20DisCh.csv,1316
4.12376,0.14814,-9.46427,55020.0,0.0,-0.96619,0.0,593_C20DisCh.csv,1316
4.12376,0.14814,-9.14879,55080.0,0.0,-0.95599,0.0,593_C20DisCh.csv,1316
4.12393,0.14814,-10.20038,55140.0,0.0,-0.94579,0.0,593_C20DisCh.csv,1316
4.12477,0.15069,-11.25196,55200.0,0.0,-0.93559,0.0,593_C20DisCh.csv,1316
4.12545,0.14814,-10.62101,55260.0,0.0,-0.92538,0.0,593_C20DisCh.csv,1316
4.12595,0.14814,-9.99006,55320.0,0.0,-0.91519,0.0,593_C20DisCh.csv,1316
4.12612,0.14814,-9.56943,55380.0,0.0,-0.90496,0.0,593_C20DisCh.csv,1316
4.12612,0.14814,-9.25395,55440.0,0.0,-0.89474,0.0,593_C20DisCh.csv,1316
4.12612,0.14814,-9.04363,55500.0,0.0,-0.88454,0.0,593_C20DisCh.csv,1316
4.1268,0.14814,-11.25196,55560.0,0.0,-0.87435,0.0,593_C20DisCh.csv,1316
4.12764,0.15069,-10.83133,55620.0,0.0,-0.86414,0.0,593_C20DisCh.csv,1316
4.12815,0.14814,-10.30554,55680.0,0.0,-0.85394,0.0,593_C20DisCh.csv,1316
4.12865,0.14814,-9.8849,55740.0,0.0,-0.84373,0.0,593_C20DisCh.csv,1316
4.12865,0.14814,-9.46427,55800.0,0.0,-0.8335,0.0,593_C20DisCh.csv,1316
4.12865,0.14814,-9.14879,55860.0,0.0,-0.82331,0.0,593_C20DisCh.csv,1316
4.12882,0.14814,-10.83133,55920.0,0.0,-0.81309,0.0,593_C20DisCh.csv,1316
4.12983,0.14814,-11.25196,55980.0,0.0,-0.80288,0.0,593_C20DisCh.csv,1316
4.13067,0.15069,-10.51585,56040.0,0.0,-0.79265,0.0,593_C20DisCh.csv,1316
4.13084,0.14814,-9.8849,56100.0,0.0,-0.78242,0.0,593_C20DisCh.csv,1316
4.13101,0.15069,-9.46427,56160.0,0.0,-0.7722,0.0,593_C20DisCh.csv,1316
4.13101,0.14814,-9.14879,56220.0,0.0,-0.76197,0.0,593_C20DisCh.csv,1316
4.13118,0.14814,-10.62101,56280.0,0.0,-0.75175,0.0,593_C20DisCh.csv,1316
4.13236,0.14814,-11.25196,56340.0,0.0,-0.74153,0.0,593_C20DisCh.csv,1316
4.13303,0.14814,-10.41069,56400.0,0.0,-0.73131,0.0,593_C20DisCh.csv,1316
4.13337,0.14814,-9.8849,56460.0,0.0,-0.72104,0.0,593_C20DisCh.csv,1316
4.13337,0.14814,-9.46427,56520.0,0.0,-0.71083,0.0,593_C20DisCh.csv,1316
4.13337,0.14814,-9.04363,56580.0,0.0,-0.7006,0.0,593_C20DisCh.csv,1316
4.13354,0.14814,-10.83133,56640.0,0.0,-0.69035,0.0,593_C20DisCh.csv,1316
4.13472,0.14814,-11.1468,56700.0,0.0,-0.68009,0.0,593_C20DisCh.csv,1316
4.13556,0.14814,-10.30554,56760.0,0.0,-0.66988,0.0,593_C20DisCh.csv,1316
4.13573,0.14814,-9.77974,56820.0,0.0,-0.65965,0.0,593_C20DisCh.csv,1316
4.1359,0.14814,-9.25395,56880.0,0.0,-0.64944,0.0,593_C20DisCh.csv,1316
4.13573,0.14814,-8.93848,56940.0,0.0,-0.63922,0.0,593_C20DisCh.csv,1316
4.13624,0.14814,-11.04165,57000.0,0.0,-0.62898,0.0,593_C20DisCh.csv,1316
4.13742,0.14814,-11.04165,57060.0,0.0,-0.61874,0.0,593_C20DisCh.csv,1316
4.13809,0.14814,-10.41069,57120.0,0.0,-0.60851,0.0,593_C20DisCh.csv,1316
4.13843,0.15069,-9.77974,57180.0,0.0,-0.59827,0.0,593_C20DisCh.csv,1316
4.1386,0.14814,-9.35911,57240.0,0.0,-0.58804,0.0,593_C20DisCh.csv,1316
4.1386,0.14814,-8.93848,57300.0,0.0,-0.57781,0.0,593_C20DisCh.csv,1316
4.13893,0.14814,-10.72617,57360.0,0.0,-0.56757,0.0,593_C20DisCh.csv,1316
4.14011,0.14814,-11.04165,57420.0,0.0,-0.55733,0.0,593_C20DisCh.csv,1316
4.14096,0.15069,-10.30554,57480.0,0.0,-0.54708,0.0,593_C20DisCh.csv,1316
4.14129,0.14814,-9.77974,57540.0,0.0,-0.53684,0.0,593_C20DisCh.csv,1316
4.14163,0.14814,-9.46427,57600.0,0.0,-0.52659,0.0,593_C20DisCh.csv,1316
4.14163,0.14814,-9.14879,57660.0,0.0,-0.51635,0.0,593_C20DisCh.csv,1316
4.1418,0.14814,-10.09522,57720.0,0.0,-0.50611,0.0,593_C20DisCh.csv,1316
4.14298,0.14814,-11.25196,57780.0,0.0,-0.49585,0.0,593_C20DisCh.csv,1316
4.14399,0.15069,-10.51585,57840.0,0.0,-0.48559,0.0,593_C20DisCh.csv,1316
4.1445,0.14814,-10.09522,57900.0,0.0,-0.47534,0.0,593_C20DisCh.csv,1316
4.14483,0.14814,-9.67458,57960.0,0.0,-0.46511,0.0,593_C20DisCh.csv,1316
4.145,0.14814,-9.35911,58020.0,0.0,-0.45486,0.0,593_C20DisCh.csv,1316
4.145,0.14814,-9.04363,58080.0,0.0,-0.4446,0.0,593_C20DisCh.csv,1316
4.14601,0.14814,-11.1468,58140.0,0.0,-0.43435,0.0,593_C20DisCh.csv,1316
4.14719,0.15069,-10.83133,58200.0,0.0,-0.4241,0.0,593_C20DisCh.csv,1316
4.14804,0.14814,-10.20038,58260.0,0.0,-0.41383,0.0,593_C20DisCh.csv,1316
4.14854,0.15069,-9.8849,58320.0,0.0,-0.40355,0.0,593_C20DisCh.csv,1316
4.14871,0.15069,-9.56943,58380.0,0.0,-0.3933,0.0,593_C20DisCh.csv,1316
4.14888,0.14814,-9.14879,58440.0,0.0,-0.38304,0.0,593_C20DisCh.csv,1316
4.14938,0.15069,-9.99006,58500.0,0.0,-0.37277,0.0,593_C20DisCh.csv,1316
4.15073,0.14814,-11.1468,58560.0,0.0,-0.36252,0.0,593_C20DisCh.csv,1316
4.15174,0.14814,-10.51585,58620.0,0.0,-0.35226,0.0,593_C20DisCh.csv,1316
4.15242,0.14814,-10.09522,58680.0,0.0,-0.34199,0.0,593_C20DisCh.csv,1316
4.15276,0.15069,-9.67458,58740.0,0.0,-0.33173,0.0,593_C20DisCh.csv,1316
4.15309,0.14814,-9.25395,58800.0,0.0,-0.32145,0.0,593_C20DisCh.csv,1316
4.15326,0.14814,-9.04363,58860.0,0.0,-0.31118,0.0,593_C20DisCh.csv,1316
4.15427,0.14814,-11.04165,58920.0,0.0,-0.30091,0.0,593_C20DisCh.csv,1316
4.15562,0.14814,-10.83133,58980.0,0.0,-0.29063,0.0,593_C20DisCh.csv,1316
4.15663,0.14814,-10.30554,59040.0,0.0,-0.28036,0.0,593_C20DisCh.csv,1316
4.15714,0.14814,-9.77974,59100.0,0.0,-0.27008,0.0,593_C20DisCh.csv,1316
4.15764,0.14814,-9.46427,59160.0,0.0,-0.2598,0.0,593_C20DisCh.csv,1316
4.15781,0.14814,-9.14879,59220.0,0.0,-0.24953,0.0,593_C20DisCh.csv,1316
4.15832,0.14814,-9.99006,59280.0,0.0,-0.23925,0.0,593_C20DisCh.csv,1316
4.15984,0.14814,-11.25196,59340.0,0.0,-0.22897,0.0,593_C20DisCh.csv,1316
4.16118,0.14814,-10.51585,59400.0,0.0,-0.2187,0.0,593_C20DisCh.csv,1316
4.16203,0.14814,-10.20038,59460.0,0.0,-0.20841,0.0,593_C20DisCh.csv,1316
4.1627,0.14814,-9.77974,59520.0,0.0,-0.1981,0.0,593_C20DisCh.csv,1316
4.16304,0.14814,-9.35911,59580.0,0.0,-0.18782,0.0,593_C20DisCh.csv,1316
4.16338,0.15069,-9.04363,59640.0,0.0,-0.17751,0.0,593_C20DisCh.csv,1316
4.16456,0.15069,-11.04165,59700.0,0.0,-0.16719,0.0,593_C20DisCh.csv,1316
4.16607,0.14814,-10.93649,59760.0,0.0,-0.15689,0.0,593_C20DisCh.csv,1316
4.16725,0.14814,-10.30554,59820.0,0.0,-0.14656,0.0,593_C20DisCh.csv,1316
4.1681,0.14814,-9.8849,59880.0,0.0,-0.13626,0.0,593_C20DisCh.csv,1316
4.1686,0.15069,-9.46427,59940.0,0.0,-0.12589,0.0,593_C20DisCh.csv,1316
4.16911,0.14814,-9.14879,60000.0,0.0,-0.11558,0.0,593_C20DisCh.csv,1316
4.16944,0.14814,-9.67458,60060.0,0.0,-0.10525,0.0,593_C20DisCh.csv,1316
4.17147,0.14814,-11.25196,60120.0,0.0,-0.09494,0.0,593_C20DisCh.csv,1316
4.17298,0.14814,-10.62101,60180.0,0.0,-0.08464,0.0,593_C20DisCh.csv,1316
4.17416,0.14814,-10.20038,60240.0,0.0,-0.07434,0.0,593_C20DisCh.csv,1316
4.17484,0.14814,-9.67458,60300.0,0.0,-0.064,0.0,593_C20DisCh.csv,1316
4.17551,0.14814,-9.35911,60360.0,0.0,-0.05368,0.0,593_C20DisCh.csv,1316
4.17585,0.14814,-9.04363,60420.0,0.0,-0.04334,0.0,593_C20DisCh.csv,1316
4.17737,0.14814,-11.04165,60480.0,0.0,-0.03301,0.0,593_C20DisCh.csv,1316
4.17939,0.14814,-10.93649,60540.0,0.0,-0.02264,0.0,593_C20DisCh.csv,1316
4.18091,0.14814,-10.30554,60600.0,0.0,-0.01232,0.0,593_C20DisCh.csv,1316
4.18192,0.14814,-9.77974,60660.0,0.0,-0.002,0.0,593_C20DisCh.csv,1316
4.18259,0.14814,-9.35911,60720.0,0.0,0.00833,0.0,593_C20DisCh.csv,1316
4.18327,0.14814,-9.14879,60780.0,0.0,0.01867,0.0,593_C20DisCh.csv,1316
4.18411,0.15069,-10.41069,60840.0,0.0,0.02901,0.0,593_C20DisCh.csv,1316
4.18647,0.14814,-11.35712,60900.0,0.0,0.03937,0.0,593_C20DisCh.csv,1316
4.18849,0.14814,-10.62101,60960.0,0.0,0.04973,0.0,593_C20DisCh.csv,1316
4.19001,0.14814,-10.20038,61020.0,0.0,0.06012,0.0,593_C20DisCh.csv,1316
4.19102,0.14814,-9.77974,61080.0,0.0,0.07048,0.0,593_C20DisCh.csv,1316
4.19186,0.15069,-9.46427,61140.0,0.0,0.08087,0.0,593_C20DisCh.csv,1316
4.19254,0.14814,-9.14879,61200.0,0.0,0.09123,0.0,593_C20DisCh.csv,1316
4.19439,0.14814,-11.25196,61260.0,0.0,0.1016,0.0,593_C20DisCh.csv,1316
4.19675,0.14814,-10.72617,61320.0,0.0,0.11196,0.0,593_C20DisCh.csv,1316
4.19861,0.14814,-10.20038,61380.0,0.0,0.12233,0.0,593_C20DisCh.csv,1316
4.19962,0.14814,-9.67458,61440.0,0.0,0.13272,0.0,593_C20DisCh.csv,1316
4.19979,0.14558,-9.14879,61500.0,0.0,0.14308,0.0,593_C20DisCh.csv,1316
4.19995,0.14303,-9.35911,61560.0,0.0,0.15325,0.0,593_C20DisCh.csv,1316
4.19979,0.13281,-11.56744,61620.0,0.0,0.16286,0.0,593_C20DisCh.csv,1316
4.19979,0.12515,-10.62101,61680.0,0.0,0.17183,0.0,593_C20DisCh.csv,1316
4.19979,0.1226,-9.77974,61740.0,0.0,0.18047,0.0,593_C20DisCh.csv,1316
4.19979,0.1226,-9.25395,61800.0,0.0,0.18905,0.0,593_C20DisCh.csv,1316
4.19979,0.1226,-8.83332,61860.0,0.0,0.19764,0.0,593_C20DisCh.csv,1316
4.19979,0.11494,-11.35712,61920.0,0.0,0.20606,0.0,593_C20DisCh.csv,1316
4.19979,0.10727,-11.35712,61980.0,0.0,0.21392,0.0,593_C20DisCh.csv,1316
4.19979,0.10472,-10.51585,62040.0,0.0,0.22135,0.0,593_C20DisCh.csv,1316
4.19979,0.10472,-9.8849,62100.0,0.0,0.22867,0.0,593_C20DisCh.csv,1316
4.19979,0.10216,-9.56943,62160.0,0.0,0.23584,0.0,593_C20DisCh.csv,1316
4.19979,0.10216,-9.14879,62220.0,0.0,0.24299,0.0,593_C20DisCh.csv,1316
4.19979,0.10216,-9.25395,62280.0,0.0,0.25015,0.7876082961407193,593_C20DisCh.csv,1316
4.19979,0.09706,-11.35712,62340.0,0.0,0.25712,5.145707534786033,593_C20DisCh.csv,1316
4.19979,0.09195,-10.72617,62400.0,0.0,0.26369,9.241270674717777,593_C20DisCh.csv,1316
4.19979,0.08939,-10.20038,62460.0,0.0,0.27003,13.205565765292729,593_C20DisCh.csv,1316
4.19979,0.08939,-9.99006,62520.0,0.0,0.27628,17.117353636124967,593_C20DisCh.csv,1316
4.19979,0.08684,-9.56943,62580.0,0.0,0.28243,20.97663428721449,593_C20DisCh.csv,1316
4.19979,0.08684,-9.35911,62640.0,0.0,0.28851,24.757154108689942,593_C20DisCh.csv,1316
4.19979,0.08429,-10.72617,62700.0,0.0,0.29457,28.56392754003676,593_C20DisCh.csv,1316
4.19979,0.08173,-11.25196,62760.0,0.0,0.30037,32.186925702284064,593_C20DisCh.csv,1316
4.19979,0.07918,-10.41069,62820.0,0.0,0.3059,35.62614859543187,593_C20DisCh.csv,1316
4.19979,0.07662,-9.77974,62880.0,0.0,0.31126,38.98661065896561,593_C20DisCh.csv,1316
4.19979,0.07662,-9.25395,62940.0,0.0,0.31663,42.34707272249934,593_C20DisCh.csv,1316
4.19979,0.07918,-9.04363,63000.0,0.0,0.32199,45.70753478603308,593_C20DisCh.csv,1316
4.19979,0.07407,-11.35712,63060.0,0.0,0.32732,49.0154896298241,593_C20DisCh.csv,1316
4.19979,0.06896,-10.93649,63120.0,0.0,0.33238,52.19217642425833,593_C20DisCh.csv,1316
4.19979,0.06896,-10.09522,63180.0,0.0,0.33722,55.21134155946443,593_C20DisCh.csv,1316
4.19979,0.06896,-9.46427,63240.0,0.0,0.34204,58.23050669467052,593_C20DisCh.csv,1316
4.19979,0.06896,-9.04363,63300.0,0.0,0.34686,61.24967182987661,593_C20DisCh.csv,1316
4.19979,0.06896,-9.46427,63360.0,0.0,0.35169,64.2688369650827,593_C20DisCh.csv,1316
4.19995,0.06385,-11.35712,63420.0,0.0,0.35637,67.18298766080336,593_C20DisCh.csv,1316
4.19979,0.0613,-10.51585,63480.0,0.0,0.36077,69.93961669729588,593_C20DisCh.csv,1316
4.19979,0.0613,-9.77974,63540.0,0.0,0.36507,72.61748490417432,593_C20DisCh.csv,1316
4.19979,0.0613,-9.25395,63600.0,0.0,0.36936,75.29535311105278,593_C20DisCh.csv,1316
4.19979,0.0613,-9.04363,63660.0,0.0,0.37365,77.99947492780258,593_C20DisCh.csv,1316
4.19979,0.05874,-11.25196,63720.0,0.0,0.37793,80.65108952480966,593_C20DisCh.csv,1316
4.19979,0.05619,-10.83133,63780.0,0.0,0.38198,83.19768968233133,593_C20DisCh.csv,1316
4.19979,0.05619,-10.20038,63840.0,0.0,0.38592,85.6655290102389,593_C20DisCh.csv,1316
4.19979,0.05364,-9.56943,63900.0,0.0,0.38978,88.0808611184038,593_C20DisCh.csv,1316
4.19979,0.05619,-9.04363,63960.0,0.0,0.39362,90.46993961669727,593_C20DisCh.csv,1316
4.19979,0.05619,-9.35911,64020.0,0.0,0.39756,92.93777894460489,593_C20DisCh.csv,1316
4.19979,0.05108,-11.25196,64080.0,0.0,0.40132,95.30060383302704,593_C20DisCh.csv,1316
4.19979,0.05108,-10.51585,64140.0,0.0,0.40491,97.53216067209244,593_C20DisCh.csv,1316
4.19979,0.05108,-9.77974,64200.0,0.0,0.40848,99.7637175111578,593_C20DisCh.csv,1316
4.19979,0.04853,-9.77974,64206.0,0.0,0.40885,100.0,593_C20DisCh.csv,1316
3.52991,2.99853,23.45035,0.0,0.0,0.17304,2.049469964664311,593_Dis_0p5C.csv,1321
3.56801,2.99853,23.97615,60.0,0.0,0.35059,4.103048730380475,593_Dis_0p5C.csv,1321
3.59481,2.99853,24.50194,120.0,0.0,0.5299,6.15991453693812,593_Dis_0p5C.csv,1321
3.61908,2.99853,24.71226,180.0,0.0,0.70988,8.210206261812802,593_Dis_0p5C.csv,1321
3.64083,2.99853,24.50194,240.0,0.0,0.8916,10.26707206837045,593_Dis_0p5C.csv,1321
3.66139,2.99853,23.87099,300.0,0.0,1.07376,12.316952913139945,593_Dis_0p5C.csv,1321
3.67909,2.99853,24.29162,360.0,0.0,1.25752,14.37381871969759,593_Dis_0p5C.csv,1321
3.69359,2.99853,24.92257,420.0,0.0,1.44176,16.427397485413756,593_Dis_0p5C.csv,1321
3.70555,2.99853,25.23805,480.0,0.0,1.62637,18.477689210288435,593_Dis_0p5C.csv,1321
3.71769,2.99853,25.02773,540.0,0.0,1.81215,20.5341441367409,593_Dis_0p5C.csv,1321
3.73101,2.99853,24.0813,600.0,0.0,1.99798,22.58443586161558,593_Dis_0p5C.csv,1321
3.74517,2.99853,24.18646,660.0,0.0,2.1848,24.638014627331746,593_Dis_0p5C.csv,1321
3.75949,2.99853,25.13289,720.0,0.0,2.37262,26.69446955378421,593_Dis_0p5C.csv,1321
3.77298,2.99853,25.44836,780.0,0.0,2.56054,28.74476127865889,593_Dis_0p5C.csv,1321
3.78647,2.99853,25.34321,840.0,0.0,2.74977,30.80162708521653,593_Dis_0p5C.csv,1321
3.80079,2.99853,24.0813,900.0,0.0,2.93935,32.8552058509327,593_Dis_0p5C.csv,1321
3.8163,2.99853,24.18646,960.0,0.0,3.12969,34.90837373654367,593_Dis_0p5C.csv,1321
3.83299,2.99853,24.81741,1020.0,0.0,3.32083,36.96195250225984,593_Dis_0p5C.csv,1321
3.85035,2.99853,25.44836,1080.0,0.0,3.51251,39.01224422713452,593_Dis_0p5C.csv,1321
3.86872,2.99853,25.55352,1140.0,0.0,3.7054,41.0654121127455,593_Dis_0p5C.csv,1321
3.88777,2.99853,25.23805,1200.0,0.0,3.89921,43.11899087846167,593_Dis_0p5C.csv,1321
3.90749,2.99853,24.29162,1260.0,0.0,4.09431,45.17585668501931,593_Dis_0p5C.csv,1321
3.92738,3.00108,24.39678,1320.0,0.0,4.29009,47.22943545073547,593_Dis_0p5C.csv,1321
3.9466,2.99853,25.02773,1380.0,0.0,4.48688,49.28301421645163,593_Dis_0p5C.csv,1321
3.96497,2.99853,25.34321,1440.0,0.0,4.68425,51.33289506122113,593_Dis_0p5C.csv,1321
3.98251,2.99853,25.55352,1500.0,0.0,4.88285,53.3864738269373,593_Dis_0p5C.csv,1321
3.9997,2.99853,25.23805,1560.0,0.0,5.08233,55.44005259265346,593_Dis_0p5C.csv,1321
4.01706,2.99853,24.39678,1620.0,0.0,5.28264,57.49322047826444,593_Dis_0p5C.csv,1321
4.03442,2.99853,24.50194,1680.0,0.0,5.48383,59.546799243980594,593_Dis_0p5C.csv,1321
4.05128,2.99853,25.02773,1740.0,0.0,5.68587,61.59996712959158,593_Dis_0p5C.csv,1321
4.06814,2.99853,25.55352,1800.0,0.0,5.8891,63.657243816254415,593_Dis_0p5C.csv,1321
4.08567,2.99853,25.65868,1860.0,0.0,6.09252,65.70712466102391,593_Dis_0p5C.csv,1321
4.10471,2.99853,25.13289,1920.0,0.0,6.29752,67.76399046758156,593_Dis_0p5C.csv,1321
4.12562,2.99853,24.50194,1980.0,0.0,6.50283,69.81428219245625,593_Dis_0p5C.csv,1321
4.14787,2.99853,24.6071,2040.0,0.0,6.70991,71.8707371189087,593_Dis_0p5C.csv,1321
4.17045,2.99853,25.02773,2100.0,0.0,6.91777,73.92431588462486,593_Dis_0p5C.csv,1321
4.19237,2.99853,25.34321,2160.0,0.0,7.12675,75.97789465034103,593_Dis_0p5C.csv,1321
4.19995,2.65628,25.44836,2220.0,0.0,7.32735,77.94107979291643,593_Dis_0p5C.csv,1321
4.19995,2.36255,25.34321,2280.0,0.0,7.50261,79.65527159174952,593_Dis_0p5C.csv,1321
4.19979,2.14801,25.13289,2340.0,0.0,7.65983,81.1936067055633,593_Dis_0p5C.csv,1321
4.19979,1.98455,24.71226,2400.0,0.0,7.80451,82.6090886679267,593_Dis_0p5C.csv,1321
4.19979,1.85684,24.50194,2460.0,0.0,7.93862,83.92102884378338,593_Dis_0p5C.csv,1321
4.19979,1.74701,24.50194,2520.0,0.0,8.06458,85.15325827923411,593_Dis_0p5C.csv,1321
4.19979,1.65251,24.71226,2580.0,0.0,8.18344,86.31604897690855,593_Dis_0p5C.csv,1321
4.19979,1.56823,24.81741,2640.0,0.0,8.29626,87.42008381954145,593_Dis_0p5C.csv,1321
4.19979,1.48649,24.81741,2700.0,0.0,8.40313,88.46536280713288,593_Dis_0p5C.csv,1321
4.19979,1.40732,24.6071,2760.0,0.0,8.50423,89.45476210041909,593_Dis_0p5C.csv,1321
4.19979,1.32558,24.50194,2820.0,0.0,8.59989,90.39033609992605,593_Dis_0p5C.csv,1321
4.19979,1.24385,24.29162,2880.0,0.0,8.68983,91.27044128523296,593_Dis_0p5C.csv,1321
4.19979,1.16212,24.29162,2940.0,0.0,8.77413,92.09507765633988,593_Dis_0p5C.csv,1321
4.19979,1.08039,24.39678,3000.0,0.0,8.85242,92.86095817240528,593_Dis_0p5C.csv,1321
4.19979,1.00121,24.6071,3060.0,0.0,8.92525,93.5734242747966,593_Dis_0p5C.csv,1321
4.19979,0.92203,24.39678,3120.0,0.0,8.99264,94.23288684361904,593_Dis_0p5C.csv,1321
4.19979,0.8403,24.18646,3180.0,0.0,9.05422,94.8352370778207,593_Dis_0p5C.csv,1321
4.19979,0.76368,24.0813,3240.0,0.0,9.11044,95.3854055386638,593_Dis_0p5C.csv,1321
4.19979,0.69216,24.39678,3300.0,0.0,9.16146,95.88462486646397,593_Dis_0p5C.csv,1321
4.19979,0.6232,24.39678,3360.0,0.0,9.20753,96.33536034185224,593_Dis_0p5C.csv,1321
4.19979,0.5619,24.39678,3420.0,0.0,9.24896,96.74048812556497,593_Dis_0p5C.csv,1321
4.19979,0.50316,24.18646,3480.0,0.0,9.28616,97.10452789875912,593_Dis_0p5C.csv,1321
4.19979,0.44697,23.97615,3540.0,0.0,9.31948,97.43035582217108,593_Dis_0p5C.csv,1321
4.19979,0.39844,23.97615,3600.0,0.0,9.34907,97.72002629632672,593_Dis_0p5C.csv,1321
4.19979,0.35502,24.29162,3660.0,0.0,9.37542,97.97764812227793,593_Dis_0p5C.csv,1321
4.19979,0.31671,24.39678,3720.0,0.0,9.39895,98.20815186128688,593_Dis_0p5C.csv,1321
4.19979,0.28351,24.0813,3780.0,0.0,9.41999,98.41400279398472,593_Dis_0p5C.csv,1321
4.19979,0.25286,23.97615,3840.0,0.0,9.43877,98.59766620100254,593_Dis_0p5C.csv,1321
4.19979,0.22476,24.0813,3900.0,0.0,9.45546,98.76078560276112,593_Dis_0p5C.csv,1321
4.19979,0.19922,23.97615,3960.0,0.0,9.47032,98.9062371599967,593_Dis_0p5C.csv,1321
4.19979,0.17879,24.18646,4020.0,0.0,9.48368,99.03689703344564,593_Dis_0p5C.csv,1321
4.19979,0.16346,24.0813,4080.0,0.0,9.49569,99.15440874352863,593_Dis_0p5C.csv,1321
4.19979,0.14814,24.0813,4140.0,0.0,9.50651,99.26041581066644,593_Dis_0p5C.csv,1321
4.19979,0.13281,23.87099,4200.0,0.0,9.51628,99.35573999506944,593_Dis_0p5C.csv,1321
4.19979,0.12004,23.87099,4260.0,0.0,9.52511,99.44243569726352,593_Dis_0p5C.csv,1321
4.19979,0.10983,24.0813,4320.0,0.0,9.53311,99.52050291724876,593_Dis_0p5C.csv,1321
4.19979,0.09961,24.29162,4380.0,0.0,9.54035,99.5915851754458,593_Dis_0p5C.csv,1321
4.19979,0.08939,24.0813,4440.0,0.0,9.54694,99.6556824718547,593_Dis_0p5C.csv,1321
4.19979,0.08429,23.97615,4500.0,0.0,9.55301,99.7152600871066,593_Dis_0p5C.csv,1321
4.19979,0.07662,23.87099,4560.0,0.0,9.55858,99.7699071410962,593_Dis_0p5C.csv,1321
4.19979,0.06896,24.0813,4620.0,0.0,9.56367,99.81962363382364,593_Dis_0p5C.csv,1321
4.19979,0.06385,24.29162,4680.0,0.0,9.56834,99.8652313254992,593_Dis_0p5C.csv,1321
4.19979,0.05874,24.0813,4740.0,0.0,9.57266,99.9075519763333,593_Dis_0p5C.csv,1321
4.19979,0.05619,23.87099,4800.0,0.0,9.57667,99.94658558632592,593_Dis_0p5C.csv,1321
4.19979,0.05108,23.76583,4860.0,0.0,9.58044,99.98356479579256,593_Dis_0p5C.csv,1321
4.19979,0.04853,23.87099,4888.0,0.0,9.58213,100.0,593_Dis_0p5C.csv,1321
3.70657,2.99853,24.29162,0.0,0.0,0.18411,2.546582901514804,593_Dis_2C.csv,1326
3.72561,2.99853,23.97615,60.0,0.0,0.36988,5.093165803029607,593_Dis_2C.csv,1326
3.74112,2.99853,23.87099,120.0,0.0,0.55644,7.6392391841559535,593_Dis_2C.csv,1326
3.75697,2.99853,24.50194,180.0,0.0,0.74382,10.185822085670758,593_Dis_2C.csv,1326
3.77298,2.99853,24.92257,240.0,0.0,0.932,12.73240498718556,593_Dis_2C.csv,1326
3.78815,2.99853,24.81741,300.0,0.0,1.12092,15.278478368311909,593_Dis_2C.csv,1326
3.80349,2.99853,24.29162,360.0,0.0,1.31065,17.825061269826712,593_Dis_2C.csv,1326
3.8195,2.99853,24.39678,420.0,0.0,1.50113,20.371644171341515,593_Dis_2C.csv,1326
3.83636,2.99853,25.02773,480.0,0.0,1.69242,22.917717552467863,593_Dis_2C.csv,1326
3.85423,2.99853,25.13289,540.0,0.0,1.88458,25.464300453982663,593_Dis_2C.csv,1326
3.87311,2.99853,24.6071,600.0,0.0,2.07765,28.01037383510901,593_Dis_2C.csv,1326
3.89283,2.99853,24.50194,660.0,0.0,2.27172,30.55695673662381,593_Dis_2C.csv,1326
3.91221,2.99853,25.02773,720.0,0.0,2.46675,33.10303011775016,593_Dis_2C.csv,1326
3.93126,2.99853,25.34321,780.0,0.0,2.66275,35.64961301926496,593_Dis_2C.csv,1326
3.94997,2.99853,25.13289,840.0,0.0,2.85969,38.19619592077977,593_Dis_2C.csv,1326
3.96851,3.00108,24.6071,900.0,0.0,3.05758,40.74277882229457,593_Dis_2C.csv,1326
3.98672,2.99853,24.71226,960.0,0.0,3.25637,43.28885220342092,593_Dis_2C.csv,1326
4.00408,2.99853,25.02773,1020.0,0.0,3.45604,45.835435104935726,593_Dis_2C.csv,1326
4.02077,2.99853,25.23805,1080.0,0.0,3.65657,48.38201800645052,593_Dis_2C.csv,1326
4.03746,2.99853,25.23805,1140.0,0.0,3.85797,50.928600907965325,593_Dis_2C.csv,1326
4.05431,2.99853,25.02773,1200.0,0.0,4.06015,53.47467428909167,593_Dis_2C.csv,1326
4.07201,3.00108,24.81741,1260.0,0.0,4.26322,56.02125719060649,593_Dis_2C.csv,1326
4.09089,2.99853,24.81741,1320.0,0.0,4.46719,58.56784009212128,593_Dis_2C.csv,1326
4.11078,2.99853,25.13289,1380.0,0.0,4.67214,61.11442299363608,593_Dis_2C.csv,1326
4.13202,2.99853,25.34321,1440.0,0.0,4.87811,63.66049637476243,593_Dis_2C.csv,1326
4.15427,2.99853,25.23805,1500.0,0.0,5.08517,66.20707927627724,593_Dis_2C.csv,1326
4.17686,2.99853,25.13289,1560.0,0.0,5.29334,68.75366217779204,593_Dis_2C.csv,1326
4.19894,2.99853,25.13289,1620.0,0.0,5.50265,71.30024507930685,593_Dis_2C.csv,1326
4.19995,2.53113,24.92257,1680.0,0.0,5.69419,73.6236580506769,593_Dis_2C.csv,1326
4.19995,2.2655,25.13289,1740.0,0.0,5.8615,75.65358727829494,593_Dis_2C.csv,1326
4.19979,2.07394,24.92257,1800.0,0.0,6.01293,77.49040827868727,593_Dis_2C.csv,1326
4.19979,1.93091,24.92257,1860.0,0.0,6.15286,79.18813021303048,593_Dis_2C.csv,1326
4.19979,1.81342,24.81741,1920.0,0.0,6.2838,80.77681478424358,593_Dis_2C.csv,1326
4.19979,1.71126,24.81741,1980.0,0.0,6.40704,82.27174760398037,593_Dis_2C.csv,1326
4.19979,1.61675,24.71226,2040.0,0.0,6.52337,83.68311908000999,593_Dis_2C.csv,1326
4.19979,1.52736,24.6071,2100.0,0.0,6.63338,85.01806249777084,593_Dis_2C.csv,1326
4.19979,1.44307,24.50194,2160.0,0.0,6.73733,86.27912545920525,593_Dis_2C.csv,1326
4.19979,1.36134,24.50194,2220.0,0.0,6.83556,87.47089364780932,593_Dis_2C.csv,1326
4.19979,1.27961,24.50194,2280.0,0.0,6.92805,88.5928575431946,593_Dis_2C.csv,1326
4.19979,1.20043,24.39678,2340.0,0.0,7.01491,89.64654570652645,593_Dis_2C.csv,1326
4.19979,1.1187,24.39678,2400.0,0.0,7.09608,90.63144861741642,593_Dis_2C.csv,1326
4.19979,1.03952,24.39678,2460.0,0.0,7.17168,91.54858531664144,593_Dis_2C.csv,1326
4.19979,0.95779,24.29162,2520.0,0.0,7.2416,92.3969367634246,593_Dis_2C.csv,1326
4.19979,0.87862,24.29162,2580.0,0.0,7.30595,93.17752199854276,593_Dis_2C.csv,1326
4.19979,0.80455,24.39678,2640.0,0.0,7.36483,93.89186958316137,593_Dis_2C.csv,1326
4.19979,0.72792,24.39678,2700.0,0.0,7.41848,94.54303663961112,593_Dis_2C.csv,1326
4.19979,0.65896,24.18646,2760.0,0.0,7.46704,95.13204220866896,593_Dis_2C.csv,1326
4.19979,0.59255,24.0813,2820.0,0.0,7.51086,95.66347197383102,593_Dis_2C.csv,1326
4.19979,0.53381,24.18646,2880.0,0.0,7.5503,96.14191161859344,593_Dis_2C.csv,1326
4.19979,0.47762,24.0813,2940.0,0.0,7.58564,96.57092778567534,593_Dis_2C.csv,1326
4.19979,0.42654,24.0813,3000.0,0.0,7.61727,96.95459663818448,593_Dis_2C.csv,1326
4.19979,0.38056,24.0813,3060.0,0.0,7.64548,97.29699433922848,593_Dis_2C.csv,1326
4.19979,0.3397,24.0813,3120.0,0.0,7.6706,97.60168753152657,593_Dis_2C.csv,1326
4.19979,0.30139,24.0813,3180.0,0.0,7.69303,97.87377141896332,593_Dis_2C.csv,1326
4.19979,0.27074,24.0813,3240.0,0.0,7.71306,98.11681264425796,593_Dis_2C.csv,1326
4.19979,0.24264,24.0813,3300.0,0.0,7.73096,98.3338683297412,593_Dis_2C.csv,1326
4.19979,0.2171,23.87099,3360.0,0.0,7.74693,98.52748607735538,593_Dis_2C.csv,1326
4.19979,0.19156,23.97615,3420.0,0.0,7.76122,98.70123252981968,593_Dis_2C.csv,1326
4.19979,0.17368,24.0813,3480.0,0.0,7.77403,98.856126727911,593_Dis_2C.csv,1326
4.19979,0.15836,23.97615,3540.0,0.0,7.7856,98.9967543551255,593_Dis_2C.csv,1326
4.19979,0.14048,23.87099,3600.0,0.0,7.79608,99.12362493185164,593_Dis_2C.csv,1326
4.19979,0.12771,23.97615,3660.0,0.0,7.80552,99.23826701925478,593_Dis_2C.csv,1326
4.19979,0.11494,24.18646,3720.0,0.0,7.81404,99.34169965811182,593_Dis_2C.csv,1326
4.19979,0.10727,23.97615,3780.0,0.0,7.82176,99.43545140958815,593_Dis_2C.csv,1326
4.19979,0.09706,23.87099,3840.0,0.0,7.82882,99.52105083484916,593_Dis_2C.csv,1326
4.19979,0.08684,23.97615,3900.0,0.0,7.83527,99.59951697467172,593_Dis_2C.csv,1326
4.19979,0.07918,24.0813,3960.0,0.0,7.84118,99.67084982905592,593_Dis_2C.csv,1326
4.19979,0.07407,24.0813,4020.0,0.0,7.84658,99.73657795916702,593_Dis_2C.csv,1326
4.19979,0.06896,23.87099,4080.0,0.0,7.85149,99.79619184461669,593_Dis_2C.csv,1326
4.19979,0.06385,23.76583,4140.0,0.0,7.85605,99.85122004657016,593_Dis_2C.csv,1326
4.19979,0.05874,24.0813,4200.0,0.0,7.86027,99.90268160580446,593_Dis_2C.csv,1326
4.19979,0.05364,24.0813,4260.0,0.0,7.8642,99.95006700193107,593_Dis_2C.csv,1326
4.19979,0.05108,23.97615,4320.0,0.0,7.86792,99.99541431650388,593_Dis_2C.csv,1326
4.19979,0.04853,23.97615,4327.0,0.0,7.8683,100.0,593_Dis_2C.csv,1326
3.47715,2.99853,25.02773,0.0,0.0,0.16984,2.004502606455341,593_HPPC.csv,1511
3.54643,2.99853,25.02773,60.0,0.0,0.34568,4.00980781655691,593_HPPC.csv,1511
3.57121,2.99853,24.81741,120.0,0.0,0.52355,6.015514328481594,593_HPPC.csv,1511
3.59599,2.99853,24.39678,180.0,0.0,0.70265,8.021220840406277,593_HPPC.csv,1511
3.61942,2.99853,23.76583,240.0,0.0,0.88295,10.02692735233096,593_HPPC.csv,1511
3.64066,2.99853,23.66067,300.0,0.0,1.06437,12.03223256243253,593_HPPC.csv,1511
3.66055,2.99853,24.0813,360.0,0.0,1.24681,14.0375377725341,593_HPPC.csv,1511
3.67808,2.99853,24.6071,420.0,0.0,1.43021,16.043244284458787,593_HPPC.csv,1511
3.69241,2.99853,25.02773,480.0,0.0,1.6144,18.048950796383465,593_HPPC.csv,1511
3.70437,2.99853,25.34321,540.0,0.0,1.79925,20.05465730830815,593_HPPC.csv,1511
3.71634,2.99853,25.34321,600.0,0.0,1.98468,22.05996251840972,593_HPPC.csv,1511
3.72898,2.99853,25.02773,660.0,0.0,2.17072,24.0656690303344,593_HPPC.csv,1511
3.74281,2.99853,24.29162,720.0,0.0,2.35743,26.071375542259084,593_HPPC.csv,1511
3.75747,2.99853,23.87099,780.0,0.0,2.54483,28.07668075236065,593_HPPC.csv,1511
3.7718,2.99853,24.0813,840.0,0.0,2.73298,30.082387264285337,593_HPPC.csv,1511
3.78545,2.99853,24.81741,900.0,0.0,2.92182,32.08809377621002,593_HPPC.csv,1511
3.79928,3.00108,25.34321,960.0,0.0,3.11134,34.0933989863116,593_HPPC.csv,1511
3.81394,2.99853,25.55352,1020.0,0.0,3.30158,36.09910549823627,593_HPPC.csv,1511
3.82979,2.99853,25.55352,1080.0,0.0,3.49259,38.10481201016096,593_HPPC.csv,1511
3.84732,2.99853,24.50194,1140.0,0.0,3.68444,40.11051852208564,593_HPPC.csv,1511
3.86653,2.99853,23.97615,1200.0,0.0,3.8772,42.11622503401033,593_HPPC.csv,1511
3.88609,2.99853,24.29162,1260.0,0.0,4.0709,44.1215302441119,593_HPPC.csv,1511
3.90564,2.99853,24.81741,1320.0,0.0,4.26563,46.12723675603658,593_HPPC.csv,1511
3.92469,2.99853,25.44836,1380.0,0.0,4.46128,48.13254196613816,593_HPPC.csv,1511
3.94323,2.99853,25.76384,1440.0,0.0,4.6579,50.138649779885945,593_HPPC.csv,1511
3.96143,2.99853,25.65868,1500.0,0.0,4.85543,52.14395498998752,593_HPPC.csv,1511
3.9793,2.99853,25.02773,1560.0,0.0,5.05385,54.149661501912206,593_HPPC.csv,1511
3.99768,2.99853,23.97615,1620.0,0.0,5.25319,56.155368013836885,593_HPPC.csv,1511
4.01554,2.99853,24.29162,1680.0,0.0,5.4534,58.16067322393845,593_HPPC.csv,1511
4.03257,2.99853,24.71226,1740.0,0.0,5.65454,60.16637973586313,593_HPPC.csv,1511
4.04909,2.99853,25.34321,1800.0,0.0,5.85647,62.17168494596472,593_HPPC.csv,1511
4.06561,2.99853,25.76384,1860.0,0.0,6.05926,64.17739145788939,593_HPPC.csv,1511
4.08263,2.99853,25.869,1920.0,0.0,6.26285,66.18269666799095,593_HPPC.csv,1511
4.10117,2.99853,25.34321,1980.0,0.0,6.46735,68.18840317991564,593_HPPC.csv,1511
4.12225,2.99853,24.0813,2040.0,0.0,6.67283,70.19410969184032,593_HPPC.csv,1511
4.14483,2.99853,24.29162,2100.0,0.0,6.87941,72.19981620376501,593_HPPC.csv,1511
4.16776,2.99853,24.92257,2160.0,0.0,7.08716,74.2055227156897,593_HPPC.csv,1511
4.18967,2.99853,25.55352,2220.0,0.0,7.296,76.21122922761437,593_HPPC.csv,1511
4.19995,2.71502,25.869,2280.0,0.0,7.50006,78.16195738977243,593_HPPC.csv,1511
4.19995,2.41108,26.07932,2340.0,0.0,7.67872,79.86909534530015,593_HPPC.csv,1511
4.19995,2.18888,25.13289,2400.0,0.0,7.83941,81.40447612053501,593_HPPC.csv,1511
4.19979,2.00242,23.97615,2460.0,0.0,7.98588,82.80421687955727,593_HPPC.csv,1511
4.19979,1.86195,24.0813,2520.0,0.0,8.12097,84.09480354269247,593_HPPC.csv,1511
4.19979,1.74957,24.50194,2580.0,0.0,8.24731,85.30191942661996,593_HPPC.csv,1511
4.19979,1.66273,25.13289,2640.0,0.0,8.36664,86.44241920791045,593_HPPC.csv,1511
4.19979,1.5861,25.44836,2700.0,0.0,8.48024,87.5279406394343,593_HPPC.csv,1511
4.19979,1.50948,25.34321,2760.0,0.0,8.58853,88.56249673942268,593_HPPC.csv,1511
4.19979,1.4303,24.81741,2820.0,0.0,8.69141,89.54568620605244,593_HPPC.csv,1511
4.19979,1.33836,23.55551,2880.0,0.0,8.78838,90.47229211562308,593_HPPC.csv,1511
4.19979,1.24641,23.66067,2940.0,0.0,8.87883,91.3362949407879,593_HPPC.csv,1511
4.19979,1.15957,23.76583,3000.0,0.0,8.96295,92.14010249248562,593_HPPC.csv,1511
4.19979,1.08039,24.29162,3060.0,0.0,9.04127,92.88853039259357,593_HPPC.csv,1511
4.19979,1.00632,24.71226,3120.0,0.0,9.11429,93.58639426298912,593_HPPC.csv,1511
4.19979,0.93481,24.92257,3180.0,0.0,9.18223,94.23570061278788,593_HPPC.csv,1511
4.19979,0.86074,24.92257,3240.0,0.0,9.24512,94.8364494419898,593_HPPC.csv,1511
4.19979,0.78922,24.81741,3300.0,0.0,9.30286,95.3882394487718,593_HPPC.csv,1511
4.19979,0.7126,24.50194,3360.0,0.0,9.3554,95.89026802948764,593_HPPC.csv,1511
4.19979,0.63853,23.45035,3420.0,0.0,9.40268,96.34213388231422,593_HPPC.csv,1511
4.19979,0.56957,23.34519,3480.0,0.0,9.4449,96.74544221454396,593_HPPC.csv,1511
4.19979,0.50571,23.45035,3540.0,0.0,9.48248,97.10460734623116,593_HPPC.csv,1511
4.19979,0.45208,23.87099,3600.0,0.0,9.51596,97.42444489925316,593_HPPC.csv,1511
4.19979,0.40355,24.39678,3660.0,0.0,9.54591,97.71057309913358,593_HPPC.csv,1511
4.19979,0.36268,24.71226,3720.0,0.0,9.57275,97.96700496410354,593_HPPC.csv,1511
4.19979,0.32693,24.81741,3780.0,0.0,9.59688,98.1977535123942,593_HPPC.csv,1511
4.19979,0.29372,24.71226,3840.0,0.0,9.61857,98.40482525312112,593_HPPC.csv,1511
4.19979,0.26307,24.50194,3900.0,0.0,9.63798,98.59022669539988,593_HPPC.csv,1511
4.19979,0.23242,23.76583,3960.0,0.0,9.65532,98.75596434834604,593_HPPC.csv,1511
4.19979,0.20944,23.34519,4020.0,0.0,9.67071,98.90324211742892,593_HPPC.csv,1511
4.19979,0.1839,23.45035,4080.0,0.0,9.68438,99.03366520994103,593_HPPC.csv,1511
4.19979,0.16602,23.55551,4140.0,0.0,9.69664,99.15084534229038,593_HPPC.csv,1511
4.19979,0.14814,24.0813,4200.0,0.0,9.70763,99.2559864199463,593_HPPC.csv,1511
4.19979,0.13537,24.39678,4260.0,0.0,9.71754,99.35069365020124,593_HPPC.csv,1511
4.19979,0.1226,24.6071,4320.0,0.0,9.72653,99.43657224034769,593_HPPC.csv,1511
4.19979,0.11238,24.50194,4380.0,0.0,9.73472,99.51482609585494,593_HPPC.csv,1511
4.19979,0.10216,24.18646,4440.0,0.0,9.74217,99.58585651854617,593_HPPC.csv,1511
4.19979,0.0945,23.34519,4500.0,0.0,9.74899,99.65126871571375,593_HPPC.csv,1511
4.19979,0.08429,23.45035,4560.0,0.0,9.75517,99.71026008371156,593_HPPC.csv,1511
4.19979,0.07662,23.87099,4620.0,0.0,9.76082,99.76403452800884,593_HPPC.csv,1511
4.19979,0.07152,24.6071,4680.0,0.0,9.76601,99.81379595407502,593_HPPC.csv,1511
4.19979,0.06641,24.92257,4740.0,0.0,9.77078,99.85914306008692,593_HPPC.csv,1511
4.19979,0.0613,24.71226,4800.0,0.0,9.7752,99.901681053337,593_HPPC.csv,1511
4.19979,0.05619,22.92456,4860.0,0.0,9.77931,99.9410086320022,593_HPPC.csv,1511
4.19979,0.05364,23.24004,4920.0,0.0,9.78316,99.9775270979056,593_HPPC.csv,1511
4.19979,0.04853,23.55551,4959.0,0.0,9.78552,100.0,593_HPPC.csv,1511
4.19979,0.18134,23.87099,0.0,0.0,0.01961,42.96228150873965,596_Charge1.csv,1519
4.19979,0.11494,24.0813,60.0,0.0,0.02974,65.13339466421344,596_Charge1.csv,1519
4.19979,0.08173,24.0813,120.0,0.0,0.03659,80.12879484820608,596_Charge1.csv,1519
4.19979,0.06385,23.97615,180.0,0.0,0.04161,91.16835326586936,596_Charge1.csv,1519
4.19979,0.05108,23.97615,240.0,0.0,0.04551,99.72401103955842,596_Charge1.csv,1519
4.19979,0.04853,23.97615,242.0,0.0,0.04566,100.0,596_Charge1.csv,1519
3.60627,2.99853,23.97615,0.0,0.0,0.17921,2.28984896253391,596_Charge3.csv,1527
3.63863,2.99853,24.29162,60.0,0.0,0.36029,4.58015616980717,596_Charge3.csv,1527
3.66577,2.99853,24.18646,120.0,0.0,0.54283,6.870463377080431,596_Charge3.csv,1527
3.69106,2.99853,24.29162,180.0,0.0,0.72669,9.16077058435369,596_Charge3.csv,1527
3.71011,2.99853,24.39678,240.0,0.0,0.91165,11.4506195468876,596_Charge3.csv,1527
3.72376,2.99853,24.50194,300.0,0.0,1.09743,13.740926754160862,596_Charge3.csv,1527
3.73741,2.99853,24.50194,360.0,0.0,1.28386,16.031233961434122,596_Charge3.csv,1527
3.75208,2.99853,24.6071,420.0,0.0,1.47101,18.32108292396803,596_Charge3.csv,1527
3.76775,2.99853,24.6071,480.0,0.0,1.65892,20.611390131241293,596_Charge3.csv,1527
3.78293,2.99853,24.6071,540.0,0.0,1.84759,22.901697338514552,596_Charge3.csv,1527
3.79793,2.99853,24.71226,600.0,0.0,2.03702,25.19154630104846,596_Charge3.csv,1527
3.81344,2.99853,24.71226,660.0,0.0,2.22723,27.481853508321723,596_Charge3.csv,1527
3.83012,2.99853,24.71226,720.0,0.0,2.41822,29.772160715594985,596_Charge3.csv,1527
3.84782,3.00108,24.71226,780.0,0.0,2.61008,32.062467922868244,596_Charge3.csv,1527
3.86653,2.99853,24.71226,840.0,0.0,2.80283,34.35231688540215,596_Charge3.csv,1527
3.88592,2.99853,24.81741,900.0,0.0,2.99656,36.64262409267541,596_Charge3.csv,1527
3.90547,2.99853,24.81741,960.0,0.0,3.19125,38.93247305520932,596_Charge3.csv,1527
3.92503,2.99853,24.92257,1020.0,0.0,3.38692,41.22278026248259,596_Charge3.csv,1527
3.94424,2.99853,24.81741,1080.0,0.0,3.58356,43.51308746975584,596_Charge3.csv,1527
3.96278,2.99853,24.92257,1140.0,0.0,3.78115,45.803394677029104,596_Charge3.csv,1527
3.98099,2.99853,24.92257,1200.0,0.0,3.97965,48.09324363956301,596_Charge3.csv,1527
3.99852,2.99853,24.92257,1260.0,0.0,4.17905,50.38355084683628,596_Charge3.csv,1527
4.01571,2.99853,25.02773,1320.0,0.0,4.37931,52.67339980937018,596_Charge3.csv,1527
4.03257,2.99853,25.02773,1380.0,0.0,4.58042,54.96370701664345,596_Charge3.csv,1527
4.04959,2.99853,25.02773,1440.0,0.0,4.7824,57.25401422391671,596_Charge3.csv,1527
4.06696,2.99853,25.02773,1500.0,0.0,4.98521,59.54432143118997,596_Charge3.csv,1527
4.08516,2.99853,25.02773,1560.0,0.0,5.18891,61.83417039372387,596_Charge3.csv,1527
4.10455,2.99853,25.13289,1620.0,0.0,5.39355,64.12447760099714,596_Charge3.csv,1527
4.12511,2.99853,25.02773,1680.0,0.0,5.59919,66.4147848082704,596_Charge3.csv,1527
4.14702,2.99853,25.13289,1740.0,0.0,5.80589,68.7046337708043,596_Charge3.csv,1527
4.16961,2.99853,25.02773,1800.0,0.0,6.0137,70.99494097807757,596_Charge3.csv,1527
4.19186,2.99853,25.13289,1860.0,0.0,6.22264,73.28524818535082,596_Charge3.csv,1527
4.19995,2.64862,25.02773,1920.0,0.0,6.42351,75.4774910184031,596_Charge3.csv,1527
4.19995,2.34723,24.92257,1980.0,0.0,6.59762,77.37737370774983,596_Charge3.csv,1527
4.19995,2.13268,24.81741,2040.0,0.0,6.75398,79.082960627612,596_Charge3.csv,1527
4.19979,1.97433,24.92257,2100.0,0.0,6.89747,80.64878290197227,596_Charge3.csv,1527
4.19979,1.85173,24.71226,2160.0,0.0,7.03124,82.10829239680328,596_Charge3.csv,1527
4.19979,1.74446,24.71226,2220.0,0.0,7.15702,83.48073539115771,596_Charge3.csv,1527
4.19979,1.6474,24.6071,2280.0,0.0,7.27571,84.77573502456191,596_Charge3.csv,1527
4.19979,1.56056,24.6071,2340.0,0.0,7.38802,86.00153970232421,596_Charge3.csv,1527
4.19979,1.47628,24.50194,2400.0,0.0,7.49428,87.16089889288071,596_Charge3.csv,1527
4.19979,1.39455,24.50194,2460.0,0.0,7.59478,88.25747855414619,596_Charge3.csv,1527
4.19979,1.31792,24.6071,2520.0,0.0,7.68963,89.29219517559937,596_Charge3.csv,1527
4.19979,1.23364,24.39678,2580.0,0.0,7.77892,90.26642349145833,596_Charge3.csv,1527
4.19979,1.15191,24.39678,2640.0,0.0,7.86246,91.17787227802624,596_Charge3.csv,1527
4.19979,1.07273,24.50194,2700.0,0.0,7.9404,92.02837451426056,596_Charge3.csv,1527
4.19979,0.9961,24.39678,2760.0,0.0,8.01276,92.8179302001613,596_Charge3.csv,1527
4.19979,0.91437,24.18646,2820.0,0.0,8.07956,93.54699758046776,596_Charge3.csv,1527
4.19979,0.83775,24.18646,2880.0,0.0,8.14081,94.21511841044064,596_Charge3.csv,1527
4.19979,0.76113,24.39678,2940.0,0.0,8.19673,94.82504215851604,596_Charge3.csv,1527
4.19979,0.69216,24.39678,3000.0,0.0,8.24756,95.37997653786934,596_Charge3.csv,1527
4.19979,0.6232,24.0813,3060.0,0.0,8.29359,95.88221277219736,596_Charge3.csv,1527
4.19979,0.55935,23.97615,3120.0,0.0,8.33501,96.33404208519686,596_Charge3.csv,1527
4.19979,0.50061,24.18646,3180.0,0.0,8.3721,96.73867219004325,596_Charge3.csv,1527
4.19979,0.44952,24.29162,3240.0,0.0,8.40534,97.10160202360876,596_Charge3.csv,1527
4.19979,0.401,24.18646,3300.0,0.0,8.4351,97.42603929906883,596_Charge3.csv,1527
4.19979,0.35758,23.87099,3360.0,0.0,8.46165,97.71564997433828,596_Charge3.csv,1527
4.19979,0.31926,24.0813,3420.0,0.0,8.48528,97.97364176259256,596_Charge3.csv,1527
4.19979,0.28351,24.29162,3480.0,0.0,8.50639,98.2041388664858,596_Charge3.csv,1527
4.19979,0.25797,24.29162,3540.0,0.0,8.52527,98.40989075445412,596_Charge3.csv,1527
4.19979,0.22732,23.87099,3600.0,0.0,8.54221,98.59502162915167,596_Charge3.csv,1527
4.19979,0.20433,23.76583,3660.0,0.0,8.5573,98.75953149057848,596_Charge3.csv,1527
4.19979,0.18134,23.97615,3720.0,0.0,8.57083,98.9070862966493,596_Charge3.csv,1527
4.19979,0.16602,24.29162,3780.0,0.0,8.58298,99.03951902632156,596_Charge3.csv,1527
4.19979,0.14814,24.29162,3840.0,0.0,8.59395,99.15957914803136,596_Charge3.csv,1527
4.19979,0.13537,24.0813,3900.0,0.0,8.60389,99.26772490651808,596_Charge3.csv,1527
4.19979,0.1226,23.87099,3960.0,0.0,8.61286,99.36578928073908,596_Charge3.csv,1527
4.19979,0.10983,23.76583,4020.0,0.0,8.621,99.45468876017304,596_Charge3.csv,1527
4.19979,0.09961,23.97615,4080.0,0.0,8.62834,99.53442334481998,596_Charge3.csv,1527
4.19979,0.09195,24.0813,4140.0,0.0,8.63503,99.60774250311606,596_Charge3.csv,1527
4.19979,0.08429,24.0813,4200.0,0.0,8.64115,99.6746462350612,596_Charge3.csv,1527
4.19979,0.07662,23.97615,4260.0,0.0,8.64674,99.73559278539484,596_Charge3.csv,1527
4.19979,0.07152,23.97615,4320.0,0.0,8.65191,99.79195688833492,596_Charge3.csv,1527
4.19979,0.06385,23.87099,4380.0,0.0,8.65664,99.84328029914217,596_Charge3.csv,1527
4.19979,0.0613,23.97615,4440.0,0.0,8.66103,99.89139599677397,596_Charge3.csv,1527
4.19979,0.05619,24.0813,4500.0,0.0,8.66509,99.93538749175158,596_Charge3.csv,1527
4.19979,0.05108,23.97615,4560.0,0.0,8.66887,99.97662951829312,596_Charge3.csv,1527
4.19979,0.04853,23.97615,4596.0,0.0,8.671,100.0,596_Charge3.csv,1527
3.61807,2.99853,23.66067,0.0,0.0,0.17966,2.312711119337375,596_Charge4.csv,1531
3.65364,2.99853,24.29162,60.0,0.0,0.36143,4.62542223867475,596_Charge4.csv,1531
3.68162,2.99853,24.6071,120.0,0.0,0.54475,6.938133358012124,596_Charge4.csv,1531
3.70269,2.99853,24.6071,180.0,0.0,0.72929,9.250381750034704,596_Charge4.csv,1531
3.71735,2.99853,24.0813,240.0,0.0,0.91471,11.56309286937208,596_Charge4.csv,1531
3.73084,2.99853,24.0813,300.0,0.0,1.10084,13.875803988709457,596_Charge4.csv,1531
3.745,2.99853,24.50194,360.0,0.0,1.28762,16.188052380732035,596_Charge4.csv,1531
3.76017,2.99853,24.81741,420.0,0.0,1.47516,18.50076350006941,596_Charge4.csv,1531
3.77517,2.99853,24.92257,480.0,0.0,1.66347,20.813474619406787,596_Charge4.csv,1531
3.79,2.99853,24.39678,540.0,0.0,1.8525,23.125723011429365,596_Charge4.csv,1531
3.80518,3.00108,24.39678,600.0,0.0,2.04228,25.43843413076674,596_Charge4.csv,1531
3.82102,2.99853,24.71226,660.0,0.0,2.23285,27.75114525010412,596_Charge4.csv,1531
3.83788,2.99853,25.13289,720.0,0.0,2.42422,30.0633936421267,596_Charge4.csv,1531
3.85591,2.99853,25.02773,780.0,0.0,2.61647,32.37610476146407,596_Charge4.csv,1531
3.87496,3.00108,24.71226,840.0,0.0,2.80965,34.68835315348666,596_Charge4.csv,1531
3.89451,2.99853,24.6071,900.0,0.0,3.0038,37.00106427282402,596_Charge4.csv,1531
3.91424,2.99853,24.71226,960.0,0.0,3.19892,39.3137753921614,596_Charge4.csv,1531
3.93345,2.99853,25.02773,1020.0,0.0,3.39504,41.626486511498776,596_Charge4.csv,1531
3.95233,2.99853,25.02773,1080.0,0.0,3.59209,43.93873490352136,596_Charge4.csv,1531
3.97054,2.99853,25.02773,1140.0,0.0,3.79007,46.25144602285873,596_Charge4.csv,1531
3.98841,2.99853,24.92257,1200.0,0.0,3.98895,48.56415714219611,596_Charge4.csv,1531
4.00594,2.99853,24.71226,1260.0,0.0,4.18872,50.87640553421869,596_Charge4.csv,1531
4.02296,2.99853,24.92257,1320.0,0.0,4.38936,53.18911665355607,596_Charge4.csv,1531
4.03982,2.99853,25.13289,1380.0,0.0,4.59082,55.501365045578645,596_Charge4.csv,1531
4.05667,2.99853,25.13289,1440.0,0.0,4.79314,57.81407616491602,596_Charge4.csv,1531
4.0742,2.99853,25.02773,1500.0,0.0,4.99632,60.1267872842534,596_Charge4.csv,1531
4.09292,2.99853,24.92257,1560.0,0.0,5.2004,62.439498403590775,596_Charge4.csv,1531
4.11281,2.99853,24.92257,1620.0,0.0,5.40545,64.75220952292814,596_Charge4.csv,1531
4.13405,2.99853,25.13289,1680.0,0.0,5.61152,67.06445791495072,596_Charge4.csv,1531
4.1563,2.99853,25.13289,1740.0,0.0,5.81869,69.3771690342881,596_Charge4.csv,1531
4.17888,2.99853,25.02773,1800.0,0.0,6.02698,71.68988015362547,596_Charge4.csv,1531
4.19995,2.95256,25.02773,1860.0,0.0,6.23628,74.00120309101848,596_Charge4.csv,1531
4.19995,2.50814,25.02773,1920.0,0.0,6.42504,76.08116237101477,596_Charge4.csv,1531
4.19995,2.24762,25.02773,1980.0,0.0,6.59092,77.90847253713387,596_Charge4.csv,1531
4.19979,2.06117,24.92257,2040.0,0.0,6.74152,79.56781268798298,596_Charge4.csv,1531
4.19979,1.92069,24.92257,2100.0,0.0,6.8807,81.10129100920828,596_Charge4.csv,1531
4.19979,1.8032,24.81741,2160.0,0.0,7.01096,82.53667113969738,596_Charge4.csv,1531
4.19979,1.70104,24.6071,2220.0,0.0,7.13361,83.88783489889408,596_Charge4.csv,1531
4.19979,1.61165,24.6071,2280.0,0.0,7.24952,85.16496228772385,596_Charge4.csv,1531
4.19979,1.52481,24.6071,2340.0,0.0,7.35927,86.37406876127899,596_Charge4.csv,1531
4.19979,1.44307,24.39678,2400.0,0.0,7.46306,87.51746795613346,596_Charge4.csv,1531
4.19979,1.35879,24.39678,2460.0,0.0,7.56115,88.59839896349082,596_Charge4.csv,1531
4.19979,1.27961,24.39678,2520.0,0.0,7.6535,89.61593632872149,596_Charge4.csv,1531
4.19979,1.20043,24.50194,2580.0,0.0,7.74031,90.57239368839944,596_Charge4.csv,1531
4.19979,1.1187,24.29162,2640.0,0.0,7.8215,91.46684558789508,596_Charge4.csv,1531
4.19979,1.03952,24.29162,2700.0,0.0,7.89702,92.29882929989358,596_Charge4.csv,1531
4.19979,0.96035,24.18646,2760.0,0.0,7.96694,93.06927027902458,596_Charge4.csv,1531
4.19979,0.88117,24.18646,2820.0,0.0,8.03141,93.77955670723244,596_Charge4.csv,1531
4.19979,0.80455,24.18646,2880.0,0.0,8.09032,94.42876312988756,596_Charge4.csv,1531
4.19979,0.73048,24.18646,2940.0,0.0,8.14401,95.02012863819353,596_Charge4.csv,1531
4.19979,0.65896,24.0813,3000.0,0.0,8.19268,95.55642959603908,596_Charge4.csv,1531
4.19979,0.59511,24.0813,3060.0,0.0,8.23661,96.04044236731296,596_Charge4.csv,1531
4.19979,0.53381,24.0813,3120.0,0.0,8.27612,96.47586877053354,596_Charge4.csv,1531
4.19979,0.47762,24.0813,3180.0,0.0,8.31154,96.86594789690436,596_Charge4.csv,1531
4.19979,0.42654,23.97615,3240.0,0.0,8.34322,97.21530701957336,596_Charge4.csv,1531
4.19979,0.38312,24.0813,3300.0,0.0,8.37151,97.52672250242934,596_Charge4.csv,1531
4.19979,0.3397,23.97615,3360.0,0.0,8.39678,97.80528434593496,596_Charge4.csv,1531
4.19979,0.30394,23.87099,3420.0,0.0,8.41933,98.053768913979,596_Charge4.csv,1531
4.19979,0.27329,23.97615,3480.0,0.0,8.43946,98.27541529776504,596_Charge4.csv,1531
4.19979,0.24264,23.97615,3540.0,0.0,8.45741,98.4734625884966,596_Charge4.csv,1531
4.19979,0.2171,23.97615,3600.0,0.0,8.47346,98.65022442274768,596_Charge4.csv,1531
4.19979,0.19411,23.87099,3660.0,0.0,8.48786,98.80893989172182,596_Charge4.csv,1531
4.19979,0.17368,24.0813,3720.0,0.0,8.50075,98.9509971773634,596_Charge4.csv,1531
4.19979,0.15836,23.97615,3780.0,0.0,8.51238,99.07917264356117,596_Charge4.csv,1531
4.19979,0.14303,23.97615,3840.0,0.0,8.5229,99.19485447225952,596_Charge4.csv,1531
4.19979,0.12771,23.76583,3900.0,0.0,8.53245,99.2998935727176,596_Charge4.csv,1531
4.19979,0.11749,23.97615,3960.0,0.0,8.54107,99.39521539956505,596_Charge4.csv,1531
4.19979,0.10472,23.97615,4020.0,0.0,8.54885,99.48081995280182,596_Charge4.csv,1531
4.19979,0.09706,23.97615,4080.0,0.0,8.55592,99.55855814168712,596_Charge4.csv,1531
4.19979,0.08939,23.87099,4140.0,0.0,8.56241,99.63028087548008,596_Charge4.csv,1531
4.19979,0.08173,23.87099,4200.0,0.0,8.56836,99.69552542686596,596_Charge4.csv,1531
4.19979,0.07407,24.0813,4260.0,0.0,8.57381,99.75567997778909,596_Charge4.csv,1531
4.19979,0.06896,23.97615,4320.0,0.0,8.57884,99.81120725556433,596_Charge4.csv,1531
4.19979,0.06385,23.76583,4380.0,0.0,8.58348,99.86256998750636,596_Charge4.csv,1531
4.19979,0.05874,23.76583,4440.0,0.0,8.58777,99.9093054463005,596_Charge4.csv,1531
4.19979,0.05364,24.0813,4500.0,0.0,8.59173,99.95326454120588,596_Charge4.csv,1531
4.19979,0.05108,23.97615,4560.0,0.0,8.59542,99.99398454490768,596_Charge4.csv,1531
4.19979,0.04853,23.97615,4570.0,0.0,8.596,100.0,596_Charge4.csv,1531
3.61217,2.99853,23.97615,0.0,0.0,0.17935,2.303584275673781,596_Charge5.csv,1535
3.64622,2.99853,24.18646,60.0,0.0,0.36077,4.608552085447067,596_Charge5.csv,1535
3.6742,2.99853,24.18646,120.0,0.0,0.5437,6.913058717187185,596_Charge5.csv,1535
3.69797,2.99853,24.29162,180.0,0.0,0.72794,9.218026526960468,596_Charge5.csv,1535
3.71466,2.99853,24.29162,240.0,0.0,0.91319,11.522533158700584,596_Charge5.csv,1535
3.72797,2.99853,24.39678,300.0,0.0,1.09918,13.827500968473869,596_Charge5.csv,1535
3.7418,2.99853,24.50194,360.0,0.0,1.28583,16.132468778247155,596_Charge5.csv,1535
3.7568,2.99853,24.50194,420.0,0.0,1.47322,18.43743658802044,596_Charge5.csv,1535
3.77231,2.99853,24.6071,480.0,0.0,1.66135,20.74194321976056,596_Charge5.csv,1535
3.78748,2.99853,24.6071,540.0,0.0,1.85026,23.04691102953384,596_Charge5.csv,1535
3.80248,2.99853,24.6071,600.0,0.0,2.03991,25.351417661273963,596_Charge5.csv,1535
3.81816,2.99853,24.71226,660.0,0.0,2.23034,27.65638547104724,596_Charge5.csv,1535
3.83501,2.99853,24.6071,720.0,0.0,2.42159,29.96135328082053,596_Charge5.csv,1535
3.85305,2.99853,24.71226,780.0,0.0,2.61367,32.26585991256065,596_Charge5.csv,1535
3.8721,2.99853,24.71226,840.0,0.0,2.80673,34.5712889003671,596_Charge5.csv,1535
3.89148,2.99853,24.71226,900.0,0.0,3.00071,36.87579553210721,596_Charge5.csv,1535
3.91103,2.99853,24.81741,960.0,0.0,3.1957,39.18076334188051,596_Charge5.csv,1535
3.93042,2.99853,24.81741,1020.0,0.0,3.39164,41.48526997362062,596_Charge5.csv,1535
3.94947,2.99853,24.92257,1080.0,0.0,3.58855,43.79023778339391,596_Charge5.csv,1535
3.96801,2.99853,24.81741,1140.0,0.0,3.7864,46.09520559316719,596_Charge5.csv,1535
3.98605,2.99853,24.92257,1200.0,0.0,3.98517,48.40017340294048,596_Charge5.csv,1535
4.00341,2.99853,24.92257,1260.0,0.0,4.18481,50.70468003468059,596_Charge5.csv,1535
4.02043,2.99853,24.92257,1320.0,0.0,4.38531,53.00964784445388,596_Charge5.csv,1535
4.03729,2.99853,24.92257,1380.0,0.0,4.58666,55.31461565422716,596_Charge5.csv,1535
4.05431,2.99853,24.92257,1440.0,0.0,4.78886,57.619122285967286,596_Charge5.csv,1535
4.07184,2.99853,24.92257,1500.0,0.0,4.99192,59.92409009574055,596_Charge5.csv,1535
4.09022,2.99853,25.02773,1560.0,0.0,5.19586,62.229057905513855,596_Charge5.csv,1535
4.10994,2.99853,25.02773,1620.0,0.0,5.40079,64.53402571528713,596_Charge5.csv,1535
4.13101,2.99853,25.02773,1680.0,0.0,5.6067,66.83853234702725,596_Charge5.csv,1535
4.15326,2.99853,25.13289,1740.0,0.0,5.81371,69.14350015680053,596_Charge5.csv,1535
4.17585,2.99853,25.13289,1800.0,0.0,6.02183,71.44800678854065,596_Charge5.csv,1535
4.1981,2.99853,25.02773,1860.0,0.0,6.23109,73.75297459831394,596_Charge5.csv,1535
4.19995,2.54901,25.02773,1920.0,0.0,6.42408,75.87208766072055,596_Charge5.csv,1535
4.19979,2.27827,24.92257,1980.0,0.0,6.59245,77.72095039569076,596_Charge5.csv,1535
4.19979,2.0816,24.92257,2040.0,0.0,6.74461,79.39179840985815,596_Charge5.csv,1535
4.19979,1.93602,24.92257,2100.0,0.0,6.88496,80.93305539670536,596_Charge5.csv,1535
4.19979,1.81853,24.81741,2160.0,0.0,7.01625,82.37469792838829,596_Charge5.csv,1535
4.19979,1.71381,24.6071,2220.0,0.0,7.13984,83.73194488000148,596_Charge5.csv,1535
4.19979,1.61931,24.6071,2280.0,0.0,7.25655,85.01355863417514,596_Charge5.csv,1535
4.19979,1.53758,24.71226,2340.0,0.0,7.36695,86.22553450534045,596_Charge5.csv,1535
4.19979,1.45074,24.50194,2400.0,0.0,7.47144,87.37294545186225,596_Charge5.csv,1535
4.19979,1.369,24.39678,2460.0,0.0,7.57016,88.45717500784002,596_Charge5.csv,1535
4.19979,1.28983,24.50194,2520.0,0.0,7.66319,89.478684351307,596_Charge5.csv,1535
4.19979,1.21065,24.6071,2580.0,0.0,7.75069,90.43977937242894,596_Charge5.csv,1535
4.19979,1.13147,24.50194,2640.0,0.0,7.83266,91.33953771513956,596_Charge5.csv,1535
4.19979,1.05229,24.39678,2700.0,0.0,7.90908,92.1788817355052,596_Charge5.csv,1535
4.19979,0.97056,24.0813,2760.0,0.0,7.97982,92.95550554335998,596_Charge5.csv,1535
4.19979,0.89139,24.29162,2820.0,0.0,8.04499,93.6712538508366,596_Charge5.csv,1535
4.19979,0.81476,24.50194,2880.0,0.0,8.10473,94.32751019203457,596_Charge5.csv,1535
4.19979,0.74069,24.0813,2940.0,0.0,8.15925,94.92611927908648,596_Charge5.csv,1535
4.19979,0.66918,23.97615,3000.0,0.0,8.20868,95.46892582412517,596_Charge5.csv,1535
4.19979,0.60532,24.29162,3060.0,0.0,8.25329,95.95869689534948,596_Charge5.csv,1535
4.19979,0.54403,24.39678,3120.0,0.0,8.29343,96.39958309505802,596_Charge5.csv,1535
4.19979,0.48784,24.18646,3180.0,0.0,8.32956,96.79619620358244,596_Charge5.csv,1535
4.19979,0.43675,23.87099,3240.0,0.0,8.36195,97.1517644671549,596_Charge5.csv,1535
4.19979,0.38823,23.87099,3300.0,0.0,8.39081,97.46859377594129,596_Charge5.csv,1535
4.19979,0.34736,24.18646,3360.0,0.0,8.41652,97.7512959102732,596_Charge5.csv,1535
4.19979,0.30905,24.29162,3420.0,0.0,8.4395,98.00356029441606,596_Charge5.csv,1535
4.19979,0.2784,24.18646,3480.0,0.0,8.46006,98.22907635263518,596_Charge5.csv,1535
4.19979,0.24775,23.87099,3540.0,0.0,8.47842,98.43061115312956,596_Charge5.csv,1535
4.19979,0.22221,23.76583,3600.0,0.0,8.49487,98.6113929421314,596_Charge5.csv,1535
4.19979,0.19922,23.97615,3660.0,0.0,8.50956,98.77280525374016,596_Charge5.csv,1535
4.19979,0.17879,24.18646,3720.0,0.0,8.52274,98.9176151561549,596_Charge5.csv,1535
4.19979,0.16091,24.18646,3780.0,0.0,8.5346,99.04766736150825,596_Charge5.csv,1535
4.19979,0.14558,23.97615,3840.0,0.0,8.54528,99.16480658193292,596_Charge5.csv,1535
4.19979,0.13281,23.97615,3900.0,0.0,8.55497,99.27133870759468,596_Charge5.csv,1535
4.19979,0.12004,23.97615,3960.0,0.0,8.56373,99.36772491652678,596_Charge5.csv,1535
4.19979,0.10727,24.18646,4020.0,0.0,8.57164,99.45442638676236,596_Charge5.csv,1535
4.19979,0.09961,24.18646,4080.0,0.0,8.57886,99.53374900846724,596_Charge5.csv,1535
4.19979,0.08939,24.0813,4140.0,0.0,8.58547,99.6061539596746,596_Charge5.csv,1535
4.19979,0.08429,23.87099,4200.0,0.0,8.5915,99.6725635964508,596_Charge5.csv,1535
4.19979,0.07662,23.87099,4260.0,0.0,8.59706,99.73343909682896,596_Charge5.csv,1535
4.19979,0.07152,24.0813,4320.0,0.0,8.60218,99.78970281687543,596_Charge5.csv,1535
4.19979,0.06641,24.18646,4380.0,0.0,8.6069,99.8418159346234,596_Charge5.csv,1535
4.19979,0.05874,24.0813,4440.0,0.0,8.61127,99.88977845007288,596_Charge5.csv,1535
4.19979,0.05619,23.87099,4500.0,0.0,8.6153,99.934051541257,596_Charge5.csv,1535
4.19979,0.05108,23.76583,4560.0,0.0,8.61907,99.97509638620892,596_Charge5.csv,1535
4.19979,0.04853,23.97615,4597.0,0.0,8.62131,100.0,596_Charge5.csv,1535
3.62329,2.99853,24.0813,0.0,0.0,0.17987,2.333487435965686,601_Charge6.csv,1548
3.65903,2.99853,23.97615,60.0,0.0,0.36189,4.66744184960517,601_Charge6.csv,1548
3.68701,2.99853,24.18646,120.0,0.0,0.54549,7.001396263244654,601_Charge6.csv,1548
3.70707,2.99853,24.18646,180.0,0.0,0.73028,9.33488369921034,601_Charge6.csv,1548
3.72123,2.99853,24.29162,240.0,0.0,0.91592,11.668838112849825,601_Charge6.csv,1548
3.73472,2.99853,24.50194,300.0,0.0,1.10224,14.002792526489309,601_Charge6.csv,1548
3.74938,2.99853,24.50194,360.0,0.0,1.28925,16.33674694012879,601_Charge6.csv,1548
3.76472,2.99853,24.50194,420.0,0.0,1.47702,18.67070135376828,601_Charge6.csv,1548
3.78006,2.99853,24.50194,480.0,0.0,1.66556,21.00465576740776,601_Charge6.csv,1548
3.79489,2.99853,24.50194,540.0,0.0,1.85485,23.338143203373445,601_Charge6.csv,1548
3.81006,2.99853,24.6071,600.0,0.0,2.04487,25.67209761701293,601_Charge6.csv,1548
3.82641,2.99853,24.71226,660.0,0.0,2.23569,28.005585052978617,601_Charge6.csv,1548
3.84395,2.99853,24.71226,720.0,0.0,2.42735,30.339539466618103,601_Charge6.csv,1548
3.86249,2.99853,24.71226,780.0,0.0,2.61992,32.67349388025758,601_Charge6.csv,1548
3.88187,2.99853,24.71226,840.0,0.0,2.81345,35.00744829389706,601_Charge6.csv,1548
3.90143,2.99853,24.81741,900.0,0.0,3.00794,37.34093572986275,601_Charge6.csv,1548
3.92098,2.99853,24.81741,960.0,0.0,3.2034,39.67489014350223,601_Charge6.csv,1548
3.9402,2.99853,24.81741,1020.0,0.0,3.39983,42.008377579467926,601_Charge6.csv,1548
3.95891,2.99853,24.81741,1080.0,0.0,3.59723,44.3423319931074,601_Charge6.csv,1548
3.97728,2.99853,24.92257,1140.0,0.0,3.79554,46.67628640674689,601_Charge6.csv,1548
3.99498,2.99853,24.92257,1200.0,0.0,3.99474,49.009773842712576,601_Charge6.csv,1548
4.01217,2.99853,24.92257,1260.0,0.0,4.19483,51.34372825635206,601_Charge6.csv,1548
4.0292,2.99853,24.81741,1320.0,0.0,4.39577,53.67721569231775,601_Charge6.csv,1548
4.04605,2.99853,24.92257,1380.0,0.0,4.59756,56.011170105957234,601_Charge6.csv,1548
4.06325,3.00108,24.81741,1440.0,0.0,4.8002,58.34512451959672,601_Charge6.csv,1548
4.08128,2.99853,24.92257,1500.0,0.0,5.00371,60.679078933236205,601_Charge6.csv,1548
4.10033,2.99853,25.02773,1560.0,0.0,5.20814,63.012566369201885,601_Charge6.csv,1548
4.12073,2.99853,25.02773,1620.0,0.0,5.41357,65.34652078284137,601_Charge6.csv,1548
4.1423,2.99853,24.92257,1680.0,0.0,5.62006,67.68047519648086,601_Charge6.csv,1548
4.16472,2.99853,24.92257,1740.0,0.0,5.82762,70.01396263244654,601_Charge6.csv,1548
4.18714,2.99853,24.92257,1800.0,0.0,6.03633,72.34791704608602,601_Charge6.csv,1548
4.19995,2.74056,25.02773,1860.0,0.0,6.24182,74.63470671467196,601_Charge6.csv,1548
4.19995,2.40342,24.92257,1920.0,0.0,6.42091,76.62589951574415,601_Charge6.csv,1548
4.19995,2.1761,24.81741,1980.0,0.0,6.58076,78.4036835198909,601_Charge6.csv,1548
4.19979,2.00753,24.81741,2040.0,0.0,6.72692,80.02876582470591,601_Charge6.csv,1548
4.19979,1.87472,24.71226,2100.0,0.0,6.86268,81.53803766641916,601_Charge6.csv,1548
4.19979,1.76489,24.6071,2160.0,0.0,6.99006,82.95438095104673,601_Charge6.csv,1548
4.19979,1.66784,24.50194,2220.0,0.0,7.11014,84.28947012043353,601_Charge6.csv,1548
4.19979,1.57844,24.50194,2280.0,0.0,7.22365,85.55171077270796,601_Charge6.csv,1548
4.19979,1.48905,24.50194,2340.0,0.0,7.33098,86.74530570693415,601_Charge6.csv,1548
4.19979,1.40476,24.39678,2400.0,0.0,7.43237,87.8725898114811,601_Charge6.csv,1548
4.19979,1.32558,24.50194,2460.0,0.0,7.52797,88.93543099704402,601_Charge6.csv,1548
4.19979,1.24641,24.29162,2520.0,0.0,7.61791,89.93569717431808,601_Charge6.csv,1548
4.19979,1.16468,24.39678,2580.0,0.0,7.70227,90.8733883433033,601_Charge6.csv,1548
4.19979,1.08294,24.29162,2640.0,0.0,7.78093,91.74803752632586,601_Charge6.csv,1548
4.19979,1.00377,24.29162,2700.0,0.0,7.85397,92.56057867873336,601_Charge6.csv,1548
4.19979,0.92714,24.18646,2760.0,0.0,7.92144,93.310544822852,601_Charge6.csv,1548
4.19979,0.84541,24.0813,2820.0,0.0,7.98342,93.999803869377,601_Charge6.csv,1548
4.19979,0.77134,24.18646,2880.0,0.0,8.04008,94.62975675132972,601_Charge6.csv,1548
4.19979,0.69983,24.0813,2940.0,0.0,8.09163,95.20273835707914,601_Charge6.csv,1548
4.19979,0.63342,24.0813,3000.0,0.0,8.13828,95.72155055266806,601_Charge6.csv,1548
4.19979,0.56957,24.0813,3060.0,0.0,8.18031,96.18899520413927,601_Charge6.csv,1548
4.19979,0.51082,24.0813,3120.0,0.0,8.21805,96.60880813288315,601_Charge6.csv,1548
4.19979,0.45719,24.0813,3180.0,0.0,8.25191,96.98519213796388,601_Charge6.csv,1548
4.19979,0.40866,23.97615,3240.0,0.0,8.28223,97.32235001844562,601_Charge6.csv,1548
4.19979,0.36524,24.0813,3300.0,0.0,8.30932,97.62355061804494,601_Charge6.csv,1548
4.19979,0.32693,23.87099,3360.0,0.0,8.3335,97.89206278047848,601_Charge6.csv,1548
4.19979,0.29117,23.97615,3420.0,0.0,8.3551,98.13255628248416,601_Charge6.csv,1548
4.19979,0.26052,23.97615,3480.0,0.0,8.37438,98.34689903475714,601_Charge6.csv,1548
4.19979,0.23242,23.97615,3540.0,0.0,8.3916,98.53835988101407,601_Charge6.csv,1548
4.19979,0.20944,23.87099,3600.0,0.0,8.40701,98.70974068729772,601_Charge6.csv,1548
4.19979,0.18645,23.97615,3660.0,0.0,8.42081,98.86290936430328,601_Charge6.csv,1548
4.19979,0.16857,23.87099,3720.0,0.0,8.43323,99.00113475574732,601_Charge6.csv,1548
4.19979,0.15069,23.87099,3780.0,0.0,8.4444,99.12535081697744,601_Charge6.csv,1548
4.19979,0.13537,23.97615,3840.0,0.0,8.45449,99.23742545868882,601_Charge6.csv,1548
4.19979,0.12515,23.87099,3900.0,0.0,8.4636,99.33875961390288,601_Charge6.csv,1548
4.19979,0.11238,23.87099,3960.0,0.0,8.4719,99.43122119331474,601_Charge6.csv,1548
4.19979,0.10216,23.76583,4020.0,0.0,8.4794,99.51481019692449,601_Charge6.csv,1548
4.19979,0.0945,23.97615,4080.0,0.0,8.48625,99.59046058007964,601_Charge6.csv,1548
4.19979,0.08429,23.97615,4140.0,0.0,8.49253,99.66050723114928,601_Charge6.csv,1548
4.19979,0.07662,23.87099,4200.0,0.0,8.49825,99.72401619478572,601_Charge6.csv,1548
4.19979,0.07152,23.87099,4260.0,0.0,8.50354,99.7828553816842,601_Charge6.csv,1548
4.19979,0.06641,23.97615,4320.0,0.0,8.50839,99.8370247918447,601_Charge6.csv,1548
4.19979,0.0613,23.97615,4380.0,0.0,8.51288,99.886991402941,601_Charge6.csv,1548
4.19979,0.05619,23.87099,4440.0,0.0,8.51703,99.93275521497316,601_Charge6.csv,1548
4.19979,0.05364,23.87099,4500.0,0.0,8.52087,99.97571716096252,601_Charge6.csv,1548
4.19979,0.04853,23.97615,4536.0,0.0,8.52304,100.0,601_Charge6.csv,1548
3.61975,2.99853,23.66067,0.0,0.0,0.17976,2.3302654768232296,601_Charge7.csv,1552
3.65532,2.99853,23.55551,60.0,0.0,0.36158,4.660064714055259,601_Charge7.csv,1552
3.68381,2.99853,24.39678,120.0,0.0,0.54499,6.990330190878488,601_Charge7.csv,1552
3.70505,2.99853,24.92257,180.0,0.0,0.72967,9.32059566770172,601_Charge7.csv,1552
3.71954,2.99853,24.81741,240.0,0.0,0.91522,11.650394904933746,601_Charge7.csv,1552
3.7332,2.99853,23.97615,300.0,0.0,1.10146,13.980660381756977,601_Charge7.csv,1552
3.74803,2.99853,23.97615,360.0,0.0,1.2884,16.310925858580205,601_Charge7.csv,1552
3.76354,2.99853,24.50194,420.0,0.0,1.4761,18.64119133540344,601_Charge7.csv,1552
3.77888,2.99853,25.13289,480.0,0.0,1.66457,20.970990572635465,601_Charge7.csv,1552
3.79354,2.99853,25.23805,540.0,0.0,1.8538,23.301256049458694,601_Charge7.csv,1552
3.80855,3.00108,24.92257,600.0,0.0,2.04377,25.63152152628192,601_Charge7.csv,1552
3.82507,2.99853,24.39678,660.0,0.0,2.23451,27.961787003105155,601_Charge7.csv,1552
3.84293,2.99853,24.39678,720.0,0.0,2.4261,30.29158624033719,601_Charge7.csv,1552
3.86164,2.99853,24.71226,780.0,0.0,2.61861,32.621385477569206,601_Charge7.csv,1552
3.88069,2.99853,25.23805,840.0,0.0,2.81209,34.95165095439244,601_Charge7.csv,1552
3.89991,2.99853,25.23805,900.0,0.0,3.0065,37.28191643121567,601_Charge7.csv,1552
3.91929,2.99853,25.02773,960.0,0.0,3.2019,39.6121819080389,601_Charge7.csv,1552
3.93868,2.99853,24.71226,1020.0,0.0,3.39825,41.94198114527093,601_Charge7.csv,1552
3.95773,2.99853,24.50194,1080.0,0.0,3.59558,44.27224662209416,601_Charge7.csv,1552
3.97627,2.99853,24.71226,1140.0,0.0,3.79384,46.60204585932618,601_Charge7.csv,1552
3.99397,2.99853,25.13289,1200.0,0.0,3.99301,48.93231133614941,601_Charge7.csv,1552
4.01099,2.99853,25.23805,1260.0,0.0,4.19305,51.26257681297265,601_Charge7.csv,1552
4.02768,2.99853,25.23805,1320.0,0.0,4.39393,53.59284228979588,601_Charge7.csv,1552
4.04454,2.99853,25.02773,1380.0,0.0,4.59564,55.92264152702791,601_Charge7.csv,1552
4.0619,2.99853,24.92257,1440.0,0.0,4.7982,58.25290700385113,601_Charge7.csv,1552
4.0801,2.99853,24.71226,1500.0,0.0,5.00164,60.58270624108316,601_Charge7.csv,1552
4.09915,2.99853,24.92257,1560.0,0.0,5.20602,62.9129717179064,601_Charge7.csv,1552
4.11938,2.99853,25.23805,1620.0,0.0,5.41139,65.24323719472963,601_Charge7.csv,1552
4.14079,2.99853,25.34321,1680.0,0.0,5.61779,67.57303643196165,601_Charge7.csv,1552
4.16321,2.99853,25.02773,1740.0,0.0,5.82531,69.90330190878488,601_Charge7.csv,1552
4.18579,2.99853,25.02773,1800.0,0.0,6.03392,72.23356738560811,601_Charge7.csv,1552
4.19995,2.76355,24.92257,1860.0,0.0,6.24026,74.52653369513526,601_Charge7.csv,1552
4.19995,2.41619,25.13289,1920.0,0.0,6.42045,76.52670154138808,601_Charge7.csv,1552
4.19979,2.18632,25.13289,1980.0,0.0,6.58109,78.31006797773239,601_Charge7.csv,1552
4.19979,2.01775,24.92257,2040.0,0.0,6.72796,79.94050782816274,601_Charge7.csv,1552
4.19979,1.88494,24.81741,2100.0,0.0,6.86438,81.45532025997518,601_Charge7.csv,1552
4.19979,1.77,24.6071,2160.0,0.0,6.99217,82.87362109640901,601_Charge7.csv,1552
4.19979,1.67039,24.6071,2220.0,0.0,7.11249,84.20939752520025,601_Charge7.csv,1552
4.19979,1.57844,24.81741,2280.0,0.0,7.22616,85.4715080985817,601_Charge7.csv,1552
4.19979,1.49671,24.6071,2340.0,0.0,7.33378,86.66601393123898,601_Charge7.csv,1552
4.19979,1.41242,24.50194,2400.0,0.0,7.43561,87.79664493990171,601_Charge7.csv,1552
4.19979,1.33069,24.29162,2460.0,0.0,7.53169,88.86340112456989,601_Charge7.csv,1552
4.19979,1.25152,24.29162,2520.0,0.0,7.62201,89.86581624565231,601_Charge7.csv,1552
4.19979,1.16978,24.6071,2580.0,0.0,7.70666,90.80575526151378,601_Charge7.csv,1552
4.19979,1.09061,24.50194,2640.0,0.0,7.78579,91.68415065133672,601_Charge7.csv,1552
4.19979,1.00887,24.0813,2700.0,0.0,7.85931,92.50053617552987,601_Charge7.csv,1552
4.19979,0.9297,24.18646,2760.0,0.0,7.92718,93.25397935491088,601_Charge7.csv,1552
4.19979,0.85307,24.50194,2820.0,0.0,7.98954,93.94587890825336,601_Charge7.csv,1552
4.19979,0.779,24.39678,2880.0,0.0,8.04669,94.58043099187807,601_Charge7.csv,1552
4.19979,0.70494,23.87099,2940.0,0.0,8.09866,95.15763560578507,601_Charge7.csv,1552
4.19979,0.63853,23.97615,3000.0,0.0,8.14561,95.67842522915674,601_Charge7.csv,1552
4.19979,0.57468,24.39678,3060.0,0.0,8.18795,96.14886097667868,601_Charge7.csv,1552
4.19979,0.51593,24.39678,3120.0,0.0,8.22608,96.5717402858981,601_Charge7.csv,1552
4.19979,0.46485,24.29162,3180.0,0.0,8.26034,96.95219179231825,601_Charge7.csv,1552
4.19979,0.41377,24.0813,3240.0,0.0,8.29096,97.29208045430384,601_Charge7.csv,1552
4.19979,0.36779,23.97615,3300.0,0.0,8.31827,97.59560242817578,601_Charge7.csv,1552
4.19979,0.32948,24.0813,3360.0,0.0,8.34265,97.86602139107244,601_Charge7.csv,1552
4.19979,0.29628,24.18646,3420.0,0.0,8.36442,98.10799973890582,601_Charge7.csv,1552
4.19979,0.26307,24.18646,3480.0,0.0,8.38385,98.32340243004074,601_Charge7.csv,1552
4.19979,0.23498,24.0813,3540.0,0.0,8.40121,98.516425620798,601_Charge7.csv,1552
4.19979,0.20944,23.97615,3600.0,0.0,8.41675,98.6889342695424,601_Charge7.csv,1552
4.19979,0.189,23.97615,3660.0,0.0,8.43068,98.84325957423,601_Charge7.csv,1552
4.19979,0.16857,23.97615,3720.0,0.0,8.44319,98.98219897240794,601_Charge7.csv,1552
4.19979,0.15325,24.0813,3780.0,0.0,8.45448,99.10761742244104,601_Charge7.csv,1552
4.19979,0.13792,24.0813,3840.0,0.0,8.46464,99.2204474035117,601_Charge7.csv,1552
4.19979,0.12515,24.0813,3900.0,0.0,8.47384,99.32255387398476,601_Charge7.csv,1552
4.19979,0.11238,23.87099,3960.0,0.0,8.4822,99.4153355526338,601_Charge7.csv,1552
4.19979,0.10216,23.97615,4020.0,0.0,8.48975,99.49925867905,601_Charge7.csv,1552
4.19979,0.0945,23.97615,4080.0,0.0,8.49664,99.57572197200696,601_Charge7.csv,1552
4.19979,0.08684,24.0813,4140.0,0.0,8.50296,99.64565791068716,601_Charge7.csv,1552
4.19979,0.07918,23.97615,4200.0,0.0,8.50873,99.70999897427288,601_Charge7.csv,1552
4.19979,0.07407,23.97615,4260.0,0.0,8.51408,99.76921140235544,601_Charge7.csv,1552
4.19979,0.06641,23.87099,4320.0,0.0,8.51898,99.82376143452596,601_Charge7.csv,1552
4.19979,0.0613,23.97615,4380.0,0.0,8.52352,99.87411531037569,601_Charge7.csv,1552
4.19979,0.05619,23.97615,4440.0,0.0,8.5277,99.9202730299046,601_Charge7.csv,1552
4.19979,0.05364,23.87099,4500.0,0.0,8.53157,99.9636333118863,601_Charge7.csv,1552
4.19979,0.04853,23.97615,4555.0,0.0,8.53488,100.0,601_Charge7.csv,1552
3.61841,2.99853,24.18646,0.0,0.0,0.17971,2.33153733118746,601_Charge8.csv,1556
3.65347,2.99853,24.18646,60.0,0.0,0.36145,4.662608168311058,601_Charge8.csv,1556
3.68195,2.99853,24.0813,120.0,0.0,0.54476,6.99414549949852,601_Charge8.csv,1556
3.70437,2.99853,24.18646,180.0,0.0,0.72936,9.325216336622116,601_Charge8.csv,1556
3.71971,3.00108,24.50194,240.0,0.0,0.9149,11.656753667809577,601_Charge8.csv,1556
3.7332,2.99853,24.71226,300.0,0.0,1.10114,13.98829099899704,601_Charge8.csv,1556
3.74753,2.99853,24.6071,360.0,0.0,1.28808,16.319828330184496,601_Charge8.csv,1556
3.76303,2.99853,24.50194,420.0,0.0,1.47575,18.65136566137196,601_Charge8.csv,1556
3.77871,2.99853,24.39678,480.0,0.0,1.66421,20.98243649849556,601_Charge8.csv,1556
3.79388,2.99853,24.50194,540.0,0.0,1.85342,23.31397382968301,601_Charge8.csv,1556
3.80922,2.99853,24.71226,600.0,0.0,2.04341,25.645044666806616,601_Charge8.csv,1556
3.8254,2.99853,24.92257,660.0,0.0,2.23418,27.97658199799408,601_Charge8.csv,1556
3.84293,2.99853,24.92257,720.0,0.0,2.42581,30.308119329181537,601_Charge8.csv,1556
3.86148,2.99853,24.81741,780.0,0.0,2.61831,32.639190166305134,601_Charge8.csv,1556
3.88086,2.99853,24.71226,840.0,0.0,2.81178,34.97072749749259,601_Charge8.csv,1556
3.90058,2.99853,24.81741,900.0,0.0,3.00621,37.30226482868005,601_Charge8.csv,1556
3.92014,2.99853,25.02773,960.0,0.0,3.20165,39.63380215986752,601_Charge8.csv,1556
3.93918,2.99853,25.02773,1020.0,0.0,3.39804,41.96487299699111,601_Charge8.csv,1556
3.95806,2.99853,24.81741,1080.0,0.0,3.5954,44.29641032817857,601_Charge8.csv,1556
3.97644,3.00108,24.71226,1140.0,0.0,3.79368,46.62794765936603,601_Charge8.csv,1556
3.99431,2.99853,24.81741,1200.0,0.0,3.99288,48.95995148461736,601_Charge8.csv,1556
4.0115,2.99853,25.13289,1260.0,0.0,4.19292,51.29102232174096,601_Charge8.csv,1556
4.02819,2.99853,25.13289,1320.0,0.0,4.39385,53.622559652928416,601_Charge8.csv,1556
4.04521,2.99853,24.92257,1380.0,0.0,4.59557,55.95363049005201,601_Charge8.csv,1556
4.06274,2.99853,24.71226,1440.0,0.0,4.79817,58.28516782123947,601_Charge8.csv,1556
4.08078,2.99853,25.02773,1500.0,0.0,5.00166,60.61670515242693,601_Charge8.csv,1556
4.09966,2.99853,25.34321,1560.0,0.0,5.20609,62.9482424836144,601_Charge8.csv,1556
4.11972,3.00108,25.34321,1620.0,0.0,5.41148,65.27977981480186,601_Charge8.csv,1556
4.14146,2.99853,24.81741,1680.0,0.0,5.6179,67.61085065192546,601_Charge8.csv,1556
4.16422,2.99853,24.81741,1740.0,0.0,5.82545,69.94238798311291,601_Charge8.csv,1556
4.18697,2.99853,25.02773,1800.0,0.0,6.03411,72.27345882023651,601_Charge8.csv,1556
4.19995,2.74567,25.13289,1860.0,0.0,6.2398,74.56021272129311,601_Charge8.csv,1556
4.19995,2.41364,25.23805,1920.0,0.0,6.41936,76.55494133837148,601_Charge8.csv,1556
4.19995,2.18377,25.13289,1980.0,0.0,6.5798,78.33694866232828,601_Charge8.csv,1556
4.19979,2.01009,24.81741,2040.0,0.0,6.72629,79.96407995708255,601_Charge8.csv,1556
4.19979,1.87472,24.50194,2100.0,0.0,6.86209,81.47225526555174,601_Charge8.csv,1556
4.19979,1.76234,24.71226,2160.0,0.0,6.98932,82.88573227905674,601_Charge8.csv,1556
4.19979,1.66784,24.92257,2220.0,0.0,7.1093,84.21803932544958,601_Charge8.csv,1556
4.19979,1.581,24.71226,2280.0,0.0,7.22293,85.48037226226296,601_Charge8.csv,1556
4.19979,1.49416,24.39678,2340.0,0.0,7.33048,86.6750635598162,601_Charge8.csv,1556
4.19979,1.40987,24.18646,2400.0,0.0,7.43207,87.80351270030089,601_Charge8.csv,1556
4.19979,1.32558,24.39678,2460.0,0.0,7.52773,88.86618617778088,601_Charge8.csv,1556
4.19979,1.24641,24.6071,2520.0,0.0,7.61775,89.86588295663938,601_Charge8.csv,1556
4.19979,1.16978,24.6071,2580.0,0.0,7.70231,90.80493550719568,601_Charge8.csv,1556
4.19979,1.08805,24.0813,2640.0,0.0,7.78128,91.68241084132204,601_Charge8.csv,1556
4.19979,1.00887,24.18646,2700.0,0.0,7.85452,92.49597648869918,601_Charge8.csv,1556
4.19979,0.92714,24.50194,2760.0,0.0,7.92225,93.2479649196464,601_Charge8.csv,1556
4.19979,0.85307,24.6071,2820.0,0.0,7.98463,93.94117509854686,601_Charge8.csv,1556
4.19979,0.779,24.0813,2880.0,0.0,8.04174,94.5756070254006,601_Charge8.csv,1556
4.19979,0.70494,23.87099,2940.0,0.0,8.09361,95.15172719427144,601_Charge8.csv,1556
4.19979,0.63597,24.39678,3000.0,0.0,8.1405,95.6723345695426,601_Charge8.csv,1556
4.19979,0.57468,24.50194,3060.0,0.0,8.18286,96.1430270799804,601_Charge8.csv,1556
4.19979,0.51593,23.87099,3120.0,0.0,8.22101,96.56660368996806,601_Charge8.csv,1556
4.19979,0.45974,23.66067,3180.0,0.0,8.25515,96.94586336388868,601_Charge8.csv,1556
4.19979,0.41377,24.29162,3240.0,0.0,8.28566,97.2850045483171,601_Charge8.csv,1556
4.19979,0.36779,24.50194,3300.0,0.0,8.31297,97.5882256898281,601_Charge8.csv,1556
4.19979,0.32948,24.39678,3360.0,0.0,8.33741,97.8597252349964,601_Charge8.csv,1556
4.19979,0.29628,23.87099,3420.0,0.0,8.35935,98.10323513633288,601_Charge8.csv,1556
4.19979,0.26307,23.66067,3480.0,0.0,8.37885,98.31968838196534,601_Charge8.csv,1556
4.19979,0.23498,23.66067,3540.0,0.0,8.3962,98.51235043034076,601_Charge8.csv,1556
4.19979,0.20944,23.97615,3600.0,0.0,8.41172,98.68495323397008,601_Charge8.csv,1556
4.19979,0.189,24.0813,3660.0,0.0,8.42565,98.83982926317265,601_Charge8.csv,1556
4.19979,0.16857,24.0813,3720.0,0.0,8.43815,98.97837800013994,601_Charge8.csv,1556
4.19979,0.15325,23.97615,3780.0,0.0,8.44946,99.10433139738296,601_Charge8.csv,1556
4.19979,0.14048,23.76583,3840.0,0.0,8.45965,99.21722296083782,601_Charge8.csv,1556
4.19979,0.12515,23.66067,3900.0,0.0,8.46887,99.31985165488769,601_Charge8.csv,1556
4.19979,0.11494,23.97615,3960.0,0.0,8.47723,99.41268397359644,601_Charge8.csv,1556
4.19979,0.10216,23.97615,4020.0,0.0,8.48483,99.49711939915564,601_Charge8.csv,1556
4.19979,0.0945,24.0813,4080.0,0.0,8.49174,99.5736244256292,601_Charge8.csv,1556
4.19979,0.08684,23.97615,4140.0,0.0,8.49809,99.64453152333635,601_Charge8.csv,1556
4.19979,0.07918,23.87099,4200.0,0.0,8.50389,99.70890770414948,601_Charge8.csv,1556
4.19979,0.07152,23.76583,4260.0,0.0,8.50921,99.7676859561962,601_Charge8.csv,1556
4.19979,0.06641,23.87099,4320.0,0.0,8.51407,99.82179926760432,601_Charge8.csv,1556
4.19979,0.0613,23.87099,4380.0,0.0,8.51854,99.87171413243765,601_Charge8.csv,1556
4.19979,0.05874,23.87099,4440.0,0.0,8.52275,99.91836353882395,601_Charge8.csv,1556
4.19979,0.05364,23.87099,4500.0,0.0,8.52665,99.96174748676324,601_Charge8.csv,1556
4.19979,0.04853,23.97615,4557.0,0.0,8.5301,100.0,601_Charge8.csv,1556
4.19979,0.18134,23.76583,0.0,0.0,0.01944,42.94990723562152,602_Charge17.csv,1586
4.19979,0.11494,23.87099,60.0,0.0,0.02958,65.3061224489796,602_Charge17.csv,1586
4.19979,0.08173,23.87099,120.0,0.0,0.03641,80.42671614100186,602_Charge17.csv,1586
4.19979,0.0613,23.87099,180.0,0.0,0.04144,91.55844155844156,602_Charge17.csv,1586
4.19979,0.04853,23.87099,239.0,0.0,0.04527,100.0,602_Charge17.csv,1586
3.62633,2.99853,23.97615,0.0,0.0,0.18003,2.3532181364471016,604_Charge10.csv,1596
3.66223,2.99853,24.18646,60.0,0.0,0.36221,4.705965440934131,604_Charge10.csv,1596
3.69038,2.99853,24.29162,120.0,0.0,0.54598,7.0591835773812335,604_Charge10.csv,1596
3.71078,2.99853,24.39678,180.0,0.0,0.73096,9.412401713828334,604_Charge10.csv,1596
3.72511,2.99853,24.6071,240.0,0.0,0.91678,11.765619850275437,604_Charge10.csv,1596
3.73893,3.00108,24.71226,300.0,0.0,1.10329,14.118367154762469,604_Charge10.csv,1596
3.75393,2.99853,24.71226,360.0,0.0,1.29054,16.471585291209568,604_Charge10.csv,1596
3.76961,2.99853,24.6071,420.0,0.0,1.47853,18.82480342765667,604_Charge10.csv,1596
3.78495,2.99853,24.71226,480.0,0.0,1.66733,21.178021564103773,604_Charge10.csv,1596
3.80012,2.99853,24.71226,540.0,0.0,1.85686,23.5307688685908,604_Charge10.csv,1596
3.8158,2.99853,24.81741,600.0,0.0,2.04717,25.883987005037906,604_Charge10.csv,1596
3.83265,3.00108,24.92257,660.0,0.0,2.23829,28.237205141485006,604_Charge10.csv,1596
3.85069,2.99853,24.81741,720.0,0.0,2.43027,30.59042327793211,604_Charge10.csv,1596
3.86957,2.99853,24.81741,780.0,0.0,2.62318,32.943170582419135,604_Charge10.csv,1596
3.88912,2.99853,24.92257,840.0,0.0,2.81706,35.29638871886624,604_Charge10.csv,1596
3.90884,2.99853,24.92257,900.0,0.0,3.01193,37.64960685531334,604_Charge10.csv,1596
3.9284,2.99853,24.92257,960.0,0.0,3.20775,40.00235415980037,604_Charge10.csv,1596
3.94744,2.99853,24.92257,1020.0,0.0,3.40456,42.35557229624747,604_Charge10.csv,1596
3.96615,2.99853,25.02773,1080.0,0.0,3.60232,44.70879043269457,604_Charge10.csv,1596
3.98419,2.99853,25.13289,1140.0,0.0,3.80099,47.06200856914168,604_Charge10.csv,1596
4.00189,2.99853,25.02773,1200.0,0.0,4.00055,49.41475587362871,604_Charge10.csv,1596
4.01925,2.99853,25.02773,1260.0,0.0,4.20099,51.76797401007581,604_Charge10.csv,1596
4.03611,2.99853,25.02773,1320.0,0.0,4.40227,54.12072131456284,604_Charge10.csv,1596
4.0533,2.99853,25.02773,1380.0,0.0,4.6044,56.47393945100993,604_Charge10.csv,1596
4.07066,2.99853,25.02773,1440.0,0.0,4.80742,58.82715758745704,604_Charge10.csv,1596
4.08904,2.99853,25.13289,1500.0,0.0,5.01131,61.180375723904135,604_Charge10.csv,1596
4.10859,2.99853,25.13289,1560.0,0.0,5.21616,63.533593860351246,604_Charge10.csv,1596
4.12949,2.99853,25.02773,1620.0,0.0,5.422,65.88634116483827,604_Charge10.csv,1596
4.15158,2.99853,25.02773,1680.0,0.0,5.62893,68.23955930128538,604_Charge10.csv,1596
4.17416,2.99853,25.13289,1740.0,0.0,5.83698,70.59277743773248,604_Charge10.csv,1596
4.19641,2.99853,25.02773,1800.0,0.0,6.04615,72.9455247422195,604_Charge10.csv,1596
4.19995,2.57455,25.02773,1860.0,0.0,6.24149,75.13536418852112,604_Charge10.csv,1596
4.19995,2.29359,25.13289,1920.0,0.0,6.41129,77.03893780309808,604_Charge10.csv,1596
4.19979,2.09437,24.92257,1980.0,0.0,6.56451,78.7570036254061,604_Charge10.csv,1596
4.19979,1.94113,24.81741,2040.0,0.0,6.70548,80.33711568341259,604_Charge10.csv,1596
4.19979,1.82108,24.92257,2100.0,0.0,6.83695,81.81129055040256,604_Charge10.csv,1596
4.19979,1.71636,24.81741,2160.0,0.0,6.96073,83.19883233673903,604_Charge10.csv,1596
4.19979,1.62442,24.6071,2220.0,0.0,7.07767,84.50962851358351,604_Charge10.csv,1596
4.19979,1.53502,24.50194,2280.0,0.0,7.18823,85.74932906445689,604_Charge10.csv,1596
4.19979,1.45074,24.6071,2340.0,0.0,7.2927,86.92028814915957,604_Charge10.csv,1596
4.19979,1.37156,24.71226,2400.0,0.0,7.39149,88.02768491925232,604_Charge10.csv,1596
4.19979,1.29238,24.50194,2460.0,0.0,7.48472,89.07293187061538,604_Charge10.csv,1596
4.19979,1.2132,24.39678,2520.0,0.0,7.57251,90.05744149912897,604_Charge10.csv,1596
4.19979,1.13403,24.29162,2580.0,0.0,7.6547,90.97885964499272,604_Charge10.csv,1596
4.19979,1.05485,24.50194,2640.0,0.0,7.73138,91.83859880408684,604_Charge10.csv,1596
4.19979,0.97823,24.50194,2700.0,0.0,7.80258,92.63665897641133,604_Charge10.csv,1596
4.19979,0.9016,24.18646,2760.0,0.0,7.86842,93.37492348980648,604_Charge10.csv,1596
4.19979,0.82498,24.0813,2820.0,0.0,7.92883,94.05197984839212,604_Charge10.csv,1596
4.19979,0.75091,24.39678,2880.0,0.0,7.98394,94.66971138000848,604_Charge10.csv,1596
4.19979,0.6845,24.50194,2940.0,0.0,8.03411,95.23235557229626,604_Charge10.csv,1596
4.19979,0.6181,24.18646,3000.0,0.0,8.0797,95.74320824897596,604_Charge10.csv,1596
4.19979,0.5568,23.97615,3060.0,0.0,8.12078,96.20368190592778,604_Charge10.csv,1596
4.19979,0.49805,24.0813,3120.0,0.0,8.15765,96.61707236687226,604_Charge10.csv,1596
4.19979,0.44697,24.29162,3180.0,0.0,8.19072,96.98808795141017,604_Charge10.csv,1596
4.19979,0.401,24.18646,3240.0,0.0,8.22037,97.320495315222,604_Charge10.csv,1596
4.19979,0.35758,24.0813,3300.0,0.0,8.24689,97.61759028202836,604_Charge10.csv,1596
4.19979,0.31926,23.97615,3360.0,0.0,8.27057,97.88313950750975,604_Charge10.csv,1596
4.19979,0.28606,23.97615,3420.0,0.0,8.29175,98.12090964734686,604_Charge10.csv,1596
4.19979,0.25541,24.29162,3480.0,0.0,8.31069,98.33325486133998,604_Charge10.csv,1596
4.19979,0.22987,24.0813,3540.0,0.0,8.32767,98.52347097320968,604_Charge10.csv,1596
4.19979,0.20688,23.97615,3600.0,0.0,8.34291,98.69438297471632,604_Charge10.csv,1596
4.19979,0.1839,23.87099,3660.0,0.0,8.35656,98.8474033617402,604_Charge10.csv,1596
4.19979,0.16602,23.97615,3720.0,0.0,8.36884,98.98488629408163,604_Charge10.csv,1596
4.19979,0.15069,23.97615,3780.0,0.0,8.37995,99.1096567635011,604_Charge10.csv,1596
4.19979,0.13537,23.97615,3840.0,0.0,8.38997,99.2217147699986,604_Charge10.csv,1596
4.19979,0.1226,23.97615,3900.0,0.0,8.39906,99.32388530533451,604_Charge10.csv,1596
4.19979,0.11238,23.97615,3960.0,0.0,8.4073,99.41616836950892,604_Charge10.csv,1596
4.19979,0.10216,23.97615,4020.0,0.0,8.41484,99.50044729036208,604_Charge10.csv,1596
4.19979,0.0945,24.0813,4080.0,0.0,8.42173,99.57766373181413,604_Charge10.csv,1596
4.19979,0.08429,23.97615,4140.0,0.0,8.42804,99.6487593577852,604_Charge10.csv,1596
4.19979,0.07662,23.97615,4200.0,0.0,8.43376,99.7127925043552,604_Charge10.csv,1596
4.19979,0.07152,24.0813,4260.0,0.0,8.43899,99.77117566740432,604_Charge10.csv,1596
4.19979,0.06641,23.97615,4320.0,0.0,8.44383,99.82579217477284,604_Charge10.csv,1596
4.19979,0.0613,23.97615,4380.0,0.0,8.4483,99.8757003625406,604_Charge10.csv,1596
4.19979,0.05619,23.97615,4440.0,0.0,8.45244,99.92231272658788,604_Charge10.csv,1596
4.19979,0.05364,23.97615,4500.0,0.0,8.45631,99.96562926691465,604_Charge10.csv,1596
4.19979,0.04853,23.97615,4551.0,0.0,8.4594,100.0,604_Charge10.csv,1596
3.62633,2.99853,23.97615,0.0,0.0,0.17991,2.349686410494074,604_Charge13.csv,1600
3.66223,2.99853,24.0813,60.0,0.0,0.36209,4.701254828525588,604_Charge13.csv,1600
3.69038,2.99853,24.29162,120.0,0.0,0.54585,7.052823246557104,604_Charge13.csv,1600
3.71061,2.99853,24.29162,180.0,0.0,0.73082,9.403921162704258,604_Charge13.csv,1600
3.72494,2.99853,24.39678,240.0,0.0,0.91664,11.755489580735771,604_Charge13.csv,1600
3.73876,2.99853,24.39678,300.0,0.0,1.10313,14.107057998767289,604_Charge13.csv,1600
3.75359,2.99853,24.6071,360.0,0.0,1.29034,16.458155914914443,604_Charge13.csv,1600
3.76927,2.99853,24.6071,420.0,0.0,1.47832,18.80972433294596,604_Charge13.csv,1600
3.78461,2.99853,24.6071,480.0,0.0,1.66709,21.16082224909311,604_Charge13.csv,1600
3.79978,2.99853,24.71226,540.0,0.0,1.85663,23.512861169008985,604_Charge13.csv,1600
3.81546,2.99853,24.71226,600.0,0.0,2.04691,25.86395908515614,604_Charge13.csv,1600
3.83215,2.99853,24.81741,660.0,0.0,2.23799,28.215527503187648,604_Charge13.csv,1600
3.85018,2.99853,24.71226,720.0,0.0,2.42996,30.56662541933481,604_Charge13.csv,1600
3.86906,2.99853,24.81741,780.0,0.0,2.62285,32.918193837366324,604_Charge13.csv,1600
3.88862,2.99853,24.81741,840.0,0.0,2.81671,35.26976225539784,604_Charge13.csv,1600
3.90817,2.99853,24.92257,900.0,0.0,3.01154,37.62133067342935,604_Charge13.csv,1600
3.92772,2.99853,24.81741,960.0,0.0,3.20733,39.9724285895765,604_Charge13.csv,1600
3.94694,2.99853,24.92257,1020.0,0.0,3.40411,42.323997007608014,604_Charge13.csv,1600
3.96565,2.99853,24.92257,1080.0,0.0,3.60184,44.67509492375517,604_Charge13.csv,1600
3.98385,2.99853,25.02773,1140.0,0.0,3.80049,47.02666334178669,604_Charge13.csv,1600
4.00155,2.99853,24.92257,1200.0,0.0,4.00005,49.3782317598182,604_Charge13.csv,1600
4.01875,3.00108,25.02773,1260.0,0.0,4.20046,51.72932967596535,604_Charge13.csv,1600
4.03577,2.99853,24.92257,1320.0,0.0,4.40173,54.08089809399687,604_Charge13.csv,1600
4.0528,2.99853,24.92257,1380.0,0.0,4.60385,56.43246651202839,604_Charge13.csv,1600
4.07033,3.00108,24.92257,1440.0,0.0,4.80685,58.7840349300599,604_Charge13.csv,1600
4.0887,2.99853,25.02773,1500.0,0.0,5.01071,61.13513284620705,604_Charge13.csv,1600
4.10825,2.99853,25.13289,1560.0,0.0,5.21552,63.48623076235421,604_Charge13.csv,1600
4.12916,2.99853,25.02773,1620.0,0.0,5.42137,65.83779918038573,604_Charge13.csv,1600
4.15107,2.99853,25.13289,1680.0,0.0,5.62828,68.18936759841723,604_Charge13.csv,1600
4.17366,2.99853,25.13289,1740.0,0.0,5.83628,70.54046551456439,604_Charge13.csv,1600
4.19591,2.99853,25.13289,1800.0,0.0,6.04543,72.89203393259591,604_Charge13.csv,1600
4.19995,2.57965,25.02773,1860.0,0.0,6.24137,75.08739572501989,604_Charge13.csv,1600
4.19995,2.2987,25.02773,1920.0,0.0,6.41155,76.99386936044678,604_Charge13.csv,1600
4.19979,2.09437,25.02773,1980.0,0.0,6.565,78.71261274401404,604_Charge13.csv,1600
4.19979,1.94368,24.92257,2040.0,0.0,6.70608,80.2934990754638,604_Charge13.csv,1600
4.19979,1.82108,24.81741,2100.0,0.0,6.8377,81.76805198104819,604_Charge13.csv,1600
4.19979,1.71892,24.71226,2160.0,0.0,6.96154,83.15509153614161,604_Charge13.csv,1600
4.19979,1.62442,24.6071,2220.0,0.0,7.07845,84.46496878219997,604_Charge13.csv,1600
4.19979,1.53758,24.6071,2280.0,0.0,7.18904,85.70380024371997,604_Charge13.csv,1600
4.19979,1.45329,24.50194,2340.0,0.0,7.29364,86.87582043766085,604_Charge13.csv,1600
4.19979,1.37411,24.50194,2400.0,0.0,7.39255,87.98385237532878,604_Charge13.csv,1600
4.19979,1.29494,24.50194,2460.0,0.0,7.48588,89.02930756237679,604_Charge13.csv,1600
4.19979,1.21576,24.39678,2520.0,0.0,7.57373,90.013597504458,604_Charge13.csv,1600
4.19979,1.13658,24.50194,2580.0,0.0,7.65613,90.93672220157242,604_Charge13.csv,1600
4.19979,1.05996,24.39678,2640.0,0.0,7.73303,91.79821115183567,604_Charge13.csv,1600
4.19979,0.98078,24.39678,2700.0,0.0,7.8044,92.59759385336338,604_Charge13.csv,1600
4.19979,0.9016,24.29162,2760.0,0.0,7.87027,93.3358113099243,604_Charge13.csv,1600
4.19979,0.82753,24.18646,2820.0,0.0,7.93083,94.0142750271715,604_Charge13.csv,1600
4.19979,0.75602,24.18646,2880.0,0.0,7.9863,94.6358080164111,604_Charge13.csv,1600
4.19979,0.68706,24.18646,2940.0,0.0,8.03674,95.20088077952752,604_Charge13.csv,1600
4.19979,0.62065,24.18646,3000.0,0.0,8.08245,95.71278682971123,604_Charge13.csv,1600
4.19979,0.55935,24.0813,3060.0,0.0,8.12374,96.17529018203716,604_Charge13.csv,1600
4.19979,0.50316,24.0813,3120.0,0.0,8.16092,96.5921548515802,604_Charge13.csv,1600
4.19979,0.45208,24.0813,3180.0,0.0,8.19432,96.96620384964642,604_Charge13.csv,1600
4.19979,0.40355,24.18646,3240.0,0.0,8.2242,97.30073068942644,604_Charge13.csv,1600
4.19979,0.36013,23.97615,3300.0,0.0,8.25086,97.59949938599505,604_Charge13.csv,1600
4.19979,0.32182,23.97615,3360.0,0.0,8.27477,97.86721495819592,604_Charge13.csv,1600
4.19979,0.28861,24.0813,3420.0,0.0,8.29614,98.10670041733518,604_Charge13.csv,1600
4.19979,0.25797,24.0813,3480.0,0.0,8.31529,98.32124927660335,604_Charge13.csv,1600
4.19979,0.23242,23.97615,3540.0,0.0,8.33246,98.5136845473066,604_Charge13.csv,1600
4.19979,0.20688,23.97615,3600.0,0.0,8.34787,98.68635873886676,604_Charge13.csv,1600
4.19979,0.18645,24.0813,3660.0,0.0,8.36165,98.84068335693684,604_Charge13.csv,1600
4.19979,0.16857,24.0813,3720.0,0.0,8.37401,98.9790109109387,604_Charge13.csv,1600
4.19979,0.15069,23.97615,3780.0,0.0,8.38521,99.10463491406284,604_Charge13.csv,1600
4.19979,0.13792,23.87099,3840.0,0.0,8.39531,99.2180258681936,604_Charge13.csv,1600
4.19979,0.12515,23.97615,3900.0,0.0,8.40445,99.32012477709972,604_Charge13.csv,1600
4.19979,0.11238,24.0813,3960.0,0.0,8.41277,99.413284150203,604_Charge13.csv,1600
4.19979,0.10472,24.0813,4020.0,0.0,8.42035,99.4984449912722,604_Charge13.csv,1600
4.19979,0.0945,23.87099,4080.0,0.0,8.42731,99.57654830407596,604_Charge13.csv,1600
4.19979,0.08684,23.87099,4140.0,0.0,8.43367,99.64759408861433,604_Charge13.csv,1600
4.19979,0.07918,24.0813,4200.0,0.0,8.43947,99.712523348656,604_Charge13.csv,1600
4.19979,0.07407,24.18646,4260.0,0.0,8.44482,99.77227708796975,604_Charge13.csv,1600
4.19979,0.06641,23.97615,4320.0,0.0,8.44971,99.82732580843988,604_Charge13.csv,1600
4.19979,0.0613,23.76583,4380.0,0.0,8.45422,99.8776695100664,604_Charge13.csv,1600
4.19979,0.05619,23.76583,4440.0,0.0,8.45837,99.92424919661804,604_Charge13.csv,1600
4.19979,0.05364,24.0813,4500.0,0.0,8.46224,99.96753536997916,604_Charge13.csv,1600
4.19979,0.04853,24.0813,4547.0,0.0,8.46513,100.0,604_Charge13.csv,1600
3.62599,2.99853,24.0813,0.0,0.0,0.18003,2.35658008270191,604_Charge14.csv,1604
3.6619,2.99853,24.0813,60.0,0.0,0.36218,4.712688660785433,604_Charge14.csv,1604
3.69038,2.99853,24.18646,120.0,0.0,0.54593,7.069268743487343,604_Charge14.csv,1604
3.71112,2.99853,24.29162,180.0,0.0,0.73091,9.425848826189252,604_Charge14.csv,1604
3.72561,2.99853,24.39678,240.0,0.0,0.91675,11.781957404272775,604_Charge14.csv,1604
3.73944,2.99853,24.50194,300.0,0.0,1.10329,14.138537486974686,604_Charge14.csv,1604
3.75444,2.99853,24.50194,360.0,0.0,1.29054,16.494646065058205,604_Charge14.csv,1604
3.77011,2.99853,24.6071,420.0,0.0,1.47857,18.85122614776012,604_Charge14.csv,1604
3.78562,2.99853,24.71226,480.0,0.0,1.66738,21.20780623046203,604_Charge14.csv,1604
3.80096,2.99853,24.6071,540.0,0.0,1.85694,23.56391480854555,604_Charge14.csv,1604
3.81681,2.99853,24.71226,600.0,0.0,2.04728,25.920494891247458,604_Charge14.csv,1604
3.83366,2.99853,24.81741,660.0,0.0,2.23844,28.27660346933098,604_Charge14.csv,1604
3.85153,2.99853,24.71226,720.0,0.0,2.43048,30.63318355203289,604_Charge14.csv,1604
3.87058,2.99853,24.71226,780.0,0.0,2.62344,32.98929213011641,604_Charge14.csv,1604
3.89013,2.99853,24.81741,840.0,0.0,2.81738,35.34587221281832,604_Charge14.csv,1604
3.90985,2.99853,24.81741,900.0,0.0,3.01227,37.70245229552023,604_Charge14.csv,1604
3.92924,2.99853,24.92257,960.0,0.0,3.20815,40.05856087360375,604_Charge14.csv,1604
3.94846,2.99853,24.92257,1020.0,0.0,3.40503,42.41561246092406,604_Charge14.csv,1604
3.96733,2.99853,24.81741,1080.0,0.0,3.60282,44.77172103900758,604_Charge14.csv,1604
3.98537,2.99853,24.92257,1140.0,0.0,3.80155,47.12830112170949,604_Charge14.csv,1604
4.00307,2.99853,24.92257,1200.0,0.0,4.00118,49.484881204411394,604_Charge14.csv,1604
4.02026,2.99853,24.92257,1260.0,0.0,4.20168,51.84146128711331,604_Charge14.csv,1604
4.03729,2.99853,24.92257,1320.0,0.0,4.40303,54.197569865196826,604_Charge14.csv,1604
4.05431,2.99853,25.02773,1380.0,0.0,4.60521,56.55414994789874,604_Charge14.csv,1604
4.07184,2.99853,25.02773,1440.0,0.0,4.80828,58.91073003060065,604_Charge14.csv,1604
4.09039,2.99853,25.02773,1500.0,0.0,5.01222,61.26683860868417,604_Charge14.csv,1604
4.11011,3.00108,25.13289,1560.0,0.0,5.21713,63.62294718676769,604_Charge14.csv,1604
4.13118,2.99853,25.13289,1620.0,0.0,5.42307,65.9795272694696,604_Charge14.csv,1604
4.15326,2.99853,25.13289,1680.0,0.0,5.63008,68.33610735217151,604_Charge14.csv,1604
4.17585,2.99853,25.02773,1740.0,0.0,5.83822,70.69268743487342,604_Charge14.csv,1604
4.1981,2.99853,25.13289,1800.0,0.0,6.04748,73.04926751757533,604_Charge14.csv,1604
4.19995,2.54645,25.13289,1860.0,0.0,6.24042,75.21535973444861,604_Charge14.csv,1604
4.19995,2.27572,25.02773,1920.0,0.0,6.40866,77.10373573109149,604_Charge14.csv,1604
4.19979,2.07649,25.02773,1980.0,0.0,6.56067,78.8105824496551,604_Charge14.csv,1604
4.19979,1.92836,24.81741,2040.0,0.0,6.70061,80.38163583812303,604_Charge14.csv,1604
4.19979,1.80831,24.71226,2100.0,0.0,6.83122,81.84801520130888,604_Charge14.csv,1604
4.19979,1.70615,24.71226,2160.0,0.0,6.95409,83.22716621009303,604_Charge14.csv,1604
4.19979,1.6142,24.71226,2220.0,0.0,7.07022,84.53087647993513,604_Charge14.csv,1604
4.19979,1.52736,24.6071,2280.0,0.0,7.18018,85.7657470754926,604_Charge14.csv,1604
4.19979,1.44563,24.50194,2340.0,0.0,7.28426,86.93413551985742,604_Charge14.csv,1604
4.19979,1.36645,24.50194,2400.0,0.0,7.38266,88.03887084073988,604_Charge14.csv,1604
4.19979,1.28727,24.39678,2460.0,0.0,7.47547,89.08089604737678,604_Charge14.csv,1604
4.19979,1.2081,24.29162,2520.0,0.0,7.56279,90.06115414900489,604_Charge14.csv,1604
4.19979,1.12892,24.39678,2580.0,0.0,7.64458,90.9796451456242,604_Charge14.csv,1604
4.19979,1.04974,24.29162,2640.0,0.0,7.72086,91.83589753261631,604_Charge14.csv,1604
4.19979,0.97312,24.29162,2700.0,0.0,7.79168,92.63085431921806,604_Charge14.csv,1604
4.19979,0.89905,24.29162,2760.0,0.0,7.85722,93.36687302852133,604_Charge14.csv,1604
4.19979,0.82242,24.18646,2820.0,0.0,7.91742,94.04253914667096,604_Charge14.csv,1604
4.19979,0.75091,24.18646,2880.0,0.0,7.9725,94.66068170137726,604_Charge14.csv,1604
4.19979,0.67939,24.29162,2940.0,0.0,8.02257,95.22318671111384,604_Charge14.csv,1604
4.19979,0.61554,24.18646,3000.0,0.0,8.06794,95.73241169897258,604_Charge14.csv,1604
4.19979,0.55424,24.18646,3060.0,0.0,8.10891,96.19212870190064,604_Charge14.csv,1604
4.19979,0.49805,24.0813,3120.0,0.0,8.14576,96.60610975684509,604_Charge14.csv,1604
4.19979,0.44697,24.0813,3180.0,0.0,8.17883,96.97718389151623,604_Charge14.csv,1604
4.19979,0.401,23.97615,3240.0,0.0,8.20851,97.31053765671632,604_Charge14.csv,1604
4.19979,0.36013,24.18646,3300.0,0.0,8.23517,97.60994308939256,604_Charge14.csv,1604
4.19979,0.32182,24.18646,3360.0,0.0,8.25907,97.87822921725518,604_Charge14.csv,1604
4.19979,0.29117,24.0813,3420.0,0.0,8.28052,98.1191680772513,604_Charge14.csv,1604
4.19979,0.25797,24.18646,3480.0,0.0,8.2997,98.33417418323612,604_Charge14.csv,1604
4.19979,0.22987,24.18646,3540.0,0.0,8.31681,98.52654806753831,604_Charge14.csv,1604
4.19979,0.20688,24.18646,3600.0,0.0,8.33209,98.69817574863146,604_Charge14.csv,1604
4.19979,0.18645,24.0813,3660.0,0.0,8.3458,98.85188625422585,604_Charge14.csv,1604
4.19979,0.16602,24.18646,3720.0,0.0,8.35812,98.99003710741349,604_Charge14.csv,1604
4.19979,0.15069,23.97615,3780.0,0.0,8.36927,99.1154573359046,604_Charge14.csv,1604
4.19979,0.13537,24.0813,3840.0,0.0,8.37932,99.22814693969929,604_Charge14.csv,1604
4.19979,0.1226,23.97615,3900.0,0.0,8.38842,99.3304634418894,604_Charge14.csv,1604
4.19979,0.11238,24.0813,3960.0,0.0,8.39665,99.4228783470934,604_Charge14.csv,1604
4.19979,0.10216,23.97615,4020.0,0.0,8.40414,99.50680616916642,604_Charge14.csv,1604
4.19979,0.09195,24.0813,4080.0,0.0,8.41099,99.58366142196364,604_Charge14.csv,1604
4.19979,0.08429,24.0813,4140.0,0.0,8.41724,99.6539156101034,604_Charge14.csv,1604
4.19979,0.07918,24.0813,4200.0,0.0,8.42296,99.71804023820413,604_Charge14.csv,1604
4.19979,0.07407,24.0813,4260.0,0.0,8.42824,99.777449820121,604_Charge14.csv,1604
4.19979,0.06641,23.97615,4320.0,0.0,8.43311,99.83214435585396,604_Charge14.csv,1604
4.19979,0.0613,24.0813,4380.0,0.0,8.43759,99.88259535002146,604_Charge14.csv,1604
4.19979,0.05619,24.0813,4440.0,0.0,8.44175,99.92927430724184,604_Charge14.csv,1604
4.19979,0.05364,23.97615,4500.0,0.0,8.4456,99.97218122751514,604_Charge14.csv,1604
4.19979,0.04853,24.0813,4540.0,0.0,8.44804,100.0,604_Charge14.csv,1604
3.6002,2.99853,23.45035,0.0,0.0,0.17887,2.247999604193747,604_Charge9.csv,1621
3.6329,2.99853,23.76583,60.0,0.0,0.35964,4.495549428554722,604_Charge9.csv,1621
3.65903,2.99853,24.29162,120.0,0.0,0.54187,6.7435490327484695,604_Charge9.csv,1621
3.68162,2.99853,24.71226,180.0,0.0,0.72532,8.991098857109444,604_Charge9.csv,1621
3.69999,2.99853,24.92257,240.0,0.0,0.9098,11.239098461303191,604_Charge9.csv,1621
3.71398,2.99853,24.50194,300.0,0.0,1.09507,13.48709806549694,604_Charge9.csv,1621
3.7273,2.99853,23.97615,360.0,0.0,1.28101,15.735097669690685,604_Charge9.csv,1621
3.74163,2.99853,24.0813,420.0,0.0,1.46766,17.983097273884432,604_Charge9.csv,1621
3.75646,2.99853,24.6071,480.0,0.0,1.65504,20.231096878078176,604_Charge9.csv,1621
3.77146,2.99853,25.13289,540.0,0.0,1.84313,22.478646702439157,604_Charge9.csv,1621
3.78596,2.99853,25.34321,600.0,0.0,2.03199,24.726646306632897,604_Charge9.csv,1621
3.80079,2.99853,24.6071,660.0,0.0,2.22157,26.97464591082665,604_Charge9.csv,1621
3.81664,2.99853,24.29162,720.0,0.0,2.4119,29.22219573518763,604_Charge9.csv,1621
3.83366,2.99853,24.6071,780.0,0.0,2.60307,31.47019533938137,604_Charge9.csv,1621
3.85153,2.99853,25.13289,840.0,0.0,2.79511,33.71774516374234,604_Charge9.csv,1621
3.87024,2.99853,25.44836,900.0,0.0,2.98805,35.965744767936094,604_Charge9.csv,1621
3.88946,2.99853,24.81741,960.0,0.0,3.18197,38.21374437212984,604_Charge9.csv,1621
3.90952,2.99853,24.50194,1020.0,0.0,3.37685,40.46174397632359,604_Charge9.csv,1621
3.92924,3.00108,24.6071,1080.0,0.0,3.57273,42.70929380068456,604_Charge9.csv,1621
3.94846,2.99853,25.02773,1140.0,0.0,3.76957,44.956843625045536,604_Charge9.csv,1621
3.967,2.99853,25.34321,1200.0,0.0,3.96736,47.20484322923929,604_Charge9.csv,1621
3.9847,2.99853,25.23805,1260.0,0.0,4.16607,49.45284283343304,604_Charge9.csv,1621
4.0024,2.99853,24.6071,1320.0,0.0,4.36566,51.70084243762678,604_Charge9.csv,1621
4.01993,2.99853,24.71226,1380.0,0.0,4.56614,53.94884204182052,604_Charge9.csv,1621
4.03712,3.00108,24.92257,1440.0,0.0,4.76748,56.19684164601427,604_Charge9.csv,1621
4.05398,2.99853,25.23805,1500.0,0.0,4.96968,58.444841250208015,604_Charge9.csv,1621
4.07117,2.99853,25.34321,1560.0,0.0,5.17272,60.69284085440177,604_Charge9.csv,1621
4.08938,2.99853,25.13289,1620.0,0.0,5.37662,62.94039067876274,604_Charge9.csv,1621
4.10927,2.99853,24.81741,1680.0,0.0,5.5815,65.18839028295649,604_Charge9.csv,1621
4.13034,2.99853,24.81741,1740.0,0.0,5.78739,67.43638988715024,604_Charge9.csv,1621
4.15242,2.99853,25.23805,1800.0,0.0,5.99436,69.68393971151121,604_Charge9.csv,1621
4.1745,2.99853,25.44836,1860.0,0.0,6.20243,71.93193931570497,604_Charge9.csv,1621
4.19641,2.99853,25.34321,1920.0,0.0,6.41162,74.17993891989872,604_Charge9.csv,1621
4.19995,2.57965,25.02773,1980.0,0.0,6.60729,76.27546316078279,604_Charge9.csv,1621
4.19979,2.29615,24.92257,2040.0,0.0,6.77737,78.09707148350881,604_Charge9.csv,1621
4.19995,2.08926,24.71226,2100.0,0.0,6.93036,79.73561941429669,604_Charge9.csv,1621
4.19979,1.93602,24.92257,2160.0,0.0,7.071,81.24148229441688,604_Charge9.csv,1621
4.19979,1.81853,25.02773,2220.0,0.0,7.20234,82.64839361132725,604_Charge9.csv,1621
4.19979,1.71892,25.02773,2280.0,0.0,7.32611,83.97389477850592,604_Charge9.csv,1621
4.19979,1.62697,24.81741,2340.0,0.0,7.44323,85.22788095227385,604_Charge9.csv,1621
4.19979,1.53758,24.6071,2400.0,0.0,7.554,86.41440015112602,604_Charge9.csv,1621
4.19979,1.45329,24.39678,2460.0,0.0,7.6587,87.53570127422627,604_Charge9.csv,1621
4.19979,1.37156,24.50194,2520.0,0.0,7.75753,88.59403322073844,604_Charge9.csv,1621
4.19979,1.29238,24.50194,2580.0,0.0,7.85073,89.59209466965919,604_Charge9.csv,1621
4.19979,1.2132,24.6071,2640.0,0.0,7.93851,90.53213452015238,604_Charge9.csv,1621
4.19979,1.13913,24.39678,2700.0,0.0,8.0208,91.41370299238524,604_Charge9.csv,1621
4.19979,1.0574,24.39678,2760.0,0.0,8.09757,92.23590052669218,604_Charge9.csv,1621
4.19979,0.97823,24.29162,2820.0,0.0,8.16875,92.9978275634077,604_Charge9.csv,1621
4.19979,0.89905,24.39678,2880.0,0.0,8.23446,93.70173300169566,604_Charge9.csv,1621
4.19979,0.82498,24.39678,2940.0,0.0,8.29484,94.3485164012216,604_Charge9.csv,1621
4.19979,0.75091,24.29162,3000.0,0.0,8.35006,94.9395271014838,604_Charge9.csv,1621
4.19979,0.68195,24.0813,3060.0,0.0,8.40026,95.47746378147896,604_Charge9.csv,1621
4.19979,0.61554,24.18646,3120.0,0.0,8.44565,95.96367578070534,604_Charge9.csv,1621
4.19979,0.55424,24.29162,3180.0,0.0,8.48663,96.40221111765791,604_Charge9.csv,1621
4.19979,0.49805,24.18646,3240.0,0.0,8.52345,96.79666803099882,604_Charge9.csv,1621
4.19979,0.44697,24.0813,3300.0,0.0,8.55648,97.15064475939027,604_Charge9.csv,1621
4.19979,0.39844,24.0813,3360.0,0.0,8.58602,97.4668399818289,604_Charge9.csv,1621
4.19979,0.35758,24.29162,3420.0,0.0,8.61247,97.75020127647517,604_Charge9.csv,1621
4.19979,0.31926,24.18646,3480.0,0.0,8.63616,98.00387710215848,604_Charge9.csv,1621
4.19979,0.28606,23.97615,3540.0,0.0,8.65735,98.23056613787551,604_Charge9.csv,1621
4.19979,0.25541,23.87099,3600.0,0.0,8.67627,98.43341684245564,604_Charge9.csv,1621
4.19979,0.22732,24.0813,3660.0,0.0,8.69314,98.61377855539712,604_Charge9.csv,1621
4.19979,0.20433,24.18646,3720.0,0.0,8.70823,98.775699295195,604_Charge9.csv,1621
4.19979,0.1839,23.87099,3780.0,0.0,8.72183,98.92142796101308,604_Charge9.csv,1621
4.19979,0.16602,23.87099,3840.0,0.0,8.73405,99.0523138923497,604_Charge9.csv,1621
4.19979,0.15069,24.18646,3900.0,0.0,8.74513,99.17105576820148,604_Charge9.csv,1621
4.19979,0.13537,24.29162,3960.0,0.0,8.75518,99.27855314823393,604_Charge9.csv,1621
4.19979,0.1226,24.0813,4020.0,0.0,8.76422,99.37525581227987,604_Charge9.csv,1621
4.19979,0.11238,23.76583,4080.0,0.0,8.77245,99.46341265950316,604_Charge9.csv,1621
4.19979,0.10216,23.76583,4140.0,0.0,8.77989,99.5430236899038,604_Charge9.csv,1621
4.19979,0.09195,23.97615,4200.0,0.0,8.78664,99.61543824298006,604_Charge9.csv,1621
4.19979,0.08429,24.18646,4260.0,0.0,8.79284,99.68200565823028,604_Charge9.csv,1621
4.19979,0.07918,24.18646,4320.0,0.0,8.79853,99.74272593565448,604_Charge9.csv,1621
4.19979,0.07152,24.0813,4380.0,0.0,8.80379,99.79894841475098,604_Charge9.csv,1621
4.19979,0.06641,23.97615,4440.0,0.0,8.80866,99.85112287535252,604_Charge9.csv,1621
4.19979,0.0613,23.87099,4500.0,0.0,8.81315,99.89924931745912,604_Charge9.csv,1621
4.19979,0.05619,23.97615,4560.0,0.0,8.81728,99.94332774107072,604_Charge9.csv,1621
4.19979,0.05108,23.97615,4620.0,0.0,8.82107,99.98425770585298,604_Charge9.csv,1621
4.19979,0.04853,24.0813,4645.0,0.0,8.82256,100.0,604_Charge9.csv,1621
3.62869,2.99853,23.13488,0.0,0.0,0.18011,2.343332426882214,607_Dis_0p5C.csv,1646
3.66493,2.99853,24.18646,60.0,0.0,0.36243,4.686664853764428,607_Dis_0p5C.csv,1646
3.69224,2.99853,25.13289,120.0,0.0,0.5463,7.029528426619656,607_Dis_0p5C.csv,1646
3.71044,2.99853,25.34321,180.0,0.0,0.73131,9.372860853501871,607_Dis_0p5C.csv,1646
3.72393,2.99853,25.23805,240.0,0.0,0.91708,11.715724426357095,607_Dis_0p5C.csv,1646
3.73775,2.99853,24.39678,300.0,0.0,1.10354,14.059056853239312,607_Dis_0p5C.csv,1646
3.75326,2.99853,23.55551,360.0,0.0,1.29072,16.402389280121525,607_Dis_0p5C.csv,1646
3.76944,2.99853,23.55551,420.0,0.0,1.4787,18.745252852976755,607_Dis_0p5C.csv,1646
3.78495,2.99853,23.87099,480.0,0.0,1.66748,21.08858527985897,607_Dis_0p5C.csv,1646
3.79995,2.99853,24.6071,540.0,0.0,1.85701,23.431917706741185,607_Dis_0p5C.csv,1646
3.81495,2.99853,25.23805,600.0,0.0,2.04729,25.77478127959641,607_Dis_0p5C.csv,1646
3.83097,2.99853,25.55352,660.0,0.0,2.23834,28.118113706478624,607_Dis_0p5C.csv,1646
3.84833,3.00108,25.55352,720.0,0.0,2.43023,30.46144613336084,607_Dis_0p5C.csv,1646
3.86687,2.99853,25.34321,780.0,0.0,2.62302,32.80430970621607,607_Dis_0p5C.csv,1646
3.88642,2.99853,24.6071,840.0,0.0,2.81676,35.14764213309828,607_Dis_0p5C.csv,1646
3.90665,2.99853,24.39678,900.0,0.0,3.0115,37.49097455998049,607_Dis_0p5C.csv,1646
3.92671,2.99853,24.29162,960.0,0.0,3.20724,39.83383813283572,607_Dis_0p5C.csv,1646
3.94626,2.99853,24.81741,1020.0,0.0,3.40399,42.17717055971794,607_Dis_0p5C.csv,1646
3.96481,2.99853,25.34321,1080.0,0.0,3.60167,44.52050298660015,607_Dis_0p5C.csv,1646
3.98267,3.00108,25.23805,1140.0,0.0,3.80026,46.863366559455386,607_Dis_0p5C.csv,1646
4.00054,2.99853,24.50194,1200.0,0.0,3.99976,49.20669898633759,607_Dis_0p5C.csv,1646
4.01824,2.99853,24.39678,1260.0,0.0,4.20014,51.55003141321981,607_Dis_0p5C.csv,1646
4.03543,2.99853,24.92257,1320.0,0.0,4.40142,53.893363840102026,607_Dis_0p5C.csv,1646
4.05229,2.99853,25.44836,1380.0,0.0,4.60351,56.23669626698423,607_Dis_0p5C.csv,1646
4.06932,2.99853,25.44836,1440.0,0.0,4.80645,58.57955983983947,607_Dis_0p5C.csv,1646
4.08769,2.99853,24.6071,1500.0,0.0,5.01028,60.92289226672168,607_Dis_0p5C.csv,1646
4.10758,2.99853,24.6071,1560.0,0.0,5.21505,63.26575583957691,607_Dis_0p5C.csv,1646
4.12831,2.99853,25.23805,1620.0,0.0,5.42085,65.60908826645912,607_Dis_0p5C.csv,1646
4.14955,2.99853,25.55352,1680.0,0.0,5.62771,67.95242069334134,607_Dis_0p5C.csv,1646
4.17163,2.99853,25.34321,1740.0,0.0,5.83565,70.29575312022355,607_Dis_0p5C.csv,1646
4.19439,2.99853,24.6071,1800.0,0.0,6.0447,72.63908554710576,607_Dis_0p5C.csv,1646
4.19995,2.60009,24.81741,1860.0,0.0,6.24227,74.84504374408073,607_Dis_0p5C.csv,1646
4.19995,2.31147,25.23805,1920.0,0.0,6.41346,76.7560927580807,607_Dis_0p5C.csv,1646
4.19979,2.11225,25.44836,1980.0,0.0,6.56789,78.47960016128577,607_Dis_0p5C.csv,1646
4.19979,1.95645,24.71226,2040.0,0.0,6.71009,80.06713989666457,607_Dis_0p5C.csv,1646
4.19979,1.82619,24.18646,2100.0,0.0,6.84227,81.5430923736204,607_Dis_0p5C.csv,1646
4.19979,1.71381,24.39678,2160.0,0.0,6.966,82.9243363371248,607_Dis_0p5C.csv,1646
4.19979,1.62186,24.81741,2220.0,0.0,7.0827,84.22681282409535,607_Dis_0p5C.csv,1646
4.19979,1.54268,25.13289,2280.0,0.0,7.1935,85.46411860131467,607_Dis_0p5C.csv,1646
4.19979,1.46606,24.92257,2340.0,0.0,7.29888,86.64047335502565,607_Dis_0p5C.csv,1646
4.19979,1.38944,24.39678,2400.0,0.0,7.39888,87.75681479328226,607_Dis_0p5C.csv,1646
4.19979,1.3026,23.76583,2460.0,0.0,7.49303,88.80798552178764,607_Dis_0p5C.csv,1646
4.19979,1.22087,23.87099,2520.0,0.0,7.58134,89.79351668651482,607_Dis_0p5C.csv,1646
4.19979,1.14424,24.39678,2580.0,0.0,7.66402,90.71669026565267,607_Dis_0p5C.csv,1646
4.19979,1.07017,24.71226,2640.0,0.0,7.74152,91.58172594544416,607_Dis_0p5C.csv,1646
4.19979,1.00121,24.81741,2700.0,0.0,7.81395,92.39049914199714,607_Dis_0p5C.csv,1646
4.19979,0.92459,24.71226,2760.0,0.0,7.8813,93.14254100128466,607_Dis_0p5C.csv,1646
4.19979,0.84797,24.0813,2820.0,0.0,7.94346,93.83644496122577,607_Dis_0p5C.csv,1646
4.19979,0.77134,23.66067,2880.0,0.0,8.00019,94.46986675168552,607_Dis_0p5C.csv,1646
4.19979,0.69983,23.76583,2940.0,0.0,8.0516,95.0437440807179,607_Dis_0p5C.csv,1646
4.19979,0.63342,24.18646,3000.0,0.0,8.09814,95.56323434261978,607_Dis_0p5C.csv,1646
4.19979,0.57468,24.6071,3060.0,0.0,8.14034,96.03443263974196,607_Dis_0p5C.csv,1646
4.19979,0.51849,24.6071,3120.0,0.0,8.1786,96.4615586583273,607_Dis_0p5C.csv,1646
4.19979,0.4674,23.87099,3180.0,0.0,8.21313,96.8469566685108,607_Dis_0p5C.csv,1646
4.19979,0.41632,23.55551,3240.0,0.0,8.24396,97.19109552431946,607_Dis_0p5C.csv,1646
4.19979,0.37035,23.76583,3300.0,0.0,8.27139,97.49725720394213,607_Dis_0p5C.csv,1646
4.19979,0.33203,24.0813,3360.0,0.0,8.2959,97.77106795570266,607_Dis_0p5C.csv,1646
4.19979,0.29883,24.50194,3420.0,0.0,8.31794,98.01721631987095,607_Dis_0p5C.csv,1646
4.19979,0.26818,24.50194,3480.0,0.0,8.33776,98.23804656658194,607_Dis_0p5C.csv,1646
4.19979,0.24009,24.0813,3540.0,0.0,8.35563,98.43777838207852,607_Dis_0p5C.csv,1646
4.19979,0.2171,23.55551,3600.0,0.0,8.37165,98.61641176636066,607_Dis_0p5C.csv,1646
4.19979,0.19411,23.55551,3660.0,0.0,8.38601,98.7767598435903,607_Dis_0p5C.csv,1646
4.19979,0.17368,23.97615,3720.0,0.0,8.39883,98.9197603218214,607_Dis_0p5C.csv,1646
4.19979,0.1558,24.18646,3780.0,0.0,8.41038,99.04916403326988,607_Dis_0p5C.csv,1646
4.19979,0.14303,24.39678,3840.0,0.0,8.42085,99.16590868598968,607_Dis_0p5C.csv,1646
4.19979,0.12771,24.39678,3900.0,0.0,8.43031,99.27140084206184,607_Dis_0p5C.csv,1646
4.19979,0.11749,23.97615,3960.0,0.0,8.43893,99.36751591759422,607_Dis_0p5C.csv,1646
4.19979,0.10727,23.66067,4020.0,0.0,8.44684,99.4561293286948,607_Dis_0p5C.csv,1646
4.19979,0.09706,23.55551,4080.0,0.0,8.45402,99.5363033673096,607_Dis_0p5C.csv,1646
4.19979,0.08939,23.76583,4140.0,0.0,8.46061,99.60944459551963,607_Dis_0p5C.csv,1646
4.19979,0.08173,24.0813,4200.0,0.0,8.46663,99.6769595754058,607_Dis_0p5C.csv,1646
4.19979,0.07662,24.0813,4260.0,0.0,8.47214,99.73837945294112,607_Dis_0p5C.csv,1646
4.19979,0.06896,24.0813,4320.0,0.0,8.47718,99.7946419361796,607_Dis_0p5C.csv,1646
4.19979,0.06385,23.87099,4380.0,0.0,8.48184,99.84668473317517,607_Dis_0p5C.csv,1646
4.19979,0.0613,23.76583,4440.0,0.0,8.48617,99.89497669795486,607_Dis_0p5C.csv,1646
4.19979,0.05619,23.76583,4500.0,0.0,8.4902,99.93998668454564,607_Dis_0p5C.csv,1646
4.19979,0.05108,23.76583,4560.0,0.0,8.49395,99.98171469294748,607_Dis_0p5C.csv,1646
4.19979,0.04853,23.97615,4587.0,0.0,8.49556,100.0,607_Dis_0p5C.csv,1646
3.88002,2.99853,23.87099,0.0,0.0,0.19256,3.752618017990869,607_Dis_2C.csv,1651
3.90682,2.99853,24.0813,60.0,0.0,0.38716,7.5180436060090114,607_Dis_2C.csv,1651
3.93143,2.99853,24.29162,120.0,0.0,0.58304,11.283469194027152,607_Dis_2C.csv,1651
3.95183,2.99853,24.6071,180.0,0.0,0.78005,15.0481413955731,607_Dis_2C.csv,1651
3.9702,2.99853,24.50194,240.0,0.0,0.97799,18.813566983591244,607_Dis_2C.csv,1651
3.98841,2.99853,24.50194,300.0,0.0,1.17686,22.578239185137196,607_Dis_2C.csv,1651
4.00695,2.99853,24.6071,360.0,0.0,1.37665,26.343664773155336,607_Dis_2C.csv,1651
4.02566,2.99853,24.71226,420.0,0.0,1.57738,30.109090361173475,607_Dis_2C.csv,1651
4.04487,2.99853,24.50194,480.0,0.0,1.77905,33.87451594919161,607_Dis_2C.csv,1651
4.0651,2.99853,24.6071,540.0,0.0,1.9817,37.63918815073757,607_Dis_2C.csv,1651
4.08651,2.99853,24.81741,600.0,0.0,2.18538,41.4046137387557,607_Dis_2C.csv,1651
4.10927,2.99853,24.71226,660.0,0.0,2.39018,45.170039326773846,607_Dis_2C.csv,1651
4.1332,2.99853,24.6071,720.0,0.0,2.59614,48.9347115283198,607_Dis_2C.csv,1651
4.15781,2.99853,24.71226,780.0,0.0,2.80332,52.70013711633794,607_Dis_2C.csv,1651
4.18192,2.99853,24.81741,840.0,0.0,3.01173,56.46556270435608,607_Dis_2C.csv,1651
4.19995,2.84017,24.81741,900.0,0.0,3.21994,60.20687992526407,607_Dis_2C.csv,1651
4.19995,2.43918,24.6071,960.0,0.0,3.40307,63.491644944023385,607_Dis_2C.csv,1651
4.19995,2.19398,24.71226,1020.0,0.0,3.56466,66.38992270254795,607_Dis_2C.csv,1651
4.19979,2.0203,24.81741,1080.0,0.0,3.7119,69.03129567405489,607_Dis_2C.csv,1651
4.19979,1.88494,24.71226,1140.0,0.0,3.84844,71.48055509515272,607_Dis_2C.csv,1651
4.19979,1.76489,24.6071,1200.0,0.0,3.97615,73.77160335709011,607_Dis_2C.csv,1651
4.19979,1.65762,24.39678,1260.0,0.0,4.09593,75.92026157578314,607_Dis_2C.csv,1651
4.19979,1.55801,24.39678,1320.0,0.0,4.20839,77.93783054831468,607_Dis_2C.csv,1651
4.19979,1.46606,24.6071,1380.0,0.0,4.31422,79.8363644582398,607_Dis_2C.csv,1651
4.19979,1.37922,24.6071,1440.0,0.0,4.41384,81.62339717028043,607_Dis_2C.csv,1651
4.19979,1.29238,24.39678,1500.0,0.0,4.50733,83.30043545738093,607_Dis_2C.csv,1651
4.19979,1.20299,24.0813,1560.0,0.0,4.59467,84.86747931954135,607_Dis_2C.csv,1651
4.19979,1.11615,24.18646,1620.0,0.0,4.67587,86.32377537028945,607_Dis_2C.csv,1651
4.19979,1.03442,24.39678,1680.0,0.0,4.7511,87.67309054198623,607_Dis_2C.csv,1651
4.19979,0.95268,24.6071,1740.0,0.0,4.82064,88.92069853993702,607_Dis_2C.csv,1651
4.19979,0.87351,24.18646,1800.0,0.0,4.88451,90.06659936414182,607_Dis_2C.csv,1651
4.19979,0.79178,23.97615,1860.0,0.0,4.94277,91.11154640107284,607_Dis_2C.csv,1651
4.19979,0.71515,23.97615,1920.0,0.0,4.9956,92.059306583091,607_Dis_2C.csv,1651
4.19979,0.64874,24.29162,1980.0,0.0,5.04334,92.91590700197386,607_Dis_2C.csv,1651
4.19979,0.58489,24.39678,2040.0,0.0,5.08645,93.6888815224434,607_Dis_2C.csv,1651
4.19979,0.52359,23.87099,2100.0,0.0,5.12525,94.38501062274923,607_Dis_2C.csv,1651
4.19979,0.46996,23.76583,2160.0,0.0,5.15995,95.00730784878029,607_Dis_2C.csv,1651
4.19979,0.41887,24.18646,2220.0,0.0,5.19097,95.56406045173053,607_Dis_2C.csv,1651
4.19979,0.3729,24.39678,2280.0,0.0,5.21867,96.0605421369054,607_Dis_2C.csv,1651
4.19979,0.33203,24.0813,2340.0,0.0,5.24345,96.50579354197116,607_Dis_2C.csv,1651
4.19979,0.29883,23.76583,2400.0,0.0,5.26556,96.90207482634442,607_Dis_2C.csv,1651
4.19979,0.26563,23.76583,2460.0,0.0,5.28522,97.2546596953305,607_Dis_2C.csv,1651
4.19979,0.23753,23.97615,2520.0,0.0,5.3028,97.57032862717918,607_Dis_2C.csv,1651
4.19979,0.21199,24.0813,2580.0,0.0,5.31853,97.85209516777915,607_Dis_2C.csv,1651
4.19979,0.19156,24.0813,2640.0,0.0,5.33266,98.10598640890804,607_Dis_2C.csv,1651
4.19979,0.17113,23.87099,2700.0,0.0,5.34539,98.33426250998237,607_Dis_2C.csv,1651
4.19979,0.1558,23.87099,2760.0,0.0,5.35688,98.53993701689092,607_Dis_2C.csv,1651
4.19979,0.14048,23.87099,2820.0,0.0,5.36726,98.72602347552248,607_Dis_2C.csv,1651
4.19979,0.12771,23.97615,2880.0,0.0,5.37658,98.89327527234924,607_Dis_2C.csv,1651
4.19979,0.11494,24.0813,2940.0,0.0,5.38504,99.0454593397321,607_Dis_2C.csv,1651
4.19979,0.10472,23.87099,3000.0,0.0,5.39272,99.18332906414332,607_Dis_2C.csv,1651
4.19979,0.0945,23.76583,3060.0,0.0,5.39976,99.30914460499947,607_Dis_2C.csv,1651
4.19979,0.08684,23.87099,3120.0,0.0,5.40621,99.42516612171713,607_Dis_2C.csv,1651
4.19979,0.08173,23.97615,3180.0,0.0,5.41213,99.53139361429628,607_Dis_2C.csv,1651
4.19979,0.07407,23.97615,3240.0,0.0,5.41754,99.62858046920913,607_Dis_2C.csv,1651
4.19979,0.06641,23.87099,3300.0,0.0,5.42246,99.71672668645562,607_Dis_2C.csv,1651
4.19979,0.0613,23.76583,3360.0,0.0,5.42698,99.79733903898024,607_Dis_2C.csv,1651
4.19979,0.05619,23.76583,3420.0,0.0,5.43113,99.87192429972728,607_Dis_2C.csv,1651
4.19979,0.05364,23.87099,3480.0,0.0,5.43498,99.94123585516898,607_Dis_2C.csv,1651
4.19979,0.04853,23.97615,3535.0,0.0,5.43826,100.0,607_Dis_2C.csv,1651
3.5648,2.99853,24.50194,0.0,0.0,0.17577,2.144659377628259,607_HPPC.csv,1818
3.59582,2.99853,25.23805,60.0,0.0,0.35474,4.288889651739586,607_HPPC.csv,1818
3.62245,2.99853,25.55352,120.0,0.0,0.53512,6.433549029367845,607_HPPC.csv,1818
3.64555,2.99853,25.44836,180.0,0.0,0.71674,8.577779303479172,607_HPPC.csv,1818
3.66645,2.99853,25.23805,240.0,0.0,0.89945,10.72243868110743,607_HPPC.csv,1818
3.68549,2.99853,25.02773,300.0,0.0,1.08318,12.86709805873569,607_HPPC.csv,1818
3.70134,2.99853,24.81741,360.0,0.0,1.26778,15.011328332847016,607_HPPC.csv,1818
3.71483,3.00108,24.6071,420.0,0.0,1.4531,17.155987710475276,607_HPPC.csv,1818
3.72797,2.99853,24.6071,480.0,0.0,1.63909,19.30064708810354,607_HPPC.csv,1818
3.74196,2.99853,24.29162,540.0,0.0,1.82574,21.44487736221486,607_HPPC.csv,1818
3.7568,2.99853,24.6071,600.0,0.0,2.01312,23.589536739843123,607_HPPC.csv,1818
3.77163,2.99853,25.02773,660.0,0.0,2.20125,25.73419611747138,607_HPPC.csv,1818
3.78613,2.99853,25.34321,720.0,0.0,2.39011,27.878426391582707,607_HPPC.csv,1818
3.80046,2.99853,25.23805,780.0,0.0,2.57968,30.023085769210965,607_HPPC.csv,1818
3.8158,2.99853,25.02773,840.0,0.0,2.77,32.16774514683923,607_HPPC.csv,1818
3.83248,2.99853,24.92257,900.0,0.0,2.96111,34.31197542095055,607_HPPC.csv,1818
3.85069,2.99853,24.81741,960.0,0.0,3.15312,36.45706390209574,607_HPPC.csv,1818
3.86974,2.99853,24.50194,1020.0,0.0,3.34603,38.60129417620708,607_HPPC.csv,1818
3.88963,2.99853,24.6071,1080.0,0.0,3.53992,40.74595355383533,607_HPPC.csv,1818
3.90935,2.99853,25.02773,1140.0,0.0,3.73481,42.89061293146359,607_HPPC.csv,1818
3.92856,2.99853,25.55352,1200.0,0.0,3.93066,45.03484320557492,607_HPPC.csv,1818
3.94761,2.99853,25.55352,1260.0,0.0,4.12749,47.17950258320318,607_HPPC.csv,1818
3.96615,2.99853,25.23805,1320.0,0.0,4.32525,49.32416196083144,607_HPPC.csv,1818
3.98487,2.99853,24.0813,1380.0,0.0,4.52392,51.46839223494276,607_HPPC.csv,1818
4.00324,2.99853,24.6071,1440.0,0.0,4.72353,53.61305161257101,607_HPPC.csv,1818
4.02043,2.99853,25.55352,1500.0,0.0,4.92403,55.757710990199286,607_HPPC.csv,1818
4.03678,2.99853,25.97416,1560.0,0.0,5.12539,57.90237036782754,607_HPPC.csv,1818
4.05364,2.99853,24.0813,1620.0,0.0,5.32756,60.0470297454558,607_HPPC.csv,1818
4.07201,2.99853,24.39678,1680.0,0.0,5.5306,62.19126001956713,607_HPPC.csv,1818
4.09039,2.99853,25.44836,1740.0,0.0,5.73455,64.33591939719538,607_HPPC.csv,1818
4.1091,2.99853,26.18447,1800.0,0.0,5.93944,66.4801496713067,607_HPPC.csv,1818
4.12949,2.99853,24.50194,1860.0,0.0,6.14531,68.62480904893496,607_HPPC.csv,1818
4.15225,2.99853,24.6071,1920.0,0.0,6.35227,70.76946842656324,607_HPPC.csv,1818
4.17484,2.99853,25.55352,1980.0,0.0,6.56036,72.91412780419148,607_HPPC.csv,1818
4.19625,2.99853,26.07932,2040.0,0.0,6.76953,75.05878718181975,607_HPPC.csv,1818
4.19995,2.58987,24.71226,2100.0,0.0,6.96588,77.06484612347883,607_HPPC.csv,1818
4.19979,2.28849,24.29162,2160.0,0.0,7.13607,78.80357357408903,607_HPPC.csv,1818
4.19979,2.07905,24.6071,2220.0,0.0,7.28854,80.36121934055373,607_HPPC.csv,1818
4.19979,1.92836,25.13289,2280.0,0.0,7.42851,81.79142136248949,607_HPPC.csv,1818
4.19979,1.81853,25.34321,2340.0,0.0,7.55944,83.12936612828479,607_HPPC.csv,1818
4.19979,1.72147,25.34321,2400.0,0.0,7.68323,84.39393419268465,607_HPPC.csv,1818
4.19979,1.63463,25.13289,2460.0,0.0,7.80063,85.59370762602771,607_HPPC.csv,1818
4.19979,1.54524,24.71226,2520.0,0.0,7.91192,86.73083194589863,607_HPPC.csv,1818
4.19979,1.4584,24.18646,2580.0,0.0,8.01706,87.8048780487805,607_HPPC.csv,1818
4.19979,1.37411,24.18646,2640.0,0.0,8.11614,88.81713324522408,607_HPPC.csv,1818
4.19979,1.29238,24.39678,2700.0,0.0,8.20939,89.770172156331,607_HPPC.csv,1818
4.19979,1.21831,24.71226,2760.0,0.0,8.29723,90.6674276102367,607_HPPC.csv,1818
4.19979,1.1468,24.81741,2820.0,0.0,8.37998,91.51319064211052,607_HPPC.csv,1818
4.19979,1.07273,24.71226,2880.0,0.0,8.45766,92.30660304491856,607_HPPC.csv,1818
4.19979,0.99866,24.6071,2940.0,0.0,8.53013,93.04723571514394,607_HPPC.csv,1818
4.19979,0.92203,24.29162,3000.0,0.0,8.59722,93.732514031685,607_HPPC.csv,1818
4.19979,0.84286,24.0813,3060.0,0.0,8.65892,94.36286709805871,607_HPPC.csv,1818
4.19979,0.76879,23.97615,3120.0,0.0,8.71536,94.93958222481592,607_HPPC.csv,1818
4.19979,0.69727,24.18646,3180.0,0.0,8.76666,95.46394672250736,607_HPPC.csv,1818
4.19979,0.63342,24.50194,3240.0,0.0,8.81317,95.93896431575152,607_HPPC.csv,1818
4.19979,0.57468,24.50194,3300.0,0.0,8.85534,96.36978424675168,607_HPPC.csv,1818
4.19979,0.51593,24.50194,3360.0,0.0,8.89348,96.75941024012631,607_HPPC.csv,1818
4.19979,0.46485,24.29162,3420.0,0.0,8.92778,97.10998781346014,607_HPPC.csv,1818
4.19979,0.41887,24.0813,3480.0,0.0,8.95861,97.42494979488852,607_HPPC.csv,1818
4.19979,0.3729,23.97615,3540.0,0.0,8.98625,97.70729990903008,607_HPPC.csv,1818
4.19979,0.33203,23.97615,3600.0,0.0,9.01097,97.96004188050328,607_HPPC.csv,1818
4.19979,0.30139,24.39678,3660.0,0.0,9.03317,98.1866085374436,607_HPPC.csv,1818
4.19979,0.26818,24.18646,3720.0,0.0,9.05308,98.39000360446956,607_HPPC.csv,1818
4.19979,0.24009,24.0813,3780.0,0.0,9.07088,98.5719434956489,607_HPPC.csv,1818
4.19979,0.21455,23.97615,3840.0,0.0,9.08681,98.73500283208324,607_HPPC.csv,1818
4.19979,0.19156,23.87099,3900.0,0.0,9.10108,98.88046892432332,607_HPPC.csv,1818
4.19979,0.17368,24.0813,3960.0,0.0,9.11388,99.01134549698769,607_HPPC.csv,1818
4.19979,0.15836,24.0813,4020.0,0.0,9.12548,99.12977806766104,607_HPPC.csv,1818
4.19979,0.14303,23.97615,4080.0,0.0,9.13604,99.237912153928,607_HPPC.csv,1818
4.19979,0.13026,23.97615,4140.0,0.0,9.14558,99.33531865227168,607_HPPC.csv,1818
4.19979,0.11749,23.97615,4200.0,0.0,9.15424,99.42371397675976,607_HPPC.csv,1818
4.19979,0.10727,23.97615,4260.0,0.0,9.16211,99.50438543794309,607_HPPC.csv,1818
4.19979,0.09706,24.0813,4320.0,0.0,9.16926,99.57733303582158,607_HPPC.csv,1818
4.19979,0.08939,24.0813,4380.0,0.0,9.17577,99.6438440809461,607_HPPC.csv,1818
4.19979,0.08173,23.97615,4440.0,0.0,9.18173,99.7047767803505,607_HPPC.csv,1818
4.19979,0.07662,23.87099,4500.0,0.0,9.18725,99.76098934106864,607_HPPC.csv,1818
4.19979,0.06896,23.97615,4560.0,0.0,9.19234,99.81291086661749,607_HPPC.csv,1818
4.19979,0.06385,24.0813,4620.0,0.0,9.19703,99.8609704605139,607_HPPC.csv,1818
4.19979,0.05874,23.97615,4680.0,0.0,9.20136,99.90516812275794,607_HPPC.csv,1818
4.19979,0.05364,23.87099,4740.0,0.0,9.20537,99.94636206038344,607_HPPC.csv,1818
4.19979,0.05108,24.0813,4800.0,0.0,9.20907,99.98412316987353,607_HPPC.csv,1818
4.19979,0.04853,24.0813,4827.0,0.0,9.21065,100.0,607_HPPC.csv,1818
4.19979,0.17368,23.55551,0.0,0.0,0.01859,43.13534566699124,610_Charge1.csv,1826
4.19979,0.11238,23.55551,60.0,0.0,0.02839,65.82278481012659,610_Charge1.csv,1826
4.19979,0.08173,23.87099,120.0,0.0,0.03503,81.20740019474198,610_Charge1.csv,1826
4.19979,0.0613,24.29162,180.0,0.0,0.03994,92.59980525803311,610_Charge1.csv,1826
4.19979,0.04853,24.18646,230.0,0.0,0.04312,100.0,610_Charge1.csv,1826
3.7718,2.99853,23.66067,0.0,0.0,0.18763,2.9886899884567306,610_Charge2.csv,1830
3.79304,2.99853,24.0813,60.0,0.0,0.37667,5.9779780737692665,610_Charge2.csv,1830
3.81495,2.99853,24.39678,120.0,0.0,0.56678,8.967266159081802,610_Charge2.csv,1830
3.83687,3.00108,24.50194,180.0,0.0,0.75799,11.955956147538531,610_Charge2.csv,1830
3.85743,2.99853,24.50194,240.0,0.0,0.95026,14.945244232851069,610_Charge2.csv,1830
3.87715,2.99853,24.39678,300.0,0.0,1.14352,17.933934221307798,610_Charge2.csv,1830
3.89671,2.99853,24.50194,360.0,0.0,1.33781,20.92382040347614,610_Charge2.csv,1830
3.91609,2.99853,24.71226,420.0,0.0,1.53301,23.91251039193287,610_Charge2.csv,1830
3.93514,2.99853,24.81741,480.0,0.0,1.7292,26.9012003803896,610_Charge2.csv,1830
3.95385,2.99853,24.71226,540.0,0.0,1.92635,29.890488465702138,610_Charge2.csv,1830
3.97205,2.99853,24.6071,600.0,0.0,2.1244,32.87977655101467,610_Charge2.csv,1830
3.98975,2.99853,24.71226,660.0,0.0,2.32336,35.86906463632721,610_Charge2.csv,1830
4.00712,2.99853,24.92257,720.0,0.0,2.52319,38.85775462478394,610_Charge2.csv,1830
4.02414,2.99853,24.81741,780.0,0.0,2.72386,41.84704271009648,610_Charge2.csv,1830
4.0415,2.99853,24.71226,840.0,0.0,2.92541,44.8357326985532,610_Charge2.csv,1830
4.05971,2.99853,24.71226,900.0,0.0,3.12783,47.82502078386574,610_Charge2.csv,1830
4.07876,2.99853,24.92257,960.0,0.0,3.3312,50.81371077232247,610_Charge2.csv,1830
4.09932,2.99853,25.02773,1020.0,0.0,3.53556,53.80299885763501,610_Charge2.csv,1830
4.12123,2.99853,24.92257,1080.0,0.0,3.74097,56.79228694294755,610_Charge2.csv,1830
4.14433,2.99853,24.81741,1140.0,0.0,3.94752,59.78157502826008,610_Charge2.csv,1830
4.16793,2.99853,24.6071,1200.0,0.0,4.15521,62.77026501671682,610_Charge2.csv,1830
4.19102,2.99853,25.02773,1260.0,0.0,4.3641,65.75955310202934,610_Charge2.csv,1830
4.19995,2.65883,25.13289,1320.0,0.0,4.56573,68.63221230045994,610_Charge2.csv,1830
4.19995,2.34723,24.92257,1380.0,0.0,4.74016,71.1161085426174,610_Charge2.csv,1830
4.19979,2.12502,24.50194,1440.0,0.0,4.89634,73.34043074935555,610_Charge2.csv,1830
4.19979,1.96411,24.50194,1500.0,0.0,5.03922,75.37515625280359,610_Charge2.csv,1830
4.19979,1.83641,24.81741,1560.0,0.0,5.172,77.26574041400265,610_Charge2.csv,1830
4.19979,1.72913,24.81741,1620.0,0.0,5.29665,79.04089188203137,610_Charge2.csv,1830
4.19979,1.62952,24.50194,1680.0,0.0,5.41419,80.71496498142909,610_Charge2.csv,1830
4.19979,1.53247,24.18646,1740.0,0.0,5.52483,82.29095019647482,610_Charge2.csv,1830
4.19979,1.44307,24.29162,1800.0,0.0,5.6289,83.77243610830338,610_Charge2.csv,1830
4.19979,1.3639,24.6071,1860.0,0.0,5.72701,85.17018846031928,610_Charge2.csv,1830
4.19979,1.28216,24.6071,1920.0,0.0,5.81956,86.48779583365732,610_Charge2.csv,1830
4.19979,1.20043,24.29162,1980.0,0.0,5.90649,87.7258563251733,610_Charge2.csv,1830
4.19979,1.1187,23.97615,2040.0,0.0,5.98767,88.88197754744404,610_Charge2.csv,1830
4.19979,1.03442,24.0813,2100.0,0.0,6.06299,89.9543652099021,610_Charge2.csv,1830
4.19979,0.95524,24.29162,2160.0,0.0,6.13257,90.9454116999707,610_Charge2.csv,1830
4.19979,0.87862,24.39678,2220.0,0.0,6.19681,91.86049988935208,610_Charge2.csv,1830
4.19979,0.80455,24.39678,2280.0,0.0,6.25579,92.70022787490208,610_Charge2.csv,1830
4.19979,0.73303,23.97615,2340.0,0.0,6.30961,93.46698804404386,610_Charge2.csv,1830
4.19979,0.66152,23.76583,2400.0,0.0,6.35837,94.16137849363324,610_Charge2.csv,1830
4.19979,0.59511,23.76583,2460.0,0.0,6.40241,94.78818399851671,610_Charge2.csv,1830
4.19979,0.53636,24.0813,2520.0,0.0,6.44205,95.35278743039648,610_Charge2.csv,1830
4.19979,0.48273,24.29162,2580.0,0.0,6.47773,95.8611697578306,610_Charge2.csv,1830
4.19979,0.43165,24.0813,2640.0,0.0,6.50974,96.31691956195388,610_Charge2.csv,1830
4.19979,0.38823,23.97615,2700.0,0.0,6.53839,96.72482161761276,610_Charge2.csv,1830
4.19979,0.34481,23.76583,2760.0,0.0,6.56401,97.0896606996537,610_Charge2.csv,1830
4.19979,0.30905,23.76583,2820.0,0.0,6.58685,97.41502538921154,610_Charge2.csv,1830
4.19979,0.27584,23.97615,2880.0,0.0,6.60729,97.70629855798848,610_Charge2.csv,1830
4.19979,0.24775,23.97615,2940.0,0.0,6.62555,97.9658725934078,610_Charge2.csv,1830
4.19979,0.22221,23.97615,3000.0,0.0,6.64194,98.19972846402746,610_Charge2.csv,1830
4.19979,0.19922,23.87099,3060.0,0.0,6.65663,98.40906236355916,610_Charge2.csv,1830
4.19979,0.17879,23.66067,3120.0,0.0,6.66981,98.59626667942608,610_Charge2.csv,1830
4.19979,0.16091,23.87099,3180.0,0.0,6.68164,98.76492999276304,610_Charge2.csv,1830
4.19979,0.14558,23.97615,3240.0,0.0,6.69231,98.91684659413748,610_Charge2.csv,1830
4.19979,0.13026,23.97615,3300.0,0.0,6.70198,99.05440887097258,610_Charge2.csv,1830
4.19979,0.11749,23.76583,3360.0,0.0,6.71073,99.17941111383578,610_Charge2.csv,1830
4.19979,0.10983,23.66067,3420.0,0.0,6.71873,99.29304951643869,610_Charge2.csv,1830
4.19979,0.09961,23.66067,3480.0,0.0,6.726,99.39652027249292,610_Charge2.csv,1830
4.19979,0.08939,23.87099,3540.0,0.0,6.73264,99.4910195757101,610_Charge2.csv,1830
4.19979,0.08429,23.97615,3600.0,0.0,6.73873,99.57774361980178,610_Charge2.csv,1830
4.19979,0.07662,23.87099,3660.0,0.0,6.74431,99.65729050162383,610_Charge2.csv,1830
4.19979,0.06896,23.66067,3720.0,0.0,6.74939,99.72966022117625,610_Charge2.csv,1830
4.19979,0.06385,23.66067,3780.0,0.0,6.75403,99.79604897217057,610_Charge2.csv,1830
4.19979,0.05874,23.97615,3840.0,0.0,6.75833,99.85705485146266,610_Charge2.csv,1830
4.19979,0.05619,24.0813,3900.0,0.0,6.76233,99.9138740527641,610_Charge2.csv,1830
4.19979,0.05364,23.87099,3960.0,0.0,6.76613,99.96830086664237,610_Charge2.csv,1830
4.19979,0.04853,23.66067,3997.0,0.0,6.76835,100.0,610_Charge2.csv,1830
3.79051,2.99853,23.55551,0.0,0.0,0.18841,3.1194184579643536,610_Charge3.csv,1834
3.8136,2.99853,23.55551,60.0,0.0,0.37842,6.240085932328292,610_Charge3.csv,1834
3.83737,3.00108,23.97615,120.0,0.0,0.5696,9.361377914892024,610_Charge3.csv,1834
3.86013,2.99853,24.39678,180.0,0.0,0.76196,12.482669897455754,610_Charge3.csv,1834
3.88086,2.99853,24.71226,240.0,0.0,0.95539,15.603337371819691,610_Charge3.csv,1834
3.90041,2.99853,24.81741,300.0,0.0,1.14984,18.724629354383424,610_Charge3.csv,1834
3.91946,2.99853,24.6071,360.0,0.0,1.34525,21.845921336947157,610_Charge3.csv,1834
3.93834,2.99853,24.39678,420.0,0.0,1.5416,24.966588811311095,610_Charge3.csv,1834
3.95705,2.99853,24.39678,480.0,0.0,1.7389,28.087880793874824,610_Charge3.csv,1834
3.97509,2.99853,24.50194,540.0,0.0,1.93712,31.20917277643856,610_Charge3.csv,1834
3.99262,2.99853,24.81741,600.0,0.0,2.13622,34.33046475900229,610_Charge3.csv,1834
4.00981,2.99853,24.92257,660.0,0.0,2.33618,37.45113223336622,610_Charge3.csv,1834
4.02718,2.99853,24.81741,720.0,0.0,2.53701,40.57242421592996,610_Charge3.csv,1834
4.04504,2.99853,24.71226,780.0,0.0,2.73874,43.69371619849369,610_Charge3.csv,1834
4.06426,2.99853,24.6071,840.0,0.0,2.94136,46.81438367285762,610_Charge3.csv,1834
4.08449,2.99853,24.92257,900.0,0.0,3.14497,49.93567565542136,610_Charge3.csv,1834
4.10589,2.99853,25.02773,960.0,0.0,3.34964,53.05696763798509,610_Charge3.csv,1834
4.12848,2.99853,24.81741,1020.0,0.0,3.55539,56.17763511234902,610_Charge3.csv,1834
4.15208,2.99853,24.71226,1080.0,0.0,3.76231,59.29892709491276,610_Charge3.csv,1834
4.17585,2.99853,24.6071,1140.0,0.0,3.9704,62.419594569276704,610_Charge3.csv,1834
4.19894,2.99853,24.92257,1200.0,0.0,4.17971,65.54151106004022,610_Charge3.csv,1834
4.19995,2.52857,25.02773,1260.0,0.0,4.37127,68.38989295929456,610_Charge3.csv,1834
4.19995,2.25784,24.81741,1320.0,0.0,4.53821,70.87231305347039,610_Charge3.csv,1834
4.19979,2.06117,24.50194,1380.0,0.0,4.68896,73.11367298252625,610_Charge3.csv,1834
4.19979,1.91048,24.50194,1440.0,0.0,4.82769,75.17642356644143,610_Charge3.csv,1834
4.19979,1.79299,24.81741,1500.0,0.0,4.95716,77.1017823464022,610_Charge3.csv,1834
4.19979,1.69338,24.71226,1560.0,0.0,5.07905,78.91410514220053,610_Charge3.csv,1834
4.19979,1.59377,24.18646,1620.0,0.0,5.1939,80.62213506863345,610_Charge3.csv,1834
4.19979,1.49416,24.0813,1680.0,0.0,5.30187,82.22774565030039,610_Charge3.csv,1834
4.19979,1.40732,24.39678,1740.0,0.0,5.40346,83.73843098559884,610_Charge3.csv,1834
4.19979,1.32814,24.6071,1800.0,0.0,5.4992,85.16168517292633,610_Charge3.csv,1834
4.19979,1.24896,24.6071,1860.0,0.0,5.58937,86.50250427788117,610_Charge3.csv,1834
4.19979,1.16723,24.18646,1920.0,0.0,5.674,87.76151280866318,610_Charge3.csv,1834
4.19979,1.0855,23.97615,1980.0,0.0,5.75283,88.93371469967401,610_Charge3.csv,1834
4.19979,1.00121,23.87099,2040.0,0.0,5.82586,90.01910995091367,610_Charge3.csv,1834
4.19979,0.92203,24.0813,2100.0,0.0,5.89316,91.0201965951813,610_Charge3.csv,1834
4.19979,0.84541,24.29162,2160.0,0.0,5.955,91.93947266527611,610_Charge3.csv,1834
4.19979,0.77134,24.29162,2220.0,0.0,6.01159,92.78130971859662,610_Charge3.csv,1834
4.19979,0.69983,24.18646,2280.0,0.0,6.06313,93.5475812797422,610_Charge3.csv,1834
4.19979,0.63342,23.87099,2340.0,0.0,6.10977,94.24078538151204,610_Charge3.csv,1834
4.19979,0.56957,23.87099,2400.0,0.0,6.15178,94.86591808950452,610_Charge3.csv,1834
4.19979,0.50827,23.87099,2460.0,0.0,6.18952,95.42735096111812,610_Charge3.csv,1834
4.19979,0.45974,23.87099,2520.0,0.0,6.2234,95.93070457015102,610_Charge3.csv,1834
4.19979,0.40866,23.97615,2580.0,0.0,6.2537,96.38159949040131,610_Charge3.csv,1834
4.19979,0.36524,23.97615,2640.0,0.0,6.28079,96.7844072792676,610_Charge3.csv,1834
4.19979,0.32693,23.97615,2700.0,0.0,6.30503,97.14474851054794,610_Charge3.csv,1834
4.19979,0.29372,23.97615,2760.0,0.0,6.32667,97.46637023344115,610_Charge3.csv,1834
4.19979,0.26052,23.87099,2820.0,0.0,6.34603,97.75426851354558,610_Charge3.csv,1834
4.19979,0.23498,23.87099,2880.0,0.0,6.36331,98.01156589186016,610_Charge3.csv,1834
4.19979,0.20944,23.87099,2940.0,0.0,6.37874,98.24076040118408,610_Charge3.csv,1834
4.19979,0.18645,23.87099,3000.0,0.0,6.39258,98.44622359891584,610_Charge3.csv,1834
4.19979,0.16857,23.97615,3060.0,0.0,6.40504,98.63170253425427,610_Charge3.csv,1834
4.19979,0.15325,23.76583,3120.0,0.0,6.41633,98.7996952399985,610_Charge3.csv,1834
4.19979,0.13792,23.76583,3180.0,0.0,6.42655,98.95145073254812,610_Charge3.csv,1834
4.19979,0.12515,23.87099,3240.0,0.0,6.43581,99.0894670447023,610_Charge3.csv,1834
4.19979,0.11494,23.87099,3300.0,0.0,6.4442,99.21374417646103,610_Charge3.csv,1834
4.19979,0.10216,23.97615,3360.0,0.0,6.45177,99.32678016062351,610_Charge3.csv,1834
4.19979,0.0945,23.87099,3420.0,0.0,6.45866,99.4291995053895,610_Charge3.csv,1834
4.19979,0.08684,23.87099,3480.0,0.0,6.46499,99.5235002435582,610_Charge3.csv,1834
4.19979,0.07918,23.87099,3540.0,0.0,6.47081,99.6096823751296,610_Charge3.csv,1834
4.19979,0.07407,23.87099,3600.0,0.0,6.47617,99.68961942470304,610_Charge3.csv,1834
4.19979,0.06641,23.97615,3660.0,0.0,6.48112,99.76331139227858,610_Charge3.csv,1834
4.19979,0.0613,23.87099,3720.0,0.0,6.48565,99.8307582778562,610_Charge3.csv,1834
4.19979,0.05619,23.87099,3780.0,0.0,6.4898,99.89196008143588,610_Charge3.csv,1834
4.19979,0.05364,23.76583,3840.0,0.0,6.49365,99.9494148358168,610_Charge3.csv,1834
4.19979,0.04853,23.87099,3897.0,0.0,6.49706,100.0,610_Charge3.csv,1834
3.79169,2.99853,24.18646,0.0,0.0,0.18859,3.131421983860458,610_Charge4.csv,1838
3.81478,2.99853,23.97615,60.0,0.0,0.37867,6.26221743271014,610_Charge4.csv,1838
3.83855,2.99853,24.18646,120.0,0.0,0.56991,9.3936394165706,610_Charge4.csv,1838
3.86164,2.99853,24.29162,180.0,0.0,0.76232,12.52443486542028,610_Charge4.csv,1838
3.88272,2.99853,24.50194,240.0,0.0,0.95586,15.656483384291514,610_Charge4.csv,1838
3.90227,3.00108,24.81741,300.0,0.0,1.1504,18.7872788331412,610_Charge4.csv,1838
3.92149,2.99853,24.71226,360.0,0.0,1.34588,21.91807428199088,610_Charge4.csv,1838
3.9402,2.99853,24.81741,420.0,0.0,1.54235,25.04949626585133,610_Charge4.csv,1838
3.95874,2.99853,24.71226,480.0,0.0,1.73973,28.180918249711794,610_Charge4.csv,1838
3.97661,2.99853,24.71226,540.0,0.0,1.93801,31.31171369856148,610_Charge4.csv,1838
3.99414,2.99853,24.81741,600.0,0.0,2.13718,34.44313568242194,610_Charge4.csv,1838
4.0115,2.99853,24.92257,660.0,0.0,2.33725,37.5745576662824,610_Charge4.csv,1838
4.02869,2.99853,24.92257,720.0,0.0,2.53815,40.70597965014285,610_Charge4.csv,1838
4.04673,2.99853,24.92257,780.0,0.0,2.73993,43.83677509899254,610_Charge4.csv,1838
4.06594,2.99853,24.81741,840.0,0.0,2.94264,46.96819708285299,610_Charge4.csv,1838
4.08634,2.99853,24.81741,900.0,0.0,3.14636,50.09961906671345,610_Charge4.csv,1838
4.10792,2.99853,24.81741,960.0,0.0,3.3511,53.230414515563126,610_Charge4.csv,1838
4.13084,2.99853,24.81741,1020.0,0.0,3.55697,56.36183649942359,610_Charge4.csv,1838
4.15427,2.99853,24.81741,1080.0,0.0,3.76402,59.49325848328405,610_Charge4.csv,1838
4.17804,3.00108,24.81741,1140.0,0.0,3.97221,62.62405393213373,610_Charge4.csv,1838
4.19995,2.95256,24.81741,1200.0,0.0,4.18153,65.75422284597263,610_Charge4.csv,1838
4.19995,2.49537,24.81741,1260.0,0.0,4.36991,68.5642323693048,610_Charge4.csv,1838
4.19979,2.2323,24.81741,1320.0,0.0,4.53482,71.02463535662373,610_Charge4.csv,1838
4.19995,2.04329,24.6071,1380.0,0.0,4.68412,73.25196731993384,610_Charge4.csv,1838
4.19979,1.90026,24.6071,1440.0,0.0,4.82194,75.30762869029121,610_Charge4.csv,1838
4.19979,1.78022,24.50194,1500.0,0.0,4.9506,77.2273319633101,610_Charge4.csv,1838
4.19979,1.67294,24.50194,1560.0,0.0,5.07141,79.02924665430305,610_Charge4.csv,1838
4.19979,1.57844,24.6071,1620.0,0.0,5.18514,80.72590346348555,610_Charge4.csv,1838
4.19979,1.48905,24.39678,1680.0,0.0,5.29241,82.32670041601925,610_Charge4.csv,1838
4.19979,1.40221,24.39678,1740.0,0.0,5.39353,83.83477018695805,610_Charge4.csv,1838
4.19979,1.31792,24.50194,1800.0,0.0,5.48872,85.25512505638815,610_Charge4.csv,1838
4.19979,1.23619,24.39678,1860.0,0.0,5.57815,86.58901809433111,610_Charge4.csv,1838
4.19979,1.15446,24.29162,1920.0,0.0,5.66186,87.83770237080849,610_Charge4.csv,1838
4.19979,1.07273,24.39678,1980.0,0.0,5.73985,89.00117788582027,610_Charge4.csv,1838
4.19979,0.99355,24.29162,2040.0,0.0,5.81218,90.080697709388,610_Charge4.csv,1838
4.19979,0.91437,24.18646,2100.0,0.0,5.87897,91.07688837652248,610_Charge4.csv,1838
4.19979,0.83775,24.18646,2160.0,0.0,5.94037,91.9928825622776,610_Charge4.csv,1838
4.19979,0.76623,23.97615,2220.0,0.0,5.9965,92.82993333667488,610_Charge4.csv,1838
4.19979,0.69216,24.0813,2280.0,0.0,6.04756,93.59179990977896,610_Charge4.csv,1838
4.19979,0.62576,24.0813,2340.0,0.0,6.09374,94.280988421633,610_Charge4.csv,1838
4.19979,0.5619,24.0813,2400.0,0.0,6.13537,94.90188461731242,610_Charge4.csv,1838
4.19979,0.50316,24.0813,2460.0,0.0,6.17269,95.45887424189264,610_Charge4.csv,1838
4.19979,0.45463,23.97615,2520.0,0.0,6.20619,95.95822264548144,610_Charge4.csv,1838
4.19979,0.40355,23.97615,2580.0,0.0,6.23618,96.40556864317578,610_Charge4.csv,1838
4.19979,0.36013,23.87099,2640.0,0.0,6.26298,96.80529798005114,610_Charge4.csv,1838
4.19979,0.32182,23.97615,2700.0,0.0,6.28688,97.16242293619366,610_Charge4.csv,1838
4.19979,0.28861,23.97615,2760.0,0.0,6.30833,97.48195579168964,610_Charge4.csv,1838
4.19979,0.25797,23.97615,2820.0,0.0,6.32749,97.76828229161444,610_Charge4.csv,1838
4.19979,0.23242,23.97615,2880.0,0.0,6.34462,98.02328204100044,610_Charge4.csv,1838
4.19979,0.20688,23.87099,2940.0,0.0,6.35996,98.25259385494462,610_Charge4.csv,1838
4.19979,0.18645,23.97615,3000.0,0.0,6.37369,98.45747080346852,610_Charge4.csv,1838
4.19979,0.16857,23.87099,3060.0,0.0,6.38606,98.64167209663675,610_Charge4.csv,1838
4.19979,0.15325,23.87099,3120.0,0.0,6.39724,98.80833040950328,610_Charge4.csv,1838
4.19979,0.13792,23.87099,3180.0,0.0,6.40736,98.9593253471004,610_Charge4.csv,1838
4.19979,0.12515,23.87099,3240.0,0.0,6.41655,99.09653651446042,610_Charge4.csv,1838
4.19979,0.11238,23.76583,3300.0,0.0,6.42491,99.22121698160493,610_Charge4.csv,1838
4.19979,0.10216,23.87099,3360.0,0.0,6.43245,99.33399328354469,610_Charge4.csv,1838
4.19979,0.09195,23.87099,3420.0,0.0,6.43928,99.43549195529047,610_Charge4.csv,1838
4.19979,0.08429,23.76583,3480.0,0.0,6.4455,99.52821913688535,610_Charge4.csv,1838
4.19979,0.07918,23.76583,3540.0,0.0,6.45124,99.61405443336174,610_Charge4.csv,1838
4.19979,0.07152,23.87099,3600.0,0.0,6.45654,99.69299784471956,610_Charge4.csv,1838
4.19979,0.06896,23.87099,3660.0,0.0,6.46148,99.7669289759912,610_Charge4.csv,1838
4.19979,0.0613,23.87099,3720.0,0.0,6.46604,99.8352212921658,610_Charge4.csv,1838
4.19979,0.05874,23.97615,3780.0,0.0,6.47026,99.89787479324345,610_Charge4.csv,1838
4.19979,0.05364,23.87099,3840.0,0.0,6.47411,99.95551601423487,610_Charge4.csv,1838
4.19979,0.04853,23.87099,3891.0,0.0,6.47711,100.0,610_Charge4.csv,1838
3.79068,2.99853,24.29162,0.0,0.0,0.18842,3.120100442873116,610_Charge5.csv,1842
3.81327,2.99853,24.81741,60.0,0.0,0.37844,6.241450175212847,610_Charge5.csv,1842
3.83636,2.99853,24.6071,120.0,0.0,0.56958,9.363424552285888,610_Charge5.csv,1842
3.85979,2.99853,23.87099,180.0,0.0,0.76191,12.485398929358926,610_Charge5.csv,1842
3.88103,2.99853,23.76583,240.0,0.0,0.95535,15.606748661698658,610_Charge5.csv,1842
3.90092,2.99853,24.18646,300.0,0.0,1.1498,18.728723038771697,610_Charge5.csv,1842
3.92014,2.99853,24.81741,360.0,0.0,1.34526,21.85069741584474,610_Charge5.csv,1842
3.93868,2.99853,25.23805,420.0,0.0,1.54163,24.97204714818447,610_Charge5.csv,1842
3.95688,2.99853,25.13289,480.0,0.0,1.73893,28.094021525257507,610_Charge5.csv,1842
3.97475,2.99853,24.81741,540.0,0.0,1.93713,31.21599590233055,610_Charge5.csv,1842
3.99245,2.99853,24.50194,600.0,0.0,2.13621,34.337970279403585,610_Charge5.csv,1842
4.01015,2.99853,24.29162,660.0,0.0,2.33621,37.45994465647663,610_Charge5.csv,1842
4.02785,2.99853,24.6071,720.0,0.0,2.53706,40.58129438881636,610_Charge5.csv,1842
4.04555,2.99853,24.92257,780.0,0.0,2.73879,43.7032687658894,610_Charge5.csv,1842
4.06426,2.99853,25.23805,840.0,0.0,2.94144,46.82524314296244,610_Charge5.csv,1842
4.08415,2.99853,25.23805,900.0,0.0,3.14505,49.94659287530217,610_Charge5.csv,1842
4.10573,2.99853,24.92257,960.0,0.0,3.34971,53.06856725237521,610_Charge5.csv,1842
4.12865,2.99853,24.71226,1020.0,0.0,3.55549,56.19116627418156,610_Charge5.csv,1842
4.15259,2.99853,24.50194,1080.0,0.0,3.76239,59.312516006521285,610_Charge5.csv,1842
4.17635,2.99853,24.92257,1140.0,0.0,3.97054,62.43449038359432,610_Charge5.csv,1842
4.19911,2.99853,25.13289,1200.0,0.0,4.17983,65.55584011593406,610_Charge5.csv,1842
4.19995,2.52857,25.02773,1260.0,0.0,4.37117,68.40172152088499,610_Charge5.csv,1842
4.19979,2.25784,24.81741,1320.0,0.0,4.53805,70.8834350463174,610_Charge5.csv,1842
4.19979,2.05606,24.50194,1380.0,0.0,4.68868,73.12403570469294,610_Charge5.csv,1842
4.19979,1.90537,24.39678,1440.0,0.0,4.8272,75.18411403514251,610_Charge5.csv,1842
4.19979,1.78277,24.6071,1500.0,0.0,4.95615,77.10239801113117,610_Charge5.csv,1842
4.19979,1.68061,24.81741,1560.0,0.0,5.07733,78.90449806672454,610_Charge5.csv,1842
4.19979,1.58866,24.71226,1620.0,0.0,5.19175,80.60603032025536,610_Charge5.csv,1842
4.19979,1.49671,24.39678,1680.0,0.0,5.29976,82.21261657432335,610_Charge5.csv,1842
4.19979,1.40987,23.97615,1740.0,0.0,5.40151,83.72613076312845,610_Charge5.csv,1842
4.19979,1.32048,24.18646,1800.0,0.0,5.49703,85.14657288667071,610_Charge5.csv,1842
4.19979,1.24385,24.6071,1860.0,0.0,5.58678,86.48143868174975,610_Charge5.csv,1842
4.19979,1.16468,24.6071,1920.0,0.0,5.67103,87.73447601676546,610_Charge5.csv,1842
4.19979,1.08294,23.97615,1980.0,0.0,5.74976,88.90568489171783,610_Charge5.csv,1842
4.19979,1.00121,23.87099,2040.0,0.0,5.8227,89.9906927934737,610_Charge5.csv,1842
4.19979,0.92203,24.18646,2100.0,0.0,5.8899,90.9901243667664,610_Charge5.csv,1842
4.19979,0.84797,24.6071,2160.0,0.0,5.95182,91.91085070366228,610_Charge5.csv,1842
4.19979,0.7739,24.0813,2220.0,0.0,6.00866,92.75661967256124,610_Charge5.csv,1842
4.19979,0.70238,23.76583,2280.0,0.0,6.06035,93.52493269452998,610_Charge5.csv,1842
4.19979,0.63342,24.18646,2340.0,0.0,6.10705,94.2195376379684,610_Charge5.csv,1842
4.19979,0.57212,24.50194,2400.0,0.0,6.14923,94.84730559494288,610_Charge5.csv,1842
4.19979,0.51338,24.18646,2460.0,0.0,6.18716,95.41135978911991,610_Charge5.csv,1842
4.19979,0.45974,23.66067,2520.0,0.0,6.22115,95.91669737836604,610_Charge5.csv,1842
4.19979,0.40866,23.66067,2580.0,0.0,6.2515,96.36831552054768,610_Charge5.csv,1842
4.19979,0.36524,23.97615,2640.0,0.0,6.27859,96.7712113735313,610_Charge5.csv,1842
4.19979,0.32693,24.18646,2700.0,0.0,6.30284,97.13163138465,610_Charge5.csv,1842
4.19979,0.29372,24.0813,2760.0,0.0,6.32457,97.45519735650348,610_Charge5.csv,1842
4.19979,0.26307,23.97615,2820.0,0.0,6.34405,97.74440786802504,610_Charge5.csv,1842
4.19979,0.23498,23.66067,2880.0,0.0,6.36146,98.00363543234786,610_Charge5.csv,1842
4.19979,0.20944,23.76583,2940.0,0.0,6.377,98.23475398367178,610_Charge5.csv,1842
4.19979,0.189,23.87099,3000.0,0.0,6.39089,98.44151139039673,610_Charge5.csv,1842
4.19979,0.16857,24.0813,3060.0,0.0,6.40335,98.62640623145586,610_Charge5.csv,1842
4.19979,0.15325,23.97615,3120.0,0.0,6.41464,98.79443566471568,610_Charge5.csv,1842
4.19979,0.14048,23.87099,3180.0,0.0,6.42489,98.94684897964282,610_Charge5.csv,1842
4.19979,0.12771,23.87099,3240.0,0.0,6.4342,99.0855201104372,610_Charge5.csv,1842
4.19979,0.11494,23.87099,3300.0,0.0,6.44267,99.21169834656538,610_Charge5.csv,1842
4.19979,0.10472,23.97615,3360.0,0.0,6.45033,99.32538368802744,610_Charge5.csv,1842
4.19979,0.0945,23.87099,3420.0,0.0,6.45729,99.42907471375652,610_Charge5.csv,1842
4.19979,0.08684,23.87099,3480.0,0.0,6.46362,99.52277142375272,610_Charge5.csv,1842
4.19979,0.07918,23.87099,3540.0,0.0,6.46942,99.60897239694924,610_Charge5.csv,1842
4.19979,0.07407,23.87099,3600.0,0.0,6.47477,99.68892692281266,610_Charge5.csv,1842
4.19979,0.06896,23.76583,3660.0,0.0,6.47971,99.762635001343,610_Charge5.csv,1842
4.19979,0.0613,23.87099,3720.0,0.0,6.48427,99.83009663254025,610_Charge5.csv,1842
4.19979,0.05874,23.87099,3780.0,0.0,6.48848,99.89256110587102,610_Charge5.csv,1842
4.19979,0.05364,23.87099,3840.0,0.0,6.49237,99.95065306606868,610_Charge5.csv,1842
4.19979,0.04853,23.76583,3894.0,0.0,6.49569,100.0,610_Charge5.csv,1842
3.79152,2.99853,24.0813,0.0,0.0,0.18845,3.124726257961983,610_Charge7.csv,1850
3.81445,2.99853,24.39678,60.0,0.0,0.37851,6.251955300271551,610_Charge7.csv,1850
3.83788,2.99853,24.39678,120.0,0.0,0.56973,9.37918434258112,610_Charge7.csv,1850
3.86114,2.99853,24.18646,180.0,0.0,0.76212,12.505787688803792,610_Charge7.csv,1850
3.88221,2.99853,24.0813,240.0,0.0,0.95562,15.633016731113363,610_Charge7.csv,1850
3.9021,2.99853,24.29162,300.0,0.0,1.15013,18.76024577342293,610_Charge7.csv,1850
3.92115,2.99853,24.6071,360.0,0.0,1.34563,21.886849119645607,610_Charge7.csv,1850
3.93986,2.99853,24.92257,420.0,0.0,1.54208,25.014078161955176,610_Charge7.csv,1850
3.95823,2.99853,24.81741,480.0,0.0,1.73944,28.14130720426474,610_Charge7.csv,1850
3.9761,2.99853,24.71226,540.0,0.0,1.9377,31.26791055048741,610_Charge7.csv,1850
3.9938,3.00108,24.6071,600.0,0.0,2.13687,34.395139592796994,610_Charge7.csv,1850
4.01133,3.00108,24.71226,660.0,0.0,2.33691,37.52236863510655,610_Charge7.csv,1850
4.02869,2.99853,24.81741,720.0,0.0,2.53783,40.649597677416125,610_Charge7.csv,1850
4.04656,2.99853,25.02773,780.0,0.0,2.7396,43.7762010236388,610_Charge7.csv,1850
4.06544,2.99853,24.92257,840.0,0.0,2.94231,46.90343006594836,610_Charge7.csv,1850
4.08584,2.99853,24.81741,900.0,0.0,3.14599,50.030659108257936,610_Charge7.csv,1850
4.10758,2.99853,24.81741,960.0,0.0,3.35073,53.15788815056751,610_Charge7.csv,1850
4.13051,2.99853,24.81741,1020.0,0.0,3.55657,56.28449149679018,610_Charge7.csv,1850
4.15394,2.99853,24.92257,1080.0,0.0,3.76358,59.41172053909975,610_Charge7.csv,1850
4.1777,2.99853,24.71226,1140.0,0.0,3.97177,62.53832388532242,610_Charge7.csv,1850
4.19995,2.95766,24.6071,1200.0,0.0,4.18109,65.6649272315451,610_Charge7.csv,1850
4.19995,2.49537,24.81741,1260.0,0.0,4.36944,68.47054848518977,610_Charge7.csv,1850
4.19979,2.2323,25.02773,1320.0,0.0,4.53433,70.92703132234611,610_Charge7.csv,1850
4.19979,2.04584,24.81741,1380.0,0.0,4.68376,73.15325799952447,610_Charge7.csv,1850
4.19979,1.89771,24.39678,1440.0,0.0,4.82165,75.20804394889313,610_Charge7.csv,1850
4.19979,1.77511,24.50194,1500.0,0.0,4.95009,77.12142258262317,610_Charge7.csv,1850
4.19979,1.67039,24.71226,1560.0,0.0,5.07062,78.91717035201661,610_Charge7.csv,1850
4.19979,1.57844,24.6071,1620.0,0.0,5.1843,80.61092965924591,610_Charge7.csv,1850
4.19979,1.48905,24.18646,1680.0,0.0,5.2916,82.20895746518,610_Charge7.csv,1850
4.19979,1.39965,24.18646,1740.0,0.0,5.39264,83.71438225025341,610_Charge7.csv,1850
4.19979,1.31792,24.39678,1800.0,0.0,5.48771,85.13095819098747,610_Charge7.csv,1850
4.19979,1.23875,24.6071,1860.0,0.0,5.57721,86.46431655216429,610_Charge7.csv,1850
4.19979,1.15957,24.18646,1920.0,0.0,5.66117,87.71508302987073,610_Charge7.csv,1850
4.19979,1.07784,24.0813,1980.0,0.0,5.73944,88.88138053584613,610_Charge7.csv,1850
4.19979,0.9961,24.18646,2040.0,0.0,5.81192,89.9613319818298,610_Charge7.csv,1850
4.19979,0.91948,24.50194,2100.0,0.0,5.87898,90.95994293651688,610_Charge7.csv,1850
4.19979,0.84541,24.29162,2160.0,0.0,5.94077,91.8809675764288,610_Charge7.csv,1850
4.19979,0.76879,23.87099,2220.0,0.0,5.99727,92.7225288133048,610_Charge7.csv,1850
4.19979,0.69983,23.97615,2280.0,0.0,6.04861,93.48775512757943,610_Charge7.csv,1850
4.19979,0.63342,24.39678,2340.0,0.0,6.09518,94.18102639186094,610_Charge7.csv,1850
4.19979,0.57212,24.29162,2400.0,0.0,6.13733,94.80922526310522,610_Charge7.csv,1850
4.19979,0.51082,23.76583,2460.0,0.0,6.17522,95.373603133486,610_Charge7.csv,1850
4.19979,0.45719,23.76583,2520.0,0.0,6.20912,95.87853987561162,610_Charge7.csv,1850
4.19979,0.40866,23.97615,2580.0,0.0,6.23946,96.33091814643792,610_Charge7.csv,1850
4.19979,0.36779,24.18646,2640.0,0.0,6.26661,96.73511781857316,610_Charge7.csv,1850
4.19979,0.32948,23.97615,2700.0,0.0,6.29096,97.09802154897324,610_Charge7.csv,1850
4.19979,0.29372,23.76583,2760.0,0.0,6.31279,97.4233835141595,610_Charge7.csv,1850
4.19979,0.26307,23.76583,2820.0,0.0,6.33225,97.71308080239264,610_Charge7.csv,1850
4.19979,0.23753,23.87099,2880.0,0.0,6.34963,97.97211898236787,610_Charge7.csv,1850
4.19979,0.21199,23.97615,2940.0,0.0,6.36524,98.20487792669346,610_Charge7.csv,1850
4.19979,0.189,23.97615,3000.0,0.0,6.37927,98.41386041971694,610_Charge7.csv,1850
4.19979,0.17113,23.76583,3060.0,0.0,6.39186,98.60156924578595,610_Charge7.csv,1850
4.19979,0.15325,23.66067,3120.0,0.0,6.40324,98.77050718924804,610_Charge7.csv,1850
4.19979,0.14048,23.87099,3180.0,0.0,6.41347,98.92317703445084,610_Charge7.csv,1850
4.19979,0.12771,23.87099,3240.0,0.0,6.42278,99.06208156574188,610_Charge7.csv,1850
4.19979,0.11494,23.87099,3300.0,0.0,6.43126,99.18847217529502,610_Charge7.csv,1850
4.19979,0.10472,23.76583,3360.0,0.0,6.43897,99.30297455919712,610_Charge7.csv,1850
4.19979,0.09706,23.76583,3420.0,0.0,6.446,99.40809150179577,610_Charge7.csv,1850
4.19979,0.08684,23.76583,3480.0,0.0,6.45239,99.50319730700404,610_Charge7.csv,1850
4.19979,0.07918,23.87099,3540.0,0.0,6.45823,99.59016906308268,610_Charge7.csv,1850
4.19979,0.07407,23.87099,3600.0,0.0,6.46359,99.67025816220546,610_Charge7.csv,1850
4.19979,0.06641,23.87099,3660.0,0.0,6.46854,99.74346460437236,610_Charge7.csv,1850
4.19979,0.06385,23.76583,3720.0,0.0,6.47315,99.812291173931,610_Charge7.csv,1850
4.19979,0.05874,23.76583,3780.0,0.0,6.47741,99.87548647870756,610_Charge7.csv,1850
4.19979,0.05364,23.87099,3840.0,0.0,6.48135,99.93430191087585,610_Charge7.csv,1850
4.19979,0.05108,23.76583,3900.0,0.0,6.48505,99.98936316652276,610_Charge7.csv,1850
4.19979,0.04853,23.76583,3911.0,0.0,6.48574,100.0,610_Charge7.csv,1850
3.80703,2.99853,24.18646,0.0,0.0,0.18932,3.232148169225396,611_Charge10.csv,1881
3.83097,3.00108,24.18646,60.0,0.0,0.38018,6.463649650141624,611_Charge10.csv,1881
3.85575,2.99853,23.87099,121.0,0.0,0.57226,9.69579781936702,611_Charge10.csv,1881
3.87918,2.99853,24.0813,180.0,0.0,0.76555,12.927945988592418,611_Charge10.csv,1881
3.90008,2.99853,24.29162,241.0,0.0,0.95996,16.159447469508645,611_Charge10.csv,1881
3.91946,2.99853,24.71226,300.0,0.0,1.15536,19.39159563873404,611_Charge10.csv,1881
3.938,2.99853,24.81741,360.0,0.0,1.35171,22.62374380795944,611_Charge10.csv,1881
3.95638,2.99853,24.6071,420.0,0.0,1.54897,25.85524528887567,611_Charge10.csv,1881
3.97441,2.99853,24.50194,480.0,0.0,1.74715,29.08739345810106,611_Charge10.csv,1881
3.99211,2.99853,24.50194,541.0,0.0,1.94622,32.31889493901729,611_Charge10.csv,1881
4.00964,2.99853,24.92257,600.0,0.0,2.14618,35.551689796551855,611_Charge10.csv,1881
4.02701,2.99853,24.92257,661.0,0.0,2.34699,38.78319127746808,611_Charge10.csv,1881
4.04521,2.99853,24.92257,721.0,0.0,2.54869,42.01469275838432,611_Charge10.csv,1881
4.0646,2.99853,24.71226,780.0,0.0,2.75134,45.24684092760971,611_Charge10.csv,1881
4.08533,2.99853,24.6071,840.0,0.0,2.95499,48.47898909683511,611_Charge10.csv,1881
4.10724,2.99853,24.6071,901.0,0.0,3.1597,51.7111372660605,611_Charge10.csv,1881
4.13017,2.99853,24.92257,961.0,0.0,3.36553,54.94263874697673,611_Charge10.csv,1881
4.15377,2.99853,24.92257,1020.0,0.0,3.57255,58.17478691620212,611_Charge10.csv,1881
4.1777,2.99853,24.81741,1081.0,0.0,3.78074,61.40693508542752,611_Charge10.csv,1881
4.19995,2.95256,24.6071,1140.0,0.0,3.99004,64.63778987803458,611_Charge10.csv,1881
4.19995,2.48771,24.71226,1200.0,0.0,4.17809,67.53301343818305,611_Charge10.csv,1881
4.19979,2.22208,24.92257,1260.0,0.0,4.34236,70.06285810365121,611_Charge10.csv,1881
4.19979,2.03563,24.81741,1320.0,0.0,4.49111,72.35278140641773,611_Charge10.csv,1881
4.19979,1.8926,24.71226,1380.0,0.0,4.62847,74.4680988657087,611_Charge10.csv,1881
4.19979,1.77,24.50194,1440.0,0.0,4.75664,76.44179158529172,611_Charge10.csv,1881
4.19979,1.66784,24.50194,1500.0,0.0,4.87687,78.29261352613267,611_Charge10.csv,1881
4.19979,1.57078,24.50194,1560.0,0.0,4.99012,80.03673189596078,611_Charge10.csv,1881
4.19979,1.48394,24.50194,1620.0,0.0,5.09703,81.6832003311044,611_Charge10.csv,1881
4.19979,1.3971,24.39678,1681.0,0.0,5.1978,83.23460558480024,611_Charge10.csv,1881
4.19979,1.31537,24.29162,1740.0,0.0,5.29263,84.69482778690326,611_Charge10.csv,1881
4.19979,1.23108,24.29162,1800.0,0.0,5.38165,86.06580700234102,611_Charge10.csv,1881
4.19979,1.14935,24.29162,1861.0,0.0,5.46496,87.34818991942264,611_Charge10.csv,1881
4.19979,1.07273,24.29162,1920.0,0.0,5.54269,88.54520997969398,611_Charge10.csv,1881
4.19979,0.99355,24.18646,1980.0,0.0,5.61491,89.65751387146422,611_Charge10.csv,1881
4.19979,0.91437,24.0813,2041.0,0.0,5.68167,90.68510159473335,611_Charge10.csv,1881
4.19979,0.83775,24.18646,2100.0,0.0,5.74301,91.62991321442892,611_Charge10.csv,1881
4.19979,0.76623,24.18646,2160.0,0.0,5.79915,92.49453548378752,611_Charge10.csv,1881
4.19979,0.69472,24.0813,2220.0,0.0,5.85026,93.2815551560459,611_Charge10.csv,1881
4.19979,0.62576,23.97615,2280.0,0.0,5.89653,93.99355898444068,611_Charge10.csv,1881
4.19979,0.56446,23.97615,2340.0,0.0,5.93824,94.6363671637544,611_Charge10.csv,1881
4.19979,0.50827,24.0813,2400.0,0.0,5.9758,95.21450651215126,611_Charge10.csv,1881
4.19979,0.45974,23.97615,2460.0,0.0,6.00961,95.73509060103213,611_Charge10.csv,1881
4.19979,0.40866,23.97615,2521.0,0.0,6.03991,96.20135287194276,611_Charge10.csv,1881
4.19979,0.36524,23.87099,2580.0,0.0,6.06701,96.6191135196658,611_Charge10.csv,1881
4.19979,0.32948,23.97615,2641.0,0.0,6.09128,96.99225267405616,611_Charge10.csv,1881
4.19979,0.29372,23.87099,2700.0,0.0,6.11301,97.32723721820555,611_Charge10.csv,1881
4.19979,0.26307,23.87099,2760.0,0.0,6.13245,97.62665390535072,611_Charge10.csv,1881
4.19979,0.23498,23.97615,2821.0,0.0,6.14985,97.89438286534656,611_Charge10.csv,1881
4.19979,0.20944,23.87099,2880.0,0.0,6.16545,98.13430422804817,611_Charge10.csv,1881
4.19979,0.189,23.76583,2940.0,0.0,6.17943,98.34965143500136,611_Charge10.csv,1881
4.19979,0.17113,23.87099,3001.0,0.0,6.19204,98.54430461606115,611_Charge10.csv,1881
4.19979,0.1558,23.87099,3061.0,0.0,6.20348,98.72020383615504,611_Charge10.csv,1881
4.19979,0.14048,23.97615,3120.0,0.0,6.21387,98.87993584851972,611_Charge10.csv,1881
4.19979,0.12771,23.97615,3180.0,0.0,6.22327,99.02479402977352,611_Charge10.csv,1881
4.19979,0.11494,23.97615,3240.0,0.0,6.23177,99.1560717565348,611_Charge10.csv,1881
4.19979,0.10472,23.97615,3300.0,0.0,6.23946,99.27441571711266,611_Charge10.csv,1881
4.19979,0.09706,23.87099,3360.0,0.0,6.2465,99.38241266474384,611_Charge10.csv,1881
4.19979,0.08939,23.87099,3421.0,0.0,6.25296,99.48200266435585,611_Charge10.csv,1881
4.19979,0.08173,23.97615,3480.0,0.0,6.2589,99.5738324042578,611_Charge10.csv,1881
4.19979,0.07407,23.97615,3540.0,0.0,6.2644,99.6585485727589,611_Charge10.csv,1881
4.19979,0.06896,23.76583,3601.0,0.0,6.26945,99.73615116985914,611_Charge10.csv,1881
4.19979,0.06385,23.87099,3660.0,0.0,6.27412,99.80793357217688,611_Charge10.csv,1881
4.19979,0.05874,23.97615,3720.0,0.0,6.27841,99.87389577971209,611_Charge10.csv,1881
4.19979,0.05364,23.87099,3781.0,0.0,6.28236,99.93468448077395,611_Charge10.csv,1881
4.19979,0.05108,23.66067,3841.0,0.0,6.28601,99.99094636367164,611_Charge10.csv,1881
4.19979,0.04853,23.66067,3851.0,0.0,6.28661,100.0,611_Charge10.csv,1881
3.80568,2.99853,23.87099,0.0,0.0,0.18927,3.2236842105263155,611_Charge12.csv,1889
3.83012,2.99853,23.87099,59.0,0.0,0.38006,6.44672342621259,611_Charge12.csv,1889
3.85473,2.99853,23.97615,119.0,0.0,0.57209,9.670407636738906,611_Charge12.csv,1889
3.87816,2.99853,24.29162,180.0,0.0,0.76534,12.89409184726522,611_Charge12.csv,1889
3.89907,2.99853,24.6071,239.0,0.0,0.95968,16.117131062951493,611_Charge12.csv,1889
3.91828,2.99853,24.71226,299.0,0.0,1.15504,19.34081527347781,611_Charge12.csv,1889
3.93699,2.99853,24.6071,360.0,0.0,1.35132,22.564499484004127,611_Charge12.csv,1889
3.95554,2.99853,24.6071,419.0,0.0,1.54857,25.78818369453044,611_Charge12.csv,1889
3.97357,2.99853,24.6071,479.0,0.0,1.74668,29.011222910216723,611_Charge12.csv,1889
3.99127,2.99853,24.6071,539.0,0.0,1.94571,32.23490712074303,611_Charge12.csv,1889
4.0088,2.99853,24.71226,599.0,0.0,2.14563,35.458591331269346,611_Charge12.csv,1889
4.02616,2.99853,24.92257,659.0,0.0,2.34644,38.68227554179566,611_Charge12.csv,1889
4.04437,2.99853,24.81741,719.0,0.0,2.54808,41.905314757481946,611_Charge12.csv,1889
4.06359,2.99853,24.81741,779.0,0.0,2.7507,45.128998968008254,611_Charge12.csv,1889
4.08415,2.99853,24.71226,839.0,0.0,2.95429,48.35268317853457,611_Charge12.csv,1889
4.10589,2.99853,24.81741,899.0,0.0,3.15894,51.57572239422085,611_Charge12.csv,1889
4.12882,3.00108,24.81741,960.0,0.0,3.3647,54.79940660474716,611_Charge12.csv,1889
4.15276,2.99853,24.81741,1019.0,0.0,3.57165,58.02309081527349,611_Charge12.csv,1889
4.17669,2.99853,24.71226,1079.0,0.0,3.77978,61.24613003095975,611_Charge12.csv,1889
4.19995,2.99342,24.71226,1140.0,0.0,3.98914,64.47045923632612,611_Charge12.csv,1889
4.19995,2.50303,24.81741,1199.0,0.0,4.17869,67.3813209494324,611_Charge12.csv,1889
4.19995,2.23485,24.81741,1259.0,0.0,4.34393,69.9187306501548,611_Charge12.csv,1889
4.19979,2.04329,24.6071,1319.0,0.0,4.49328,72.21233230134159,611_Charge12.csv,1889
4.19979,1.89515,24.6071,1379.0,0.0,4.6309,74.32598039215686,611_Charge12.csv,1889
4.19979,1.77511,24.6071,1439.0,0.0,4.75927,76.29772961816306,611_Charge12.csv,1889
4.19979,1.67039,24.39678,1499.0,0.0,4.87978,78.14821981424149,611_Charge12.csv,1889
4.19979,1.57333,24.39678,1559.0,0.0,4.99329,79.89164086687306,611_Charge12.csv,1889
4.19979,1.48139,24.39678,1619.0,0.0,5.10018,81.53315273477811,611_Charge12.csv,1889
4.19979,1.39965,24.50194,1679.0,0.0,5.201,83.08178534571724,611_Charge12.csv,1889
4.19979,1.31537,24.39678,1740.0,0.0,5.29605,84.54140866873064,611_Charge12.csv,1889
4.19979,1.23364,24.18646,1799.0,0.0,5.38531,85.91202270381837,611_Charge12.csv,1889
4.19979,1.15446,24.39678,1859.0,0.0,5.46897,87.19685242518061,611_Charge12.csv,1889
4.19979,1.07784,24.39678,1920.0,0.0,5.54715,88.39783281733746,611_Charge12.csv,1889
4.19979,1.00121,24.18646,1979.0,0.0,5.61983,89.51367389060889,611_Charge12.csv,1889
4.19979,0.91948,24.0813,2039.0,0.0,5.687,90.54566563467492,611_Charge12.csv,1889
4.19979,0.84541,24.0813,2100.0,0.0,5.74874,91.4938080495356,611_Charge12.csv,1889
4.19979,0.77134,24.18646,2159.0,0.0,5.80528,92.36197110423116,611_Charge12.csv,1889
4.19979,0.70494,24.18646,2219.0,0.0,5.85688,93.1546697626419,611_Charge12.csv,1889
4.19979,0.63597,23.97615,2279.0,0.0,5.90375,93.87448400412796,611_Charge12.csv,1889
4.19979,0.57212,23.87099,2339.0,0.0,5.94607,94.52399380804954,611_Charge12.csv,1889
4.19979,0.51593,24.0813,2399.0,0.0,5.98416,95.10900412796695,611_Charge12.csv,1889
4.19979,0.46485,24.29162,2459.0,0.0,6.01845,95.6359649122807,611_Charge12.csv,1889
4.19979,0.41632,24.0813,2519.0,0.0,6.04924,96.10874613003097,611_Charge12.csv,1889
4.19979,0.37035,23.76583,2579.0,0.0,6.07677,96.53186274509802,611_Charge12.csv,1889
4.19979,0.33203,23.76583,2639.0,0.0,6.10137,96.90918472652218,611_Charge12.csv,1889
4.19979,0.29883,24.0813,2700.0,0.0,6.12339,97.24716202270382,611_Charge12.csv,1889
4.19979,0.26818,24.0813,2759.0,0.0,6.14314,97.55095459236324,611_Charge12.csv,1889
4.19979,0.24009,24.18646,2819.0,0.0,6.16086,97.82314241486068,611_Charge12.csv,1889
4.19979,0.21455,23.87099,2880.0,0.0,6.17682,98.06824045407636,611_Charge12.csv,1889
4.19979,0.19411,23.76583,2939.0,0.0,6.19112,98.2875386996904,611_Charge12.csv,1889
4.19979,0.17623,23.87099,2999.0,0.0,6.204,98.48555211558308,611_Charge12.csv,1889
4.19979,0.15836,24.0813,3060.0,0.0,6.21561,98.66357069143449,611_Charge12.csv,1889
4.19979,0.14303,24.0813,3119.0,0.0,6.2261,98.8248194014448,611_Charge12.csv,1889
4.19979,0.13026,23.97615,3179.0,0.0,6.2356,98.97058823529412,611_Charge12.csv,1889
4.19979,0.11749,23.76583,3239.0,0.0,6.24424,99.10345717234264,611_Charge12.csv,1889
4.19979,0.10727,23.76583,3299.0,0.0,6.25211,99.22407120743034,611_Charge12.csv,1889
4.19979,0.09961,23.97615,3359.0,0.0,6.25935,99.33565531475747,611_Charge12.csv,1889
4.19979,0.09195,23.97615,3419.0,0.0,6.26597,99.43691950464395,611_Charge12.csv,1889
4.19979,0.08173,23.87099,3479.0,0.0,6.27203,99.53044375644996,611_Charge12.csv,1889
4.19979,0.07662,23.87099,3539.0,0.0,6.27756,99.61493808049536,611_Charge12.csv,1889
4.19979,0.06896,23.97615,3599.0,0.0,6.28267,99.6936274509804,611_Charge12.csv,1889
4.19979,0.06385,23.97615,3660.0,0.0,6.28738,99.765866873065,611_Charge12.csv,1889
4.19979,0.0613,23.87099,3719.0,0.0,6.29174,99.8329463364293,611_Charge12.csv,1889
4.19979,0.05619,23.97615,3779.0,0.0,6.29576,99.89486584107328,611_Charge12.csv,1889
4.19979,0.05364,23.87099,3840.0,0.0,6.29956,99.952915376677,611_Charge12.csv,1889
4.19979,0.04853,23.97615,3891.0,0.0,6.30263,100.0,611_Charge12.csv,1889
3.80686,2.99853,23.87099,0.0,0.0,0.18931,3.2296627529030126,611_Charge13.csv,1893
3.83113,2.99853,24.0813,60.0,0.0,0.38018,6.458679314779034,611_Charge13.csv,1893
3.85575,2.99853,24.29162,120.0,0.0,0.57226,9.688342067682049,611_Charge13.csv,1893
3.87901,2.99853,24.39678,180.0,0.0,0.76556,12.91800482058506,611_Charge13.csv,1893
3.89991,2.99853,24.39678,240.0,0.0,0.95995,16.14766757348807,611_Charge13.csv,1893
3.91929,2.99853,24.50194,300.0,0.0,1.15534,19.376684135364098,611_Charge13.csv,1893
3.938,2.99853,24.6071,360.0,0.0,1.35169,22.606346888267108,611_Charge13.csv,1893
3.95638,2.99853,24.6071,420.0,0.0,1.54897,25.83600964117012,611_Charge13.csv,1893
3.97441,2.99853,24.6071,480.0,0.0,1.74717,29.065672394073133,611_Charge13.csv,1893
3.99211,3.00108,24.71226,540.0,0.0,1.94625,32.29533514697614,611_Charge13.csv,1893
4.00948,2.99853,24.71226,600.0,0.0,2.1462,35.52499789987916,611_Charge13.csv,1893
4.02701,2.99853,24.71226,660.0,0.0,2.34703,38.75466065278218,611_Charge13.csv,1893
4.04521,2.99853,24.81741,720.0,0.0,2.54874,41.98432340568519,611_Charge13.csv,1893
4.0646,2.99853,24.81741,780.0,0.0,2.75138,45.21333996756121,611_Charge13.csv,1893
4.08516,2.99853,24.71226,840.0,0.0,2.95503,48.44300272046421,611_Charge13.csv,1893
4.10707,2.99853,24.71226,900.0,0.0,3.15975,51.67266547336723,611_Charge13.csv,1893
4.13,2.99853,24.81741,960.0,0.0,3.36557,54.90232822627025,611_Charge13.csv,1893
4.15394,2.99853,24.71226,1020.0,0.0,3.57259,58.13199097917327,611_Charge13.csv,1893
4.17787,2.99853,24.81741,1080.0,0.0,3.78079,61.36100754104928,611_Charge13.csv,1893
4.19995,2.95,24.81741,1140.0,0.0,3.99005,64.58873172087132,611_Charge13.csv,1893
4.19995,2.48771,24.92257,1200.0,0.0,4.1781,67.48237513973882,611_Charge13.csv,1893
4.19995,2.22208,24.71226,1260.0,0.0,4.34243,70.01027443732916,611_Charge13.csv,1893
4.19995,2.03563,24.71226,1320.0,0.0,4.49102,72.29649829082474,611_Charge13.csv,1893
4.19979,1.88749,24.6071,1380.0,0.0,4.62807,74.40566580292466,611_Charge13.csv,1893
4.19979,1.77,24.6071,1440.0,0.0,4.75597,76.37331748011347,611_Charge13.csv,1893
4.19979,1.66273,24.6071,1500.0,0.0,4.87602,78.22013143525488,611_Charge13.csv,1893
4.19979,1.57078,24.50194,1560.0,0.0,4.98908,79.95967767991574,611_Charge13.csv,1893
4.19979,1.47883,24.39678,1620.0,0.0,5.09571,81.6003566974469,611_Charge13.csv,1893
4.19979,1.39199,24.39678,1680.0,0.0,5.19621,83.14669182503732,611_Charge13.csv,1893
4.19979,1.31026,24.39678,1740.0,0.0,5.2908,84.60256020884894,611_Charge13.csv,1893
4.19979,1.23364,24.39678,1800.0,0.0,5.37975,85.97119280401671,611_Charge13.csv,1893
4.19979,1.14935,24.18646,1860.0,0.0,5.46305,87.25258961054067,611_Charge13.csv,1893
4.19979,1.07273,24.29162,1920.0,0.0,5.54081,88.44868920150175,611_Charge13.csv,1893
4.19979,0.99355,24.29162,1980.0,0.0,5.61311,89.56143014998094,611_Charge13.csv,1893
4.19979,0.91693,24.18646,2040.0,0.0,5.68004,90.59145864700524,611_Charge13.csv,1893
4.19979,0.84286,24.18646,2100.0,0.0,5.74162,91.53877469257462,611_Charge13.csv,1893
4.19979,0.76879,24.18646,2160.0,0.0,5.79795,92.40531685977008,611_Charge13.csv,1893
4.19979,0.69727,24.18646,2220.0,0.0,5.84927,93.19496229475357,611_Charge13.csv,1893
4.19979,0.63087,24.0813,2280.0,0.0,5.8958,93.91094195266004,611_Charge13.csv,1893
4.19979,0.56957,23.97615,2340.0,0.0,5.9378,94.55713297965144,611_Charge13.csv,1893
4.19979,0.51338,24.0813,2400.0,0.0,5.97565,95.13935109497068,611_Charge13.csv,1893
4.19979,0.45974,23.97615,2460.0,0.0,6.00972,95.66405820888772,611_Charge13.csv,1893
4.19979,0.41377,23.97615,2520.0,0.0,6.04032,96.13448527653745,611_Charge13.csv,1893
4.19979,0.37035,23.76583,2580.0,0.0,6.06773,96.55644801716284,611_Charge13.csv,1893
4.19979,0.33203,24.0813,2640.0,0.0,6.09226,96.93382357692582,611_Charge13.csv,1893
4.19979,0.29628,24.0813,2700.0,0.0,6.11421,97.27178148404232,611_Charge13.csv,1893
4.19979,0.26563,23.97615,2760.0,0.0,6.1339,97.57419888467427,611_Charge13.csv,1893
4.19979,0.23753,23.76583,2820.0,0.0,6.15155,97.84624530703766,611_Charge13.csv,1893
4.19979,0.21455,23.76583,2880.0,0.0,6.16733,98.08856694215945,611_Charge13.csv,1893
4.19979,0.19156,23.97615,2940.0,0.0,6.18152,98.30697950928251,611_Charge13.csv,1893
4.19979,0.17368,24.0813,3000.0,0.0,6.19435,98.50471396354187,611_Charge13.csv,1893
4.19979,0.15836,23.87099,3060.0,0.0,6.20597,98.68306268699152,611_Charge13.csv,1893
4.19979,0.14303,23.76583,3120.0,0.0,6.2165,98.84525663476636,611_Charge13.csv,1893
4.19979,0.13026,23.87099,3180.0,0.0,6.22597,98.99129580686642,611_Charge13.csv,1893
4.19979,0.11749,23.97615,3240.0,0.0,6.23459,99.12376496739968,611_Charge13.csv,1893
4.19979,0.10727,23.97615,3300.0,0.0,6.24244,99.24460268944706,611_Charge13.csv,1893
4.19979,0.09961,23.87099,3360.0,0.0,6.24963,99.3551013550626,611_Charge13.csv,1893
4.19979,0.08939,23.76583,3420.0,0.0,6.25623,99.45655334630024,611_Charge13.csv,1893
4.19979,0.08429,23.97615,3480.0,0.0,6.2623,99.55025104521398,611_Charge13.csv,1893
4.19979,0.07662,23.87099,3540.0,0.0,6.26787,99.63554826077684,611_Charge13.csv,1893
4.19979,0.06896,23.97615,3600.0,0.0,6.27299,99.7143835660698,611_Charge13.csv,1893
4.19979,0.06385,23.87099,3660.0,0.0,6.27767,99.78675696109283,611_Charge13.csv,1893
4.19979,0.05874,23.87099,3720.0,0.0,6.28197,99.85266844584596,611_Charge13.csv,1893
4.19979,0.05619,23.76583,3780.0,0.0,6.28599,99.91470278443714,611_Charge13.csv,1893
4.19979,0.05108,23.87099,3840.0,0.0,6.28972,99.97221378583936,611_Charge13.csv,1893
4.19979,0.04853,23.87099,3871.0,0.0,6.29155,100.0,611_Charge13.csv,1893
3.8072,2.99853,23.97615,0.0,0.0,0.18932,3.2321690712849134,611_Charge14.csv,1897
3.83164,2.99853,24.0813,61.0,0.0,0.3802,6.463691450078573,611_Charge14.csv,1897
3.85608,2.99853,24.18646,120.0,0.0,0.57232,9.695860521363487,611_Charge14.csv,1897
3.87951,2.99853,24.39678,180.0,0.0,0.76562,12.928029592648398,611_Charge14.csv,1897
3.90025,2.99853,24.39678,241.0,0.0,0.96004,16.15955197144206,611_Charge14.csv,1897
3.91963,2.99853,24.50194,300.0,0.0,1.15545,19.39172104272697,611_Charge14.csv,1897
3.93851,2.99853,24.50194,360.0,0.0,1.3518,22.62389011401189,611_Charge14.csv,1897
3.95688,2.99853,24.71226,420.0,0.0,1.54911,25.8560591852968,611_Charge14.csv,1897
3.97475,2.99853,24.71226,481.0,0.0,1.7473,29.08758156409046,611_Charge14.csv,1897
3.99245,2.99853,24.71226,540.0,0.0,1.9464,32.31975063537537,611_Charge14.csv,1897
4.00998,2.99853,24.71226,600.0,0.0,2.14634,35.551273014169034,611_Charge14.csv,1897
4.02751,3.00108,24.81741,660.0,0.0,2.3472,38.78344208545395,611_Charge14.csv,1897
4.04572,2.99853,24.81741,720.0,0.0,2.54895,42.01561115673886,611_Charge14.csv,1897
4.0651,2.99853,24.81741,780.0,0.0,2.7516,45.24713353553252,611_Charge14.csv,1897
4.08567,2.99853,24.81741,841.0,0.0,2.95528,48.47930260681744,611_Charge14.csv,1897
4.10758,2.99853,24.92257,900.0,0.0,3.16002,51.71147167810234,611_Charge14.csv,1897
4.13067,2.99853,24.81741,960.0,0.0,3.36588,54.94364074938726,611_Charge14.csv,1897
4.15444,2.99853,24.81741,1021.0,0.0,3.57291,58.17516312818092,611_Charge14.csv,1897
4.17855,2.99853,24.81741,1080.0,0.0,3.78114,61.40733219946583,611_Charge14.csv,1897
4.19995,2.92191,24.81741,1140.0,0.0,3.99034,64.63562111580323,611_Charge14.csv,1897
4.19995,2.47749,24.81741,1200.0,0.0,4.1773,67.51469608686374,611_Charge14.csv,1897
4.19995,2.21442,24.81741,1260.0,0.0,4.34092,70.0342100327873,611_Charge14.csv,1897
4.19979,2.02541,24.81741,1320.0,0.0,4.489,72.3144477569471,611_Charge14.csv,1897
4.19979,1.88494,24.71226,1380.0,0.0,4.62567,74.41878512348593,611_Charge14.csv,1897
4.19979,1.76745,24.6071,1440.0,0.0,4.75333,76.38473029689652,611_Charge14.csv,1897
4.19979,1.66017,24.50194,1500.0,0.0,4.87317,78.22974397444271,611_Charge14.csv,1897
4.19979,1.56567,24.50194,1560.0,0.0,4.98599,79.96676000594958,611_Charge14.csv,1897
4.19979,1.47372,24.39678,1621.0,0.0,5.09232,81.60418539380339,611_Charge14.csv,1897
4.19979,1.38944,24.39678,1680.0,0.0,5.19256,83.14784037042546,611_Charge14.csv,1897
4.19979,1.30771,24.39678,1740.0,0.0,5.287,84.60225178325454,611_Charge14.csv,1897
4.19979,1.23108,24.50194,1801.0,0.0,5.37586,85.97065309474692,611_Charge14.csv,1897
4.19979,1.15446,24.29162,1860.0,0.0,5.45923,87.25369099739383,611_Charge14.csv,1897
4.19979,1.07273,24.29162,1920.0,0.0,5.53706,88.45265887617778,611_Charge14.csv,1897
4.19979,0.9961,24.39678,1981.0,0.0,5.60937,89.56626334611629,611_Charge14.csv,1897
4.19979,0.91693,24.29162,2040.0,0.0,5.67627,90.59644448468308,611_Charge14.csv,1897
4.19979,0.8403,24.29162,2100.0,0.0,5.73778,91.5432022918782,611_Charge14.csv,1897
4.19979,0.76879,24.29162,2160.0,0.0,5.79403,92.4091235376666,611_Charge14.csv,1897
4.19979,0.69727,24.18646,2220.0,0.0,5.8453,93.1987350694871,611_Charge14.csv,1897
4.19979,0.63342,24.18646,2280.0,0.0,5.89185,93.91527034979596,611_Charge14.csv,1897
4.19979,0.56957,24.0813,2340.0,0.0,5.93389,94.56325622603195,611_Charge14.csv,1897
4.19979,0.51338,24.18646,2400.0,0.0,5.97174,95.14592616065136,611_Charge14.csv,1897
4.19979,0.46229,24.0813,2460.0,0.0,6.00576,95.66974707856669,611_Charge14.csv,1897
4.19979,0.41121,23.97615,2520.0,0.0,6.03619,96.1379524422342,611_Charge14.csv,1897
4.19979,0.36779,24.0813,2581.0,0.0,6.0634,96.55700917656644,611_Charge14.csv,1897
4.19979,0.32948,23.97615,2640.0,0.0,6.08779,96.93273751398472,611_Charge14.csv,1897
4.19979,0.29628,23.87099,2700.0,0.0,6.10968,97.2696643019278,611_Charge14.csv,1897
4.19979,0.26563,23.97615,2761.0,0.0,6.12934,97.57231638783442,611_Charge14.csv,1897
4.19979,0.24009,24.18646,2820.0,0.0,6.14704,97.8452206191434,611_Charge14.csv,1897
4.19979,0.21455,23.87099,2880.0,0.0,6.16296,98.09031707332846,611_Charge14.csv,1897
4.19979,0.19411,23.97615,2941.0,0.0,6.17728,98.3108392128459,611_Charge14.csv,1897
4.19979,0.17368,23.97615,3000.0,0.0,6.19014,98.50872711516946,611_Charge14.csv,1897
4.19979,0.15836,24.0813,3060.0,0.0,6.20177,98.68786093524668,611_Charge14.csv,1897
4.19979,0.14303,23.97615,3120.0,0.0,6.21229,98.84953405806004,611_Charge14.csv,1897
4.19979,0.13026,23.87099,3180.0,0.0,6.22179,98.9963332535746,611_Charge14.csv,1897
4.19979,0.11749,23.97615,3240.0,0.0,6.23041,99.12890521428154,611_Charge14.csv,1897
4.19979,0.10727,24.0813,3300.0,0.0,6.23829,99.25048340263722,611_Charge14.csv,1897
4.19979,0.09961,23.97615,3360.0,0.0,6.24551,99.3617145111328,611_Charge14.csv,1897
4.19979,0.08939,23.87099,3420.0,0.0,6.25212,99.4632452322596,611_Charge14.csv,1897
4.19979,0.08173,23.76583,3480.0,0.0,6.25817,99.55636895100012,611_Charge14.csv,1897
4.19979,0.07662,23.87099,3541.0,0.0,6.26372,99.64173235984558,611_Charge14.csv,1897
4.19979,0.06896,24.0813,3600.0,0.0,6.26881,99.71998215128724,611_Charge14.csv,1897
4.19979,0.06385,23.76583,3660.0,0.0,6.27351,99.79241171030765,611_Charge14.csv,1897
4.19979,0.0613,23.76583,3721.0,0.0,6.27786,99.859667729398,611_Charge14.csv,1897
4.19979,0.05619,23.97615,3781.0,0.0,6.28188,99.92110351606708,611_Charge14.csv,1897
4.19979,0.05108,24.0813,3840.0,0.0,6.28559,99.97865914778863,611_Charge14.csv,1897
4.19979,0.04853,23.97615,3864.0,0.0,6.28699,100.0,611_Charge14.csv,1897
3.80636,2.99853,23.76583,0.0,0.0,0.1893,3.2279314888010537,611_Charge15.csv,1901
3.83097,2.99853,23.45035,60.0,0.0,0.38014,6.455862977602108,611_Charge15.csv,1901
3.85591,2.99853,23.76583,120.0,0.0,0.57221,9.683148621767549,611_Charge15.csv,1901
3.87918,2.99853,24.39678,180.0,0.0,0.76553,12.9110801105686,611_Charge15.csv,1901
3.89974,2.99853,25.02773,240.0,0.0,0.95993,16.139011599369656,611_Charge15.csv,1901
3.91862,2.99853,25.13289,300.0,0.0,1.1553,19.366943088170714,611_Charge15.csv,1901
3.9375,2.99853,24.6071,360.0,0.0,1.35161,22.59422873233615,611_Charge15.csv,1901
3.95621,2.99853,24.0813,420.0,0.0,1.54885,25.822160221137203,611_Charge15.csv,1901
3.97475,2.99853,24.18646,480.0,0.0,1.74704,29.050091709938258,611_Charge15.csv,1901
3.99245,2.99853,24.71226,540.0,0.0,1.94613,32.2773773541037,611_Charge15.csv,1901
4.00964,2.99853,25.23805,600.0,0.0,2.14607,35.50466299826914,611_Charge15.csv,1901
4.02667,2.99853,25.34321,660.0,0.0,2.34689,38.7325944870702,611_Charge15.csv,1901
4.04471,2.99853,24.50194,720.0,0.0,2.54856,41.96052597587125,611_Charge15.csv,1901
4.06443,2.99853,24.29162,780.0,0.0,2.75121,45.1884574646723,611_Charge15.csv,1901
4.08533,2.99853,24.71226,840.0,0.0,2.95487,48.41638895347336,611_Charge15.csv,1901
4.10691,2.99853,25.34321,900.0,0.0,3.15955,51.64367459763879,611_Charge15.csv,1901
4.12933,2.99853,25.44836,960.0,0.0,3.36535,54.87160608643985,611_Charge15.csv,1901
4.15309,2.99853,24.6071,1020.0,0.0,3.5723,58.098891730605295,611_Charge15.csv,1901
4.17753,2.99853,24.39678,1080.0,0.0,3.78047,61.326823219406336,611_Charge15.csv,1901
4.19979,2.94745,24.81741,1140.0,0.0,3.98974,64.55281717430054,611_Charge15.csv,1901
4.19995,2.49281,25.23805,1200.0,0.0,4.17782,67.44490945258208,611_Charge15.csv,1901
4.19979,2.2323,25.23805,1260.0,0.0,4.34267,69.97984964736884,611_Charge15.csv,1901
4.19979,2.03818,24.50194,1320.0,0.0,4.49192,72.2751814823426,611_Charge15.csv,1901
4.19979,1.88749,24.29162,1380.0,0.0,4.62906,74.38386421762381,611_Charge15.csv,1901
4.19979,1.76489,24.6071,1440.0,0.0,4.75671,76.34723190989176,611_Charge15.csv,1901
4.19979,1.66784,24.92257,1500.0,0.0,4.8767,78.19241003384226,611_Charge15.csv,1901
4.19979,1.57333,24.71226,1560.0,0.0,4.99001,79.93489886073006,611_Charge15.csv,1901
4.19979,1.48394,24.39678,1620.0,0.0,5.09699,81.57986514764008,611_Charge15.csv,1901
4.19979,1.39455,24.0813,1680.0,0.0,5.19768,83.12860058384356,611_Charge15.csv,1901
4.19979,1.30771,24.0813,1740.0,0.0,5.29221,84.58239685861169,611_Charge15.csv,1901
4.19979,1.22853,24.39678,1800.0,0.0,5.38092,85.94642072902943,611_Charge15.csv,1901
4.19979,1.15191,24.50194,1860.0,0.0,5.46421,87.22713064145289,611_Charge15.csv,1901
4.19979,1.07273,24.50194,1920.0,0.0,5.5421,88.42517244051771,611_Charge15.csv,1901
4.19979,0.9961,24.0813,1980.0,0.0,5.61453,89.53860859231703,611_Charge15.csv,1901
4.19979,0.91693,24.0813,2040.0,0.0,5.68148,90.56808494148648,611_Charge15.csv,1901
4.19979,0.8403,24.0813,2100.0,0.0,5.74312,91.51618486656852,611_Charge15.csv,1901
4.19979,0.76879,24.0813,2160.0,0.0,5.79945,92.38226252292748,611_Charge15.csv,1901
4.19979,0.69983,24.18646,2220.0,0.0,5.8508,93.17213051228396,611_Charge15.csv,1901
4.19979,0.63597,24.0813,2280.0,0.0,5.89746,93.88966390245164,611_Charge15.csv,1901
4.19979,0.57212,23.97615,2340.0,0.0,5.93971,94.53938360587978,611_Charge15.csv,1901
4.19979,0.51593,23.97615,2400.0,0.0,5.9777,95.12322715647524,611_Charge15.csv,1901
4.19979,0.46229,23.87099,2460.0,0.0,6.01186,95.64894468986542,611_Charge15.csv,1901
4.19979,0.41377,23.97615,2520.0,0.0,6.04247,96.11976542922837,611_Charge15.csv,1901
4.19979,0.3729,24.0813,2580.0,0.0,6.06995,96.5421478209202,611_Charge15.csv,1901
4.19979,0.33203,23.97615,2640.0,0.0,6.09459,96.9212586220259,611_Charge15.csv,1901
4.19979,0.29883,23.87099,2700.0,0.0,6.11668,97.26097290035908,611_Charge15.csv,1901
4.19979,0.26563,23.87099,2760.0,0.0,6.13647,97.5651657237335,611_Charge15.csv,1901
4.19979,0.24009,23.97615,2820.0,0.0,6.15418,97.8377121599628,611_Charge15.csv,1901
4.19979,0.21455,23.97615,2880.0,0.0,6.17012,98.08248727686068,611_Charge15.csv,1901
4.19979,0.19411,23.87099,2940.0,0.0,6.18445,98.30272029760522,611_Charge15.csv,1901
4.19979,0.17368,23.87099,3000.0,0.0,6.19732,98.50099460073884,611_Charge15.csv,1901
4.19979,0.15836,24.0813,3060.0,0.0,6.20894,98.67924772016843,611_Charge15.csv,1901
4.19979,0.14303,23.97615,3120.0,0.0,6.21949,98.84200056834328,611_Charge15.csv,1901
4.19979,0.13026,23.87099,3180.0,0.0,6.22903,98.98860730062776,611_Charge15.csv,1901
4.19979,0.11749,23.87099,3240.0,0.0,6.23769,99.12165129556432,611_Charge15.csv,1901
4.19979,0.10727,23.97615,3300.0,0.0,6.24562,99.24371593169548,611_Charge15.csv,1901
4.19979,0.09706,23.97615,3360.0,0.0,6.25282,99.35415536438556,611_Charge15.csv,1901
4.19979,0.08939,23.76583,3420.0,0.0,6.25941,99.45555297217702,611_Charge15.csv,1901
4.19979,0.08173,23.87099,3480.0,0.0,6.26545,99.5485545997055,611_Charge15.csv,1901
4.19979,0.07662,23.97615,3540.0,0.0,6.27098,99.6338060916066,611_Charge15.csv,1901
4.19979,0.07152,23.87099,3600.0,0.0,6.27611,99.71259913715156,611_Charge15.csv,1901
4.19979,0.06385,23.76583,3660.0,0.0,6.28085,99.785579580976,611_Charge15.csv,1901
4.19979,0.0613,23.76583,3720.0,0.0,6.28522,99.8527474230799,611_Charge15.csv,1901
4.19979,0.05619,24.0813,3780.0,0.0,6.28928,99.9147485080989,611_Charge15.csv,1901
4.19979,0.05108,23.97615,3840.0,0.0,6.29308,99.9735203699398,611_Charge15.csv,1901
4.19979,0.04853,23.87099,3869.0,0.0,6.29479,100.0,611_Charge15.csv,1901
3.78613,2.99853,23.97615,0.0,0.0,0.18832,3.0896098115820183,611_Charge9.csv,1909
3.80905,2.99853,24.0813,60.0,0.0,0.37812,6.178601453934029,611_Charge9.csv,1909
3.83231,3.00108,24.18646,120.0,0.0,0.56905,9.268211265516047,611_Charge9.csv,1909
3.85524,2.99853,24.29162,180.0,0.0,0.76116,12.357821077098066,611_Charge9.csv,1909
3.87614,2.99853,24.50194,240.0,0.0,0.95436,15.446812719450076,611_Charge9.csv,1909
3.89586,2.99853,24.50194,300.0,0.0,1.14857,18.53642253103209,611_Charge9.csv,1909
3.91525,2.99853,24.6071,360.0,0.0,1.34376,21.6254141733841,611_Charge9.csv,1909
3.93446,2.99853,24.71226,420.0,0.0,1.53991,24.715023984966127,611_Charge9.csv,1909
3.95318,2.99853,24.71226,480.0,0.0,1.73702,27.804633796548146,611_Charge9.csv,1909
3.97138,2.99853,24.71226,540.0,0.0,1.93504,30.89424360813016,611_Charge9.csv,1909
3.98908,2.99853,24.81741,600.0,0.0,2.13395,33.983235250482174,611_Charge9.csv,1909
4.00661,2.99853,24.81741,660.0,0.0,2.33376,37.07284506206419,611_Charge9.csv,1909
4.0238,2.99853,24.81741,720.0,0.0,2.53443,40.1618367044162,611_Charge9.csv,1909
4.04133,2.99853,24.92257,780.0,0.0,2.73596,43.25144651599822,611_Charge9.csv,1909
4.05971,2.99853,24.92257,840.0,0.0,2.9384,46.34105632758024,611_Charge9.csv,1909
4.07926,2.99853,24.81741,900.0,0.0,3.14178,49.430666139162255,611_Charge9.csv,1909
4.10033,2.99853,24.81741,960.0,0.0,3.34618,52.52027595074428,611_Charge9.csv,1909
4.12275,2.99853,24.81741,1020.0,0.0,3.55165,55.60988576232629,611_Charge9.csv,1909
4.14584,2.99853,24.92257,1080.0,0.0,3.75826,58.69887740467831,611_Charge9.csv,1909
4.16961,3.00108,24.81741,1140.0,0.0,3.96605,61.78848721626032,611_Charge9.csv,1909
4.19287,2.99853,24.81741,1200.0,0.0,4.17501,64.87747885861232,611_Charge9.csv,1909
4.19995,2.62052,24.81741,1260.0,0.0,4.37441,67.81316453192225,611_Charge9.csv,1909
4.19995,2.31658,24.81741,1320.0,0.0,4.54649,70.3458038672667,611_Charge9.csv,1909
4.19979,2.10204,24.6071,1380.0,0.0,4.70073,72.61633944908759,611_Charge9.csv,1909
4.19995,1.94623,24.71226,1440.0,0.0,4.84218,74.6983334157559,611_Charge9.csv,1909
4.19979,1.81853,24.71226,1500.0,0.0,4.97378,76.63505761337224,611_Charge9.csv,1909
4.19979,1.7087,24.50194,1560.0,0.0,5.09713,78.45062064190694,611_Charge9.csv,1909
4.19979,1.61165,24.50194,1620.0,0.0,5.21313,80.15800405519015,611_Charge9.csv,1909
4.19979,1.51714,24.50194,1680.0,0.0,5.32248,81.76771673013205,611_Charge9.csv,1909
4.19979,1.4303,24.39678,1740.0,0.0,5.42564,83.2865585282627,611_Charge9.csv,1909
4.19979,1.34602,24.29162,1800.0,0.0,5.52286,84.71700212650215,611_Charge9.csv,1909
4.19979,1.26429,24.39678,1860.0,0.0,5.6143,86.06337470946048,611_Charge9.csv,1909
4.19979,1.18511,24.39678,1920.0,0.0,5.70007,87.32567627713763,611_Charge9.csv,1909
4.19979,1.10593,24.29162,1980.0,0.0,5.7803,88.5063795064537,611_Charge9.csv,1909
4.19979,1.02675,24.18646,2040.0,0.0,5.85492,89.60486622817862,611_Charge9.csv,1909
4.19979,0.94758,24.18646,2100.0,0.0,5.92404,90.62237278077248,611_Charge9.csv,1909
4.19979,0.87351,24.18646,2160.0,0.0,5.98777,91.56013550269522,611_Charge9.csv,1909
4.19979,0.79688,24.0813,2220.0,0.0,6.04623,92.42062707086691,611_Charge9.csv,1909
4.19979,0.72792,24.0813,2280.0,0.0,6.0996,93.2063201622076,611_Charge9.csv,1909
4.19979,0.66152,24.0813,2340.0,0.0,6.14809,93.92030562286732,611_Charge9.csv,1909
4.19979,0.59511,24.0813,2400.0,0.0,6.19203,94.5669106374561,611_Charge9.csv,1909
4.19979,0.53636,23.97615,2460.0,0.0,6.2317,95.15046239058404,611_Charge9.csv,1909
4.19979,0.48273,23.87099,2520.0,0.0,6.26732,95.67466989763118,611_Charge9.csv,1909
4.19979,0.4342,23.97615,2580.0,0.0,6.29928,96.14509668166758,611_Charge9.csv,1909
4.19979,0.38567,24.18646,2640.0,0.0,6.32786,96.5660699273033,611_Charge9.csv,1909
4.19979,0.34736,24.0813,2700.0,0.0,6.35353,96.94377132683844,611_Charge9.csv,1909
4.19979,0.3116,23.87099,2760.0,0.0,6.37653,97.28252806488304,611_Charge9.csv,1909
4.19979,0.2784,23.66067,2820.0,0.0,6.39715,97.58604915681715,611_Charge9.csv,1909
4.19979,0.24775,23.97615,2880.0,0.0,6.41556,97.85680727956084,611_Charge9.csv,1909
4.19979,0.22221,24.18646,2940.0,0.0,6.43207,98.09974778695415,611_Charge9.csv,1909
4.19979,0.19922,23.76583,3000.0,0.0,6.44682,98.31734335591712,611_Charge9.csv,1909
4.19979,0.17879,23.66067,3060.0,0.0,6.46006,98.51206666336977,611_Charge9.csv,1909
4.19979,0.16346,24.0813,3120.0,0.0,6.47204,98.68824489392216,611_Charge9.csv,1909
4.19979,0.14814,24.0813,3180.0,0.0,6.48294,98.84896889372436,611_Charge9.csv,1909
4.19979,0.13537,23.87099,3240.0,0.0,6.49284,98.99423866277633,611_Charge9.csv,1909
4.19979,0.1226,23.66067,3300.0,0.0,6.50179,99.12590870876812,611_Charge9.csv,1909
4.19979,0.10983,23.76583,3360.0,0.0,6.50994,99.24583353938976,611_Charge9.csv,1909
4.19979,0.10216,23.97615,3420.0,0.0,6.51731,99.35463132387122,611_Charge9.csv,1909
4.19979,0.09195,24.0813,3480.0,0.0,6.52401,99.45292023144256,611_Charge9.csv,1909
4.19979,0.08429,23.87099,3540.0,0.0,6.53016,99.5437911082538,611_Charge9.csv,1909
4.19979,0.07662,23.76583,3600.0,0.0,6.5358,99.62662578507492,611_Charge9.csv,1909
4.19979,0.07152,23.76583,3660.0,0.0,6.54099,99.70327876959595,611_Charge9.csv,1909
4.19979,0.06641,23.97615,3720.0,0.0,6.54579,99.77375006181693,611_Charge9.csv,1909
4.19979,0.0613,23.97615,3780.0,0.0,6.55025,99.8392760001978,611_Charge9.csv,1909
4.19979,0.05619,23.76583,3840.0,0.0,6.5544,99.90047475396864,611_Charge9.csv,1909
4.19979,0.05364,23.76583,3900.0,0.0,6.55822,99.95672815389942,611_Charge9.csv,1909
4.19979,0.04853,23.66067,3949.0,0.0,6.56118,100.0,611_Charge9.csv,1909
